Road ID,Shapefile ID,Road Name,PCI,Road Quality,Running PCI,Surface Material,Material Thickness,Length,Width,Lifespan,Remaining Surface Life,Asset Value,Road Surface,Area,Road Owner,Road Category,Traffic Volume,Year Resurfaced,Road From,Road To
01KP4C8DY5HKE2W86KEZQCCSJ7,{64AA7D14-E336-463C-9929-3B4B6D91F44B},FUJI ST,98,A,'-1,asphalt,2,232.6784310814374,50,20,13 Years and 4 Months,22163.54388761438,paved,,City,Local,,,,HONEYCRISP ST
01KP4C8AS3S3JB69A0BD6N7A6Q,{CCBD2E11-4B12-46F3-9DA1-9FA02F697E43},MUTE SWANN ST,93,A,'-2,asphalt,2,160.42263762213966,50,20,10 Years and 7 Months,14157.297770153824,paved,,City,Local,,,TUNDRA SWANN LN,
01KP4C838F5WA4N6JT6DAS4C0T,{9FC9760F-1BE7-4863-8794-2479340CC006},CEDARCREST CIR,91,A,'-3,asphalt,2,190.6053221914335,40,20,9 Years and 11 Months,13029.537786502022,paved,,City,Cul-de-sac,,,OLD STONEHOUSE WAY,
01KP4C85JD94BG22NNBN8D1WT4,{0402F8B8-968E-49F2-A9AA-699ECA09639F},ORCHARD CIR,90,A,'-3,asphalt,2,212.67831844595133,60,20,9 Years and 7 Months,21450.12754612023,paved,,City,Cul-de-sac,,,,
01KP4C8DTTQT4W3YE6NWZP864P,{BDA93CC2-A796-45EC-A006-015350199203},HEMLOCK DR,87,A,12,asphalt,2,65.37402591846231,50,30,13 Years and 1 Months,5219.80466470389,paved,,City,Local,,,,
01KP4C7ZEXSNYT1NP890Y0J4EH,{8029884D-A3EC-4F75-9847-12DCCD7251A8},SPRINGWOOD DR,86,A,'-2.75,asphalt,2,1100.536832664009,50,20,8 Years and 6 Months,86331.0004289767,paved,,City,Local,,,ALEXANDER DR,OLD CREEK TRL
01KP4C7QV7AV9VAJP85XPY8HC7,{6EBD6B6C-6AC6-49CE-BA20-17799C4810F7},COUNTRY SQUIRE RD,86,A,0.2,asphalt,2,1117.3994728741877,60,20,8 Years and 6 Months,105184.53704655686,paved,,City,Local,,,OLD COUNTRY RD,HONEYSUCKLE DR
01KP4C7QV5SB6Y0VE1XQK3NVCP,{A9172A49-5B1D-4DE9-8088-7696B9D5A3D3},COUNTRY SQUIRE RD,85,A,'-0.37,asphalt,2,1227.531677187152,60,20,8 Years and 3 Months,113488.22625042168,paved,,City,Local,,,HONEYSUCKLE DR,ROCKY HILLS DR
01KP4C7VZDKR73Y8G2CKT4R5VF,{E2AFFFCD-06B4-48D5-93DA-21924FA8222B},ENTERPRISE DR,85,A,'-4,asphalt,2,185.0300148290597,80,20,8 Years and 3 Months,22808.620558134568,paved,,City,Local Commercial,,,TECHNOLOGY PKWY,
01KP4C7RDH7G0XPHE2E4HG3JEF,{A4770943-7D4F-44A4-B971-6BB978BEFF57},WHOOPER LN,85,A,4.25,asphalt,2,454.67918118169945,50,20,8 Years and 3 Months,35030.14405810593,paved,,City,Local,,,TRUMPETER ST,CYGNUS ST
01KP4C7ZEWY3DX2V5X0RTAKHRA,{9B5DF174-AAC2-4BF6-80E3-DF3864BEE3DF},SPRINGWOOD DR,85,A,'-3.69,asphalt,2,933.9774834454653,50,20,8 Years and 3 Months,71957.0350837052,paved,,City,Local,,,ROCKDELL LN,ALEXANDER DR
01KP4C8AS4N7W98HVB8PDSAQ9D,{9563E78D-A8EC-4FDE-A190-DF18E6807DAF},MUTE SWANN ST,85,A,'-6.12,asphalt,2,281.1198933078521,50,20,8 Years and 3 Months,21658.50289115852,paved,,City,Local,,,COSCOROBA RD,TUNDRA SWANN LN
01KP4C8DVYME4S5TJM57YE1P5R,{C1845F3A-733B-457C-8DA0-6EC80773120E},OLD FOREST WAY,85,A,'-4,asphalt,2,2756.8176800357296,50,20,8 Years and 3 Months,212395.29864243526,paved,,City,Local,,,SAGE MEADOW CIR,PINE NEEDLE PL
01KP4C7Z2DCWQCH2QKFFXSR5WP,{A25039A8-6E3F-4233-A295-618E2F7F948B},GENELDA AV,85,A,'-10,asphalt,2,43.48124484448538,24,20,8 Years and 3 Months,1607.9778450584452,paved,,City,Local,,,ANN ST,
01KP4C8DTH5KVSB2B2345JVN0H,{7CE1DB97-4B99-4A4B-A467-165E27378EA6},E UNIVERSITY DR,85,A,0.56,asphalt,2,483.63806568174704,80,28,11 Years and 7 Months,59617.98758864201,paved,,City,Arterial,,,WRIGHTS MILL RD,
01KP4C8AM1F7ZEV3EMNMXW2VEY,{D520CB65-C6DF-47AD-9BE2-74BA9BA54CDD},PAUL PARKS LN,85,A,0.95,asphalt,2,1232.4363534643965,100,20,8 Years and 3 Months,189902.79208342268,paved,,City,Local Commercial,,,INNOVATION DR,
01KP4C82WYZPMPZEXG5MRD4XBZ,{09FFB692-3AB0-4146-8CEB-FDFEC569277B},SANDHILL RD,85,A,'-0.54,asphalt,2,1582.0594262363331,80,8,3 Years and 4 Months,195020.2143516089,paved,,City,Arterial,,,GOLF CLUB DR,STANFIELD DR
01KP4C8AQEM3102SEQMM4K6VAE,{B7215EC1-798C-4C18-958B-ABBBDDAFD717},SHROPSHIRE DR,84,B,'-1.67,asphalt,2,723.283550170966,50,20,8 Years,54711.23425936093,paved,,City,Local,,,RUTLAND RD,MIMMS TRL
01KP4C7W50JEZFBG5D2TM4B7D1,{925FD8B8-6FD3-4133-A6A3-E5F8206E9CEA},SOUTHVIEW DR,84,B,'-1.86,asphalt,2,2186.3765710164575,40,20,8 Years,132307.01649751017,paved,,City,Collector,,,ECHOLS DR,THREAT CT
01KP4C7YRYS0XN7NSQH7XZ0BR1,{1CC5351D-93B0-4C2D-A71E-5295501C7C61},SPRINGWOOD DR,84,B,'-2.16,asphalt,2,1886.8401599029435,50,20,8 Years,142725.9806669441,paved,,City,Local,,,,ROCKDELL LN
01KP4C85J38T2Q7NS2QR4FZ0HR,{96348ADB-E3E9-46A4-8660-F77C623B8772},GARDNER DR,84,B,'-7,asphalt,2,82.04822741820031,50,20,8 Years,6206.36234541958,paved,,City,Local,,,,
01KP4C8AR0A0WBZA0VCPPK72JE,{C46452BB-1DB1-4349-B95F-97F60D7B6E86},CINDY LN,84,B,'-4,asphalt,2,169.0837636397091,50,20,8 Years,12789.978978175137,paved,,City,Local,,,CRESCENT BLVD,
01KP4C8E5VPKNJN5YJKEEGFGVB,{BC8EB9BE-1747-48E0-9BD7-D7739D8B519C},ROSEGREEN LN,84,B,'-3.25,asphalt,2,755.9819005198879,50,20,8 Years,57184.630903611505,paved,,City,Local,,,FOSTER ST,SLAUGHTER AV
01KP4C8AAWWDR5MS8C5SVC1R0P,{1B8E71F6-1EB7-4551-A29A-5B3621483146},SAMFORD VILLAGE CT,84,B,'-4,asphalt,2,826.01297486289,24,20,8 Years,29991.351098736017,paved,,City,Local Commercial,,,E SAMFORD AV,
01KP4C7Z2BMXSATM0Y8BYGP7FX,{0B03D3E8-6796-4A3A-87B2-36963A54A596},ANN ST,84,B,5.75,asphalt,2,531.8505027649368,30,20,8 Years,24138.414961202914,paved,,City,Local,,,W MAGNOLIA AV,GENELDA AV
01KP4C833JM4GS6K1AQKXB0T3Y,{8DC1D7D4-CB98-4E45-8D3F-E71D20830F47},MEADOWBROOK DR,84,B,'-0.5,asphalt,2,44.77825888827692,50,20,8 Years,3387.1554401918042,paved,,City,Local,,,,
01KP4C7R5XJ0NQ3MS2PGNYGKFT,{9A1C91DE-BB48-4E40-B00D-11DF13AB3421},YARBROUGH FARMS BLVD,84,B,4.13,asphalt,2,28.32918251969541,50,6,2 Years and 5 Months,2142.9003063112455,paved,,City,Residential Collector,,,,CLUB VIEW CT
01KP4C8AFKNGKHPNWVDGTSZ4BD,{49EB04D3-83B5-4781-AFEA-BF59734FA752},WEST RICHLAND CIR,84,B,'-3.75,asphalt,2,347.8885761691817,50,20,8 Years,26315.28586879739,paved,,City,Local,,,DUNKIRK CIR,GALLIPOLI CT
01KP4C8AKYJASBZCK1HHT6SV5X,{1B18656C-C11C-4193-9497-66DF2A1F4E10},INNOVATION DR,84,B,1.58,asphalt,2,681.6493287108144,100,20,8 Years,103123.80558639321,paved,,City,Local Commercial,,,,PAUL PARKS LN
01KP4C8DYCMW5BRPZV9E0ZGM17,{30BF1E9F-89A1-420A-8E65-F12648A0E864},BLAKENEY LN,84,B,'-7.5,asphalt,2,187.12438761380315,50,20,8 Years,14154.623320215538,paved,,City,Local,,,KENNESAW LN,
01KP4C8E5WKYZDPEFBCETC9TCB,{F6AEA57A-BB7E-4A2D-8260-6BDFE53C877E},SLAUGHTER AV,84,B,2.5,asphalt,2,289.4163966019429,50,20,8 Years,21892.283142961252,paved,,City,Local,,,,ROSEGREEN LN
01KP4C8DTTQ05YXXAZB9XRBN2F,{27E013A1-ACBE-4828-9CD1-1E110E043220},HEMLOCK DR,84,B,11.5,asphalt,2,244.85271924689476,50,14,5 Years and 7 Months,18521.359263032966,paved,,City,Local,,,,
01KP4C8DRV5P84GKD03E4KQTXY,{455F8731-AFA3-44B4-9775-D93E9B8A4F52},,84,B,'-13.75,concrete,2,154.4831012187965,24,6,2 Years and 5 Months,3283.869351622417,paved,,City,Driveway,,,,
01KP4C8AS3QRD326WZGWRARJMG,{6C689C55-CCDF-40C3-9031-0D538929ABF9},TUNDRA SWANN LN,84,B,'-9.75,asphalt,2,388.35762737742755,50,20,8 Years,29376.4805280497,paved,,City,Local,,,MUTE SWANN ST,CYGNET LN
01KP4C8AR1ZMD01T5DQS3N3WEX,{F262D6D8-118E-4915-B3DC-C573F96A866F},RUTLAND RD,84,B,'-8.37,asphalt,2,352.3447384355339,50,30,12 Years,26652.36271451645,paved,,City,Local,,,CHRISTINA LN,FAUNSDALE RD
01KP4C7ZEPXBAJWRERHDENW17T,{081F1844-A16D-468A-B861-40984E6AEEA0},WATERCREST DR,84,B,'-1.62,asphalt,2,535.8159539322763,60,28,11 Years and 3 Months,48636.779589795486,paved,,City,Residential Collector,,,POTOMAC DR,MERIMONT BLVD
01KP4C7YW2A2Q12EKHJFRVXVXW,{B50DC574-5457-4F1D-BC55-C66578D4A4ED},E UNIVERSITY DR,84,B,1.75,asphalt,2,181.05447845695818,80,20,8 Years,21912.764878390706,paved,,City,Arterial,,,ARNELL LN,TERRACE ACRES DR
01KP4C7W1C4XTEQTNB4RRWMFWP,{FB8FC052-EF7F-4A9F-9CEE-1EEEC2223A15},LONGWOOD DR,84,B,'-0.19,asphalt,2,980.1606992103868,60,20,8 Years,88970.5868968971,paved,,City,Residential Collector,,,OGLETREE RD,DAWN DR
01KP4C8AQEFDGTWF6TBTJAS7BX,{2EB58E44-3E31-43A7-90A6-93D48621D105},RUTLAND RD,83,B,'-7.87,asphalt,2,352.1424349036924,50,30,11 Years and 8 Months,26143.781010369763,paved,,City,Local,,,FAUNSDALE RD,SHROPSHIRE DR
01KP4C7YZ7FFE4G4DP4ZMSN7D0,{A5C43F1C-AEDE-4E5D-A5B2-8667CFE5C96D},WEBSTER RD,83,B,'-7,asphalt,2,280.53232080262035,80,10,3 Years and 11 Months,33323.67739616651,paved,,City,Collector,,,,MCMILLAN ST
01KP4C8ABRD4HAB96X19RGSCVJ,{32FED5D3-D049-47D2-A3E5-4022EDE90067},BARKSDALE LN,83,B,'-2.62,asphalt,2,412.32937032384916,50,20,7 Years and 10 Months,30612.183291225767,paved,,City,Cul-de-sac,,,,
01KP4C8AC8H7Z0QMXXA0K766FE,{F0FDB763-9753-4892-BBC7-93D42F2FF1DC},OPELIKA RD,83,B,11.5,asphalt,2,317.43184834541137,100,28,10 Years and 11 Months,47133.5908785262,paved,,City,Arterial,,,2ND AV,1ST AV
01KP4C7RKNQGA8HAMSQMGM2BYX,{5FC479C5-81B5-48E4-A773-C2F25EE52D59},MALLARD LN,83,B,'-4,asphalt,2,161.15129103895427,50,20,7 Years and 10 Months,11964.204381142046,paved,,City,Local,,,DOWNS WAY,
01KP4C7RDK361ZTS62YP6DFJ7P,{C93DFD88-9AB8-40F7-AA0C-704489A670D5},BLACK SWANN RD,83,B,'-2.75,asphalt,2,458.39998240703994,50,20,7 Years and 10 Months,34032.560598624244,paved,,City,Local,,,TRUMPETER ST,COB LN
01KP4C7RGHXR9RSTKRJHGE3PB5,{72B88BC3-97AC-4DB9-8F11-51F23565639D},ROCKHOUSE FARMS RD,83,B,'-4,asphalt,2,1600.5862288156936,60,20,7 Years and 10 Months,142596.98930910864,paved,,City,Cul-de-sac,,,BRIDLEWOOD DR,
01KP4C7RJTMJKYC8TP09Y3ZBVV,{BB501FF6-FB5E-4945-9049-92698E9962D5},ATWOOD LN,83,B,'-4,asphalt,2,623.0876583397353,50,20,7 Years and 10 Months,46259.313491579785,paved,,City,Cul-de-sac,,,FLEETWOOD ST,
01KP4C7W14XCV2XHDQF9AY6B8R,{2A50E390-E3BF-4612-AEB5-8B054A8031B8},S EVERGREEN DR,83,B,0.88,asphalt,2,553.9956460675526,60,20,7 Years and 10 Months,49355.73591560876,paved,,City,Local,,,KALLIBROOKE LN,JANABROOKE LN
01KP4C7YWJCBR529B5DQDWXZDC,{9606187F-04D1-405E-AC53-B2EF80FBE08C},OLD MILL RD,83,B,10.13,asphalt,2,283.33751752320205,50,20,7 Years and 10 Months,21035.561965641216,paved,,City,Residential Collector,,,S DEAN RD,
01KP4C7W1GTDPFZ4XYAXPPGFCH,{6D5EB052-1555-41FC-AAF2-7C9C5F9E6015},WHITE OAK LN,83,B,3,asphalt,2,738.7345921911783,50,20,7 Years and 10 Months,54845.180497241075,paved,,City,Cul-de-sac,,,OGLETREE RD,
01KP4C82WAXA86J13CGSKSCRZB,{429AB1F9-6220-442C-8DB7-BB2A1331DE95},ANNALUE DR,83,B,4.55,asphalt,2,1132.4173414039115,60,20,7 Years and 10 Months,100887.60019202753,paved,,City,Collector,,,THORPE ST,BURKE PL
01KP4C7R21SXX8AM20S3F4E26A,{EF9C1697-A3FA-42B3-919A-E9BF18EAA786},WATERCREST DR,83,B,'-1,asphalt,2,797.3129422607205,24,28,10 Years and 11 Months,28413.195879534895,paved,,City,Residential Collector,,,MONTICELLO DR,BETHESDA CT
01KP4C7QXJ4MPZDH4T7GK2XC74,{DE57AFAC-5992-4AB8-BB65-B61DF85F6005},RICK DR,83,B,7.75,asphalt,2,237.73731635697797,50,20,7 Years and 10 Months,17650.108935407545,paved,,City,Local,,,BRITNEE CT,AMY CT
01KP4C82MR0CX3PBRCNWBDV9X3,{CA669A82-87A6-4E8C-BA37-568C1E272BCE},E UNIVERSITY DR,83,B,1,asphalt,2,360.1121722459718,80,20,7 Years and 10 Months,42776.75320984054,paved,,City,Arterial,,,TERRACE ACRES DR,ELKINS DR
01KP4C85JMG6Q2XAHVHRKM6DZZ,{3B5FF6C3-1405-47D8-8273-ACF656E4E6E3},ANNALUE DR,83,B,10.5,asphalt,2,332.95939797912484,60,20,7 Years and 10 Months,29663.5113180545,paved,,City,Collector,,,KALYPSO CIR,KALYPSO CIR
01KP4C7Z1Z8RZ1TQG12QSBXQK6,{BEA8719D-C3A4-4774-BD26-E931F28629DA},W MAGNOLIA AV,83,B,'-7.25,asphalt,2,427.0700420678561,50,8,3 Years and 1 Months,31706.561178759992,paved,,City,Collector,,,ANN ST,VILLAGE VIEW LN
01KP4C85HA9KQV8C9GQQ3PGRZQ,{0E1B7B93-10ED-4BAC-9E73-E510303565BE},BRIDLEWOOD DR,83,B,'-7.5,asphalt,2,1294.3163286542156,24,20,7 Years and 10 Months,46124.50322436517,paved,,City,Local,,,SHELTON MILL RD,ROCKHOUSE FARMS RD
01KP4C8AKZSD4TVE2WNFSRN20W,{7D86C18F-B9F8-4038-A1BC-692473B319D1},INNOVATION DR,83,B,'-5.5,asphalt,2,1160.3770782179695,100,20,7 Years and 10 Months,172297.57743158724,paved,,City,Local Commercial,,,PAUL PARKS LN,RILEY ST
01KP4C8AFHWK08VBZ8H18B188X,{95A54B8A-1B36-406F-8362-253B0D76496A},WEST RICHLAND CIR,83,B,2.45,asphalt,2,1270.2727314751266,50,20,7 Years and 10 Months,94307.66878241325,paved,,City,Local,,,GALLIPOLI CT,ANDERSON CT
01KP4C8AQGNGX14VZ6828W2HVW,{9186B7F8-0A87-4A2B-8208-9B7DF196CA2B},IRON ST,83,B,'-4,asphalt,2,170.60265242227203,50,20,7 Years and 10 Months,12665.89295304876,paved,,City,Local,,,DRIVER LN,
01KP4C8AB8HMW2DPGRDCK7X64Y,{AB35531B-677F-477E-A2CA-8B2F103DF2FE},MIMMS TRL,83,B,'-1.31,asphalt,2,868.2444028722472,50,22,8 Years and 7 Months,64460.25608467012,paved,,City,Local,,,RUTLAND RD,CHRISTINA LN
01KP4C82VSMB129HY386HV37QD,{3245C2EF-17BB-4AA2-A8F8-7D7A1B569170},TURN LAKE DR,83,B,0,asphalt,2,110.10383754907394,50,6,2 Years and 4 Months,8174.33609803819,paved,,City,Local,,,,
01KP4C82VNWBXHAFZWY78M3HMH,{3BB568FE-426D-46B9-8C3C-63EDB680965A},TURN LAKE DR,83,B,'-0.12,asphalt,2,433.71182409240413,50,6,2 Years and 4 Months,32199.660781526938,paved,,City,Local,,,,
01KP4C7R1CYSJV9SN7M44D3DVH,{246015BF-75BC-43A3-A720-05B18772AEB2},SAUGAHATCHEE RD,83,B,'-6,asphalt,2,190.8747122333654,60,20,7 Years and 10 Months,17005.11900559063,paved,,City,Local,,,TOWNSEND CT,SCOTTWOODS DR
01KP4C7QVVD0P78VEVSZWHW53M,{EA0C5A58-8EB3-4F5A-8C7A-56659E48B995},W MAGNOLIA AV,83,B,'-9.25,asphalt,2,336.40650753446596,50,6,2 Years and 4 Months,24975.513291517156,paved,,City,Collector,,,S DONAHUE DR,ANN ST
01KP4C7QZ9DW922P6HWPV9X3GB,{642306CC-B1CC-4328-B819-A3497DFBD6FD},YARBROUGH FARMS BLVD,83,B,2.69,asphalt,2,308.82096948656783,24,6,2 Years and 4 Months,11005.202891665138,paved,,City,Residential Collector,,,CLUB CREEK DR,
01KP4C8DRV9P1KH1VPC9W7XY9T,{C4AC50EC-7F20-4F70-9A2A-6C24DF5F9D99},,83,B,14.25,concrete,2,660.7203708949173,24,28,10 Years and 11 Months,13784.934214353638,paved,,City,Driveway,,,,
01KP4C82KJF3KTRMNEAENJET4T,{99E0B81D-64DB-44A4-B0B4-8FE4C6659DA8},WIRE RD,83,B,'-3.62,asphalt,2,181.34152202377226,80,28,10 Years and 11 Months,21541.070066938126,paved,,City,Arterial,,,,TIGERS TAIL TRL
01KP4C7Z2MMFFG6JFZKEMPJJSV,{442CFA35-EB6C-44D4-9E0F-3B3D333B993E},HEMLOCK DR,83,B,10.75,asphalt,2,552.696853931942,50,6,2 Years and 4 Months,41033.354921478975,paved,,City,Local,,,W MAGNOLIA AV,
01KP4C7QQQ1GBC1SJM25BBNS43,{AC2340E6-D830-480B-95A7-C79FF8B441CC},BINFORD DR,83,B,5.15,asphalt,2,1323.8304476460432,24,20,7 Years and 10 Months,47176.27399049489,paved,,City,Collector,,,WRIGHTS MILL RD,
01KP4C85PGWZ6WJXND0EMSK605,{1E7CDD28-1ED3-4F6D-B5B6-5A5880BBE52D},EAST LAKE BLVD,83,B,'-4.75,asphalt,2,385.40567283541174,50,20,7 Years and 10 Months,28613.312432848095,paved,,City,Local,,,GLENDALE CIR,LIVVY LN
01KP4C7W69JSVQ2E3NVEYKYKWP,{74253082-DFFB-41D4-A650-BC50580F1F58},E UNIVERSITY DR,83,B,5.75,asphalt,2,270.5905832601957,80,16,6 Years and 3 Months,32142.7252204127,paved,,City,Arterial,,,FERNDALE DR,FERNDALE DR
01KP4C7RD2AT5K87CPJR7AM9FS,{C48EE449-0139-467A-A699-66FAC46430AA},BEAVER DR,82,B,'-4,asphalt,2,594.134713965547,50,20,7 Years and 7 Months,43277.52702203009,paved,,City,Local,,,FORREST CV,BLUEBIRD DR
01KP4C7R0JPFX6H8AWC071PC39,{0FF2ECFE-D41A-425D-A747-166C8EDACA6B},RICK DR,82,B,5.75,asphalt,2,275.84221428174703,50,20,7 Years and 7 Months,20092.69716411011,paved,,City,Local,,,AMY CT,AUBIE DR
01KP4C8ACH9HE6Q6QAJ5E31NNA,{73B64D71-EA0B-40BA-B6EF-FE753F23E6D5},FINN TER,82,B,3,asphalt,2,395.75841750411047,50,28,10 Years and 8 Months,28827.545681370837,paved,,City,Local,,,SEQUOIA DR,FORREST CV
01KP4C7RHYBP11CW7PSNJBSWHJ,{22271C5D-12AB-4BE0-A389-A86DBBEFD04A},FORGE ST,82,B,'-4,asphalt,2,288.01978374794186,50,20,7 Years and 7 Months,20979.72678760802,paved,,City,Local,,,KENNESAW LN,
01KP4C7RJSKSNQSR83ZEVYHGXG,{C7ABCF95-8CDC-4C91-AD12-881E27FED4DB},HARTWOOD ST,82,B,'-4,asphalt,2,572.4511932684719,50,20,7 Years and 7 Months,41698.07183982568,paved,,City,Cul-de-sac,,,FLEETWOOD ST,
01KP4C7QRHFA5A3RM6SP8JJK9D,{19B677A4-5628-48EE-80B6-A9529F44A093},SAUGAHATCHEE RD,82,B,5.5,asphalt,2,399.78366421278275,60,20,7 Years and 7 Months,34944.8997156659,paved,,City,Local,,,SCOTTWOODS DR,EAST LN
01KP4C8DY1TJH7NMWG1F1TCBG3,{989F8898-95FF-48FF-AE03-76D3B96B1FF4},WINN DR,82,B,'-4,asphalt,2,429.9505165970486,50,20,7 Years and 7 Months,31318.141597838974,paved,,City,Local,,,FOX TRL,FOX TRL
01KP4C8AR1QVV1M4V8P8PN33WC,{F3C2E662-05EB-40D8-8BCE-88718015B76B},CHAPEL HEIGHTS DR,82,B,2.58,asphalt,2,826.9403026557372,50,20,7 Years and 7 Months,60235.38172836791,paved,,City,Local,,,FERNWOOD CIR,
01KP4C7W0KXK1JCRG3E8F7596S,{FD2AF4E3-3D14-4C46-B3E0-EDD425150478},SPRINGWOOD DR,82,B,'-1.72,asphalt,2,1104.4848896180956,50,20,7 Years and 7 Months,80452.08188027683,paved,,City,Local,,,SPRINGWOOD CT,
01KP4C7RCVF2N493KR4N11JJXF,{369B367F-E54E-4D6D-8604-3F9BF1969698},BLUEBIRD DR,82,B,'-0.19,asphalt,2,1005.2686027008517,50,20,7 Years and 7 Months,73225.04155228901,paved,,City,Local,,,FINN TER,CEDAR PL
01KP4C85ZKSGWACNY2955NDD42,{A690527E-3121-439F-A81C-A6ED76E2C422},WEATHERFORD ST,82,B,'-5.56,asphalt,2,839.5860502278862,50,20,7 Years and 7 Months,61156.51403961538,paved,,City,Local,,,GARRISON LN,WALDEN LN
01KP4C7Z2PBDWEQRR9DPEXDMST,{65B4C3F4-217A-4E5D-AE4D-05C85B067C35},N DONAHUE DR,82,B,21,asphalt,2,282.0757807584857,30,22,8 Years and 4 Months,12328.054837149433,paved,,City,Arterial,,,SPENCER AV,WESTVIEW DR
01KP4C897HV75T8ZNSVQA3RNPE,{8A5EA026-14CF-47AA-9BB2-48B2DC4A8DC5},MIMMS LN,82,B,'-2.67,asphalt,2,798.9610214376614,50,20,7 Years and 7 Months,58197.335355197276,paved,,City,Local,,,DEEVES LN,PAM ST
01KP4C7RB72FY2HW9BKZK1SE0X,{B94E42E7-9674-475B-9CB1-F59CA2462993},YARBROUGH FARMS BLVD,82,B,3,asphalt,2,272.1561066494711,24,6,2 Years and 3 Months,9515.614273633699,paved,,City,Residential Collector,,,CLUB CREEK DR,
01KP4C8E5P1DEC6YGH92HK9J5D,{AFAB5C86-B604-4191-995E-8B9C44A785C2},YARBROUGH FARMS BLVD,82,B,3,asphalt,2,374.571057725686,60,6,2 Years and 3 Months,32741.077788631872,paved,,City,Residential Collector,,,WHISTLING STRAITS DR,BIRDIE LN
01KP4C8A8GVQ5Y7CCH7SDHJ91S,{B405B8E9-DD88-439D-8C1E-2410EEC88D06},MIMMS TRL,82,B,1.75,asphalt,2,436.2234304335974,60,20,7 Years and 7 Months,38130.082328757686,paved,,City,Local,,,PAM CIR,PAM CIR
01KP4C7RJ893WH1QY0WZ2PZKXF,,ANNEX ST,82,B,'-4,asphalt,2,1622.2023984657828,100,20,7 Years and 7 Months,236326.56528760243,paved,,City,Local Commercial,,,MCLOWERY ST,
01KP4C82FMTVQTM97D45N3AMK2,{72ED7F6A-8C32-4398-9BB2-631AA670FEDC},WHATLEY RD,82,B,'-2.67,asphalt,2,340.896783645735,60,20,7 Years and 7 Months,29797.62552667196,paved,,City,Local,,,COMMERCE DR,
01KP4C7ZJ9ZR5BC6ZF0XDH3XA6,{87AC5BCB-BE2F-4906-927E-159204AC444C},VFW RD,82,B,'-3.12,asphalt,2,288.6540965828214,60,20,7 Years and 7 Months,25231.11712797271,paved,,City,Residential Collector,,,DRESDEN LN,
01KP4C8DQB63F8YD3T31N6AKRT,{DDA4FFD8-5C49-43ED-8EFB-3EE52C6EA101},S DONAHUE DR,82,B,'-2,asphalt,2,576.1249275298063,60,6,2 Years and 3 Months,50358.80557017678,paved,,City,Arterial,,,S COLLEGE ST,
01KP4C8392PF63MWPA88C7NH61,{189A4E77-A718-4949-93C9-A53CDAB366B4},TUSCANY HILLS DR,82,B,12,asphalt,2,27.979302761215276,24,20,7 Years and 7 Months,978.2630123521286,paved,,City,Residential Collector,,,QUARRY PL,QUARRY PL
01KP4C8A8WD54MWT3BPBPSZSAC,{6C250B7C-F629-4F18-B360-5136C8E54960},INNOVATION DR,82,B,6.42,asphalt,2,791.6635077851937,100,20,7 Years and 7 Months,115331.55038813503,paved,,City,Local Commercial,,,RILEY ST,WEST TECH LN
01KP4C861N9QAXBB9ZBJN4CYCG,{F595C302-6A6F-4510-AE84-EA089B01704A},DEEVES LN,82,B,'-4,asphalt,2,158.68543817751413,30,20,7 Years and 7 Months,6935.3092933010685,paved,,City,Alley,,,MIMMS LN,EARLS LN
01KP4C8A8W6AC5YA0DH2EBW6M1,{DD7196C6-47C2-4666-B7F7-960BD9C9F000},MIMMS TRL,82,B,'-6.37,asphalt,2,981.8225675956844,60,30,11 Years and 5 Months,85820.64309898276,paved,,City,Local,,,WESTOVER ST,BROOKSHIRE CT
01KP4C8AAQTA7FEQDEY2Q3R914,{7408A245-A744-4CAB-8FF9-132FF993C035},TALON CT,82,B,'-4,asphalt,2,421.0868765038483,50,20,7 Years and 7 Months,30672.502798034286,paved,,City,Cul-de-sac,,,S COLLEGE ST,
01KP4C8ABNQ314MK4HYHC13KMR,{E79E1130-4527-4EF8-A425-D43358F3EE57},DUNKIRK CIR,82,B,3.3,asphalt,2,633.6554172188852,50,20,7 Years and 7 Months,46156.26523202324,paved,,City,Local,,,,DUNKIRK CT
01KP4C8DY293QVT45PSPEF4F3M,{0E075EA9-62AF-481B-B324-B23F49443121},FOX TRL,82,B,'-4,asphalt,2,121.62265006619154,50,20,7 Years and 7 Months,8859.148272281795,paved,,City,Local,,,,WINN DR
01KP4C8DY2K5DTBBVSQYZX8M49,{E7128CCD-1726-434A-B1B9-12BF94E49B24},FOX TRL,82,B,'-4,asphalt,2,120.49489991344579,50,20,7 Years and 7 Months,8777.001519092106,paved,,City,Local,,,WINN DR,
01KP4C8E5HAMTV9DHKFNR9PDFW,{C083CE5B-A580-4057-A2A3-0C1A54E4484E},TIGER LILY DR,82,B,'-4.35,asphalt,2,1828.8792625401195,50,20,7 Years and 7 Months,133217.88786978743,paved,,City,Local,,,KENAI PASS,STILLWATER DR
01KP4C7YYEA5AC37JJJ4J5J4T8,{7B580C8A-E79A-404A-9DE5-5ABDB24A7FA7},E UNIVERSITY DR,82,B,'-4.75,asphalt,2,532.6907083964685,80,20,7 Years and 7 Months,62082.98821159094,paved,,City,Arterial,,,BLAKE ST,HARDWOOD ST
01KP4C82GCHTJAG11MX86Z0PS0,{43BADC8D-F179-4D4D-8CC4-FD59B66F12A4},E UNIVERSITY DR,82,B,3.5,asphalt,2,331.0698294373057,80,12,4 Years and 7 Months,38584.87485175354,paved,,City,Arterial,,,KIMBERLY DR,CRICKET LN
01KP4C8E5P30QAR6CMSC8QTNSR,{C7831241-DC10-4748-800D-65D4CF79B22C},YARBROUGH FARMS BLVD,82,B,8,asphalt,2,842.8128893363134,24,6,2 Years and 3 Months,29467.949326966413,paved,,City,Residential Collector,,,PING CT,PING CT
01KP4C8DX9F28KDCQTQ4NHVPAX,{FF56F920-D95D-4BB9-90E6-57D1A79537F6},RUTLAND RD,82,B,'-0.5,asphalt,2,699.0729536207864,50,24,9 Years and 1 Months,50921.361653425214,paved,,City,Local,,,MIMMS TRL,SHAGBARK LN
01KP4C7W1AYRP95KSBYMTAXG1S,{5B7FBBBC-2E31-4B72-A8A5-0BEEF4AF5BCF},SPRINGWOOD DR,82,B,2.16,asphalt,2,964.589342317772,50,20,7 Years and 7 Months,70261.91256978184,paved,,City,Local,,,OGLETREE RD,SPRINGWOOD CT
01KP4C8AAYNPZQ6NXR54WQW6BD,{F4F8F0CA-F833-4922-A876-C9FDAE292665},E UNIVERSITY DR,82,B,1.08,asphalt,2,728.4708618859798,80,10,3 Years and 10 Months,84900.38819542252,paved,,City,Arterial,,,,
01KP4C82GBC7F3M1P3BBWPHTT8,{C1F0C18A-52FF-4445-AB06-703181504322},E UNIVERSITY DR,82,B,1.58,asphalt,2,692.2375614025336,80,14,5 Years and 4 Months,80677.54080701529,paved,,City,Arterial,,,FERNDALE DR,KIMBERLY DR
01KP4C7QS2Z22VWR4Q309B2CP6,{B3F96327-ABD2-4FC1-A871-80B4DDE3C8F0},CROSS CREEK RD,82,B,'-1.65,asphalt,2,1316.2157436944674,60,20,7 Years and 7 Months,115049.79138693161,paved,,City,Local,,,WILDWOOD DR,LITTLE CREEK RD
01KP4C82H59ZPNHCF82HQNHG71,{1028F3A3-D1DC-40D2-A819-38A9BFBF5825},REYNOLDS DR,82,B,4.83,asphalt,2,1097.103394409574,50,20,7 Years and 7 Months,79914.40439596087,paved,,City,Local,,,CHATHAM DR,MARJORIE CT
01KP4C85VBTBAZ6C7JD9R5B9BM,{C6A3E8E0-27AE-4C9A-B1D2-7B409192B00F},REYNOLDS DR,82,B,0.5,asphalt,2,361.64833048641583,50,20,7 Years and 7 Months,26342.923628605753,paved,,City,Local,,,MARJORIE CT,MUIR DR
01KP4C8DQG12SVSCM3VD4X5PVG,{5FF3B3BC-7921-4988-8C98-01148014F2F2},E UNIVERSITY DR,82,B,6.63,asphalt,2,440.97512092307437,80,24,9 Years and 1 Months,51393.900442310805,paved,,City,Arterial,,,LOIS LN,
01KP4C82MPKBM4QAR1TKA2G7BF,{AD983523-7B65-4511-BEEF-604F745650E9},E UNIVERSITY DR,82,B,'-5.87,asphalt,2,434.0937211412633,80,20,7 Years and 7 Months,50591.90060488272,paved,,City,Arterial,,,LOCKWOOD ST,ALFA CT
01KP4C8AQPAQDCRWYXTSQ07Q3W,{736F2962-FF8B-4066-87A7-C069E00D616A},MIMMS TRL,82,B,4.38,asphalt,2,349.5572047840786,50,6,2 Years and 3 Months,25462.190678637086,paved,,City,Local,,,FAUNSDALE RD,SHROPSHIRE DR
01KP4C8AP076JD5DFHYHR75V2A,{AAF2CCD3-30BD-4B15-8F63-ABE18DB91C6E},S BROOKWOOD DR,82,B,1.5,asphalt,2,429.6957791700156,60,20,7 Years and 7 Months,37559.50344021337,paved,,City,Local,,,E SAMFORD AV,
01KP4C82MRVSRTF2E4NFP6RXAH,{594F6D4F-EA72-45BF-A217-EBA3FE2763A8},E UNIVERSITY DR,82,B,'-8.5,asphalt,2,364.54743875529743,80,20,7 Years and 7 Months,42486.557370109454,paved,,City,Arterial,,,ELKINS DR,BLAKE ST
01KP4C7VP59SJ5P2HS76KP69ZP,{0CBD587D-0C43-410A-9FCF-F0DF9B5F497F},E UNIVERSITY DR,82,B,'-4.25,asphalt,2,590.0631271705886,80,20,7 Years and 7 Months,68769.51595138619,paved,,City,Arterial,,,ALFA CT,ARNELL LN
01KP4C85HQZNZ7MY96YP6ADV1Z,{181D5B7D-F0AD-4972-AF8F-6A4D17593B5C},HAMILTON RD,82,B,'-4.5,asphalt,2,1501.3102915637214,80,6,2 Years and 3 Months,174971.75690122964,paved,,City,Collector,,,ANNABROOK DR,BARKLEY CREST DR
01KP4C85MFS694DZZYZZQDSQQC,{38AC2E1E-58EF-430C-9AC3-391388DF08AE},SEAY CIR,82,B,'-2.5,asphalt,2,180.24812124093978,50,20,7 Years and 7 Months,13129.502037693217,paved,,City,Cul-de-sac,,,,
01KP4C85PE7JRENQ3YGJKGDRTH,{D064DB9F-632C-4697-B315-5141114E59EF},GLENDALE CIR,82,B,31.25,asphalt,2,282.68014690826413,50,20,7 Years and 7 Months,20590.780859714665,paved,,City,Cul-de-sac,,,EAST LAKE BLVD,
01KP4C85M1C4ZNK109SKJPNV2M,{2DD1EC2A-4248-4264-BEE9-E20FDBAB3938},ANNALUE DR,82,B,'-8.5,asphalt,2,733.7795812604518,60,20,7 Years and 7 Months,64139.32377912785,paved,,City,Collector,,,ANNALUE RIDGE TRL,ANNALUE RIDGE TRL
01KP4C82P4ERDT1GKKCHY5FR1A,{D8387FDD-B100-4F41-B9DA-8094868142E9},WEBSTER RD,82,B,'-6.3,asphalt,2,1173.5457600836985,80,10,3 Years and 10 Months,136772.10141013566,paved,,City,Collector,,,PUMPHREY AV,
01KP4C7YSW9J8CRZ8RXJEHHB26,{A8BD1A18-4617-46B2-8B1C-F07E0C9BF13D},E UNIVERSITY DR,82,B,4.31,asphalt,2,520.361656944006,80,10,3 Years and 10 Months,60646.086189613794,paved,,City,Arterial,,,,WILD GINGER LN
01KP4C85PKXKC08A3163JCYRW7,{9867B06E-7B3A-415B-BABA-25A5F920FE1F},EAST LAKE BLVD,82,B,'-2.06,asphalt,2,293.98609729748864,50,20,7 Years and 7 Months,21414.32064282818,paved,,City,Local,,,TIFFANIE CT,MELISSA CT
01KP4C7QT1R3TQP70YNB5SZAPJ,{7A0DE4C3-4FFB-4886-AF5F-3AAF9D85A0D7},RICK DR,81,B,10.5,asphalt,2,235.95848192683584,50,20,7 Years and 5 Months,16856.986310035023,paved,,City,Local,,,SAMANTHA CT,BRITNEE CT
01KP4C8DY1XRV7DHSQW57HXCNW,{DAA7F75C-DCC2-4A02-BE12-C3CD73B3201A},WINN DR,81,B,'-4,asphalt,2,378.69024660147585,50,20,7 Years and 5 Months,27053.811545898297,paved,,City,Local,,,NATURES TRL,FOX TRL
01KP4C7QTXATFEXCYAXNZE6HZB,{497BE227-C8EC-4F0F-B919-7FC1CF1D273E},DEER RUN RD,81,B,'-2.56,asphalt,2,511.69777315679585,60,6,2 Years and 3 Months,43867.11909591331,paved,,City,Residential Collector,,,WILDWOOD DR,BUCKHEAD RD
01KP4C8AC4CX8V7CSCXYQ382PN,{0F8AD6BE-1B46-495C-8E75-98726CB9BD32},OPELIKA RD,81,B,13,asphalt,2,713.5691961831634,100,26,9 Years and 7 Months,101955.44634036106,paved,,City,Arterial,,,1ST AV,SAUGAHATCHEE RD
01KP4C7R73SSJ4CW69DE68VMPS,{5A3EFC93-C39D-4039-AC96-608719952302},BROOKSIDE DR,81,B,1.17,asphalt,2,714.5969751373908,60,20,7 Years and 5 Months,61261.37782570689,paved,,City,Local,,,S GAY ST,SALMON ST
01KP4C7RJ6D3E9QSPA3BTA1HZQ,{DCF2E4FE-5821-4420-B664-98AF55E6BAFC},MCLOWERY ST,81,B,'-4,asphalt,2,927.5378858331273,100,20,7 Years and 5 Months,132527.4964972523,paved,,City,Local Commercial,,,ANNEX ST,
01KP4C8AR2MZ4F1TZ4HF9JADFH,{E00A1BC5-12E1-4F8E-AEAB-7070B2EBD80C},MIMMS TRL,81,B,1.67,asphalt,2,351.55565873252056,50,12,4 Years and 5 Months,25115.303667307806,paved,,City,Local,,,CHRISTINA LN,FAUNSDALE RD
01KP4C7QRWA73PR7CPBWY9WH8D,{0899F7D9-623A-4302-BE9E-BC0F821FB1E3},BOYKIN ST,81,B,14.25,asphalt,2,436.4800863396258,50,20,7 Years and 5 Months,31182.345215763024,paved,,City,Local,,,DARDEN AV,CARVER AV
01KP4C8DY1KJ0XJGF6Z0AQTMFZ,{AF817EF1-2D49-4AF2-B466-057091287E56},WINN DR,81,B,'-4,asphalt,2,222.3716440673601,50,20,7 Years and 5 Months,15886.336143431283,paved,,City,Local,,,FOX TRL,
01KP4C8E5MX76WSY0VYQ9G7KAP,{037C8B8E-630C-41BB-B9D9-87E5AD22DAE0},YARBROUGH FARMS BLVD,81,B,7.13,asphalt,2,919.9459713580289,60,6,2 Years and 3 Months,78865.65391599332,paved,,City,Residential Collector,,,TITLEIST WAY,SPYGLASS CT
01KP4C8AS11AMR8RAAXH2N124A,{6CDCBB92-19C6-4F13-B6DB-A2DB3777389D},COSCOROBA RD,81,B,'-8,asphalt,2,245.50376684843957,24,20,7 Years and 5 Months,8418.67488489992,paved,,City,Local,,,CYGNET LN,CYGNUS ST
01KP4C83294RSAQGGAHXEHDJEQ,{769CF37E-1C9C-4FF1-BF74-34560A81FB53},STEPHANIE CT,81,B,'-3.06,asphalt,2,1057.593605570031,50,20,7 Years and 5 Months,75554.99079792567,paved,,City,Local,,,ACADEMY DR,
01KP4C7R4PYV024XGGRGP305E5,{2E26447E-1F8D-4A30-926D-5B7871DF6D04},DAKOTA DR,81,B,1.43,asphalt,2,833.3146054824861,60,20,7 Years and 5 Months,71438.87067857712,paved,,City,Local,,,MONTANA WAY,
01KP4C8AD4JNGPT667VN3WK2JF,{5BC4C1C6-8B3F-4921-814C-DC9AFB55E617},TRAILRIDGE RD,81,B,'-0.25,asphalt,2,704.6239130909744,60,20,7 Years and 5 Months,60406.40146369911,paved,,City,Local,,,KEYSTONE DR,ARMISTEAD LN
01KP4C8ACG0WE62FVSKM5P75F4,{8B7B8451-3927-4C0E-9EFA-21CF90626D0B},OPELIKA RD,81,B,19.33,asphalt,2,691.9067571295066,100,14,5 Years and 2 Months,98860.2964174802,paved,,City,Arterial,,,GENTRY DR,3RD AV
01KP4C8AQPD2550WQBYGKTE9AE,{A5F43D3A-9717-4FE7-80D3-5B7CE6515D0F},RUTLAND RD,81,B,'-7.67,asphalt,2,573.7573554056742,50,30,11 Years and 1 Months,40989.49868796964,paved,,City,Local,,,MIMMS TRL,CHRISTINA LN
01KP4C7ZBGDWZVJ36X6E63Q38N,{3616DBFE-B46C-422D-9437-06555ACC0124},SOUTHVIEW DR,81,B,0.3,asphalt,2,1273.669649364895,57,20,7 Years and 5 Months,103730.38553638282,paved,,City,Collector,,,E UNIVERSITY DR,ECHOLS DR
01KP4C7R4SPTXAQ7W57G9K61Q4,{75C8293D-C00A-4CD6-A812-87F0280CBB16},GROVE HILL RD,81,B,1.75,asphalt,2,485.7134139559895,80,24,8 Years and 10 Months,55519.356136188435,paved,,City,Residential Collector,,,BRIAR CLIFF LN,GROVE PARK
01KP4C85F1EVWG84K4NAFWR68Y,{8231D2DE-311F-4E59-8C71-B5FCA5CEFACA},TARA LN,81,B,2.66,asphalt,2,2592.905141420001,60,20,7 Years and 5 Months,222286.05362373468,paved,,City,Local,,,PIERCE CHAPEL RD,
01KP4C7ZCNDWBFYTJBM0JDWXSS,{B20E208C-3428-4B9A-900F-4893DA8760F1},ANNALUE DR,81,B,'-2.25,asphalt,2,197.91983980031375,80,20,7 Years and 5 Months,22623.180164603484,paved,,City,Collector,,,BURKE PL,KURT CIR
01KP4C7R54B876DY2GM1EMY1HT,{AF76565C-C218-4749-B244-AC431D80A17C},WEST RICHLAND CIR,81,B,'-4.06,asphalt,2,889.1994847512655,50,20,7 Years and 5 Months,63524.83461895646,paved,,City,Local,,,ANDERSON CT,
01KP4C8E5DZCPT2B4YRCKB4MQC,{90CB81BD-AC7A-4D62-A87A-E6C171255E0C},BLACK SWANN RD,81,B,'-8,asphalt,2,675.4124266871613,50,20,7 Years and 5 Months,48251.7853874959,paved,,City,Local,,,COX RD,TRUMPETER ST
01KP4C839BX09D2SCQ99XKWNX9,{14878010-259A-47D8-89B6-AF149230D241},TUSCANY HILLS DR,81,B,'-7.25,asphalt,2,272.548062366778,24,20,7 Years and 5 Months,9346.06241293163,paved,,City,Residential Collector,,,,
01KP4C7W5GV638ZVRN0ANN8D5K,{6D26E6BD-7FFD-4B2F-9526-680E357D93B8},WIRE RD,81,B,9.75,asphalt,2,91.15729500906855,24,28,10 Years and 4 Months,3125.9138705681166,paved,,City,Arterial,,,,
01KP4C8DQGVFEC1566WEDN0NE2,{C9D351E0-B715-47D9-9EB3-C02ECE47FFD0},E UNIVERSITY DR,81,B,0.88,asphalt,2,387.28338906999386,80,10,3 Years and 8 Months,44268.335577314916,paved,,City,Arterial,,,,
01KP4C85SK5G6PVGVJNE208RRE,{57EFE240-DFB4-44E7-9247-6797980F8360},LONGWOOD DR,81,B,0.38,asphalt,2,929.7412935289186,60,20,7 Years and 5 Months,79705.39289238627,paved,,City,Residential Collector,,,ELIZABETH DR,LONGWOOD CIR
01KP4C8A849YZZWCGJXQWC5MRT,{596E581F-B550-44DA-810E-836780415979},WESTOVER ST,81,B,'-5.08,asphalt,2,353.93888392896804,50,6,2 Years and 3 Months,25285.56241021116,paved,,City,Local,,,MIMMS LN,BRIGHTON LN
01KP4C8ANZDS4EMHA2Q3XKS532,{04C9DA94-B137-40FA-97DF-4DA120788AF4},S BROOKWOOD DR,81,B,'-1.83,asphalt,2,758.5117498340021,60,20,7 Years and 5 Months,65026.12872505494,paved,,City,Local,,,,
01KP4C8AADDHQBQQ9D08Z0F2VT,{DF943989-2297-4BC9-A8D8-5B65569CEFE4},PARTRIDGE LN,81,B,'-1.29,asphalt,2,1485.3846145965604,60,20,7 Years and 5 Months,127339.90103134228,paved,,City,Cul-de-sac,,,W FARMVILLE RD,
01KP4C8ABRV46WJD3ZHEDRSNQ6,{8FDE2599-7AF3-4226-BEC0-AF0CAB59F558},BARKSDALE LN,81,B,'-3.12,asphalt,2,459.207375757028,50,20,7 Years and 5 Months,32805.993594261,paved,,City,Local,,,MIMMS CT,
01KP4C8AQ9QV69JZJGEB2HV12W,{5ABF6BD1-0FAA-4385-8456-70D56B08E288},GRAYMOOR LN,81,B,'-0.59,asphalt,2,1066.263733658564,50,6,2 Years and 3 Months,76174.38887720286,paved,,City,Local,,,PRESERVE DR,
01KP4C8DSSC8YD5JJGMMCKMK0P,{1E9AD237-EF8A-4652-9FA1-60011D388C98},ANNALUE DR,81,B,'-1,asphalt,2,201.86708359479536,60,20,7 Years and 5 Months,17305.776695033815,paved,,City,Collector,,,,
01KP4C8DVNXZKDAFFE5BP33F4M,{A689BA23-FFF5-4D0C-959E-F5D9A87AC848},BENNETT LN,81,B,3.83,asphalt,2,851.1966756248319,50,20,7 Years and 5 Months,60809.89583838827,paved,,City,Cul-de-sac,,,CLEVELAND RD,
01KP4C8DVQ1H1H1GXE9T1GNHE1,{A3A5E18A-5DD2-443A-95D8-F918BE924B57},PUMPHREY AV,81,B,'-0.75,asphalt,2,551.5433969460739,80,20,7 Years and 5 Months,63044.03666806455,paved,,City,Arterial,,,SMITH ST,ALABAMA ST
01KP4C8DY3TBFRWPC938KYJR6S,{9F577C98-5963-47FA-B5E8-6385AFEF977C},DALBY PL,81,B,10.5,asphalt,2,205.5580332284928,50,20,7 Years and 5 Months,14685.163778621249,paved,,City,Local,,,PRESERVE DR,
01KP4C8DYNQAJYCX5831ZKQFPT,{383CE49C-1586-40CB-8BA9-65F3BF43EDAE},SARAH LN,81,B,'-2.17,asphalt,2,1229.876795146611,50,20,7 Years and 5 Months,87862.98390089061,paved,,City,Local,,,COPPER MEADOWS DR,
01KP4C8E5G45DVTG3H1NW5R4PN,{A6A284C8-8CEE-40DA-8104-B69BE491A1CC},KENAI PASS,81,B,3.9,asphalt,2,1158.0557491602253,50,20,7 Years and 5 Months,82732.05417512514,paved,,City,Local,,,TIGER LILY DR,STILLWATER DR
01KP4C8E5PR4FPVG0TRCM6NRS9,{42E82E92-8CBC-4AAD-A34F-94BA7C5930EA},YARBROUGH FARMS BLVD,81,B,13.33,asphalt,2,746.5174499489843,24,6,2 Years and 3 Months,25599.1498122506,paved,,City,Residential Collector,,,PING CT,TITLEIST WAY
01KP4C7W001C6DBC84NCXKJ0MP,{65B76643-2655-49BC-8720-88D3D0B8FA6D},LONGWOOD DR,81,B,5.71,asphalt,2,677.5707768035483,60,20,7 Years and 5 Months,58087.17473711561,paved,,City,Residential Collector,,,JENNIFER DR,ELIZABETH DR
01KP4C82WEGTPJKFKH60WVQHKM,{6B5CAD67-2A36-42A7-B88E-6C3C7D60E9FD},TURN LAKE DR,81,B,'-3.87,asphalt,2,247.173620455995,50,6,2 Years and 3 Months,17658.20114710031,paved,,City,Local,,,,
01KP4C7QQB1PK46EA5XCCASMY4,{810CFD01-F7EB-4C29-A2BA-3EE48CF8AAC7},WIRE RD,81,B,8.18,asphalt,2,1866.7110918590583,80,28,10 Years and 4 Months,213373.96689992785,paved,,City,Arterial,,,HARVEST GATE LN,
01KP4C7W6B0P7JMR08DY1139XA,{984CAB0D-BDA4-4890-BDD7-0A5D4762721D},WIRE RD,81,B,0.63,asphalt,2,313.33088863064125,80,30,11 Years and 1 Months,35815.21262233292,paved,,City,Arterial,,,TIGERS TAIL TRL,
01KP4C82KP7FGE9SSCE4A5RMAQ,{C4F0ED8A-F43A-4B44-BAB5-BB55E5A00A61},E UNIVERSITY DR,81,B,'-4.62,asphalt,2,516.8702981968606,80,8,2 Years and 11 Months,59080.73637103544,paved,,City,Arterial,,,S GAY ST,BERKELEY AV
01KP4C8ARX63FQEQVWWZZFQN99,{F20C486E-F16E-407C-828D-C32E1444A66D},ACADEMY DR,81,B,'-1.75,asphalt,2,331.3296672137978,60,20,7 Years and 5 Months,28404.419042142865,paved,,City,Collector,,,MCALPINE RDG,ROTHBARD LN
01KP4C7QWS15JG5HBMXVN9ZFJM,{7C3BA5AB-692B-4851-9A8F-F8C50E07C654},OPELIKA RD,81,B,19,asphalt,2,524.8587025792854,80,10,3 Years and 8 Months,59993.84903196746,paved,,City,Arterial,,,PITTS ST,OLD STAGE RD
01KP4C8AB9XMEXG26A86C752PF,{832DE7E0-9CB5-4185-8FB3-C3B85045A2FA},DARTMOUTH DR,81,B,0.69,asphalt,2,936.7997512811418,50,12,4 Years and 5 Months,66925.42032664442,paved,,City,Local,,,WOODSOME CIR,WHISKEY RUN LN
01KP4C8AQJWTWQ7H2S65T9Z788,{2FBC08A4-CF84-45DE-A2E9-969DC504F8E8},ANNALUE DR,81,B,'-7.25,asphalt,2,398.91836608256506,60,20,7 Years and 5 Months,34198.701640878186,paved,,City,Collector,,,ANNALUE RIDGE TRL,KALYPSO CIR
01KP4C7W5CFQCAPBDQT29N80VQ,{324FA9B5-DFF0-4D2A-8587-4B58F6E2F476},WIRE RD,81,B,5,asphalt,2,88.97601593216038,24,10,3 Years and 8 Months,3051.114694907968,paved,,City,Arterial,,,,
01KP4C7QS09QTHSA3VSC6G1SQJ,{3EC33160-B824-43F7-92F0-80CD24A042A0},CROSS CREEK RD,81,B,'-3.5,asphalt,2,819.8145912630285,60,20,7 Years and 5 Months,70281.53374527763,paved,,City,Local,,,LITTLE CREEK RD,
01KP4C82GBXMGB4G9FM5V624BA,{B7C84CE7-BDBD-4F0F-994B-57B192D36858},E UNIVERSITY DR,81,B,12.88,asphalt,2,468.7015874117387,80,6,2 Years and 3 Months,53574.823353482745,paved,,City,Arterial,,,SUNNYSLOPE CT,FERNDALE DR
01KP4C8AR1QJZX12NYEDK1YWP9,{F26F1B29-07B5-41FA-BD1A-0EE4DED98EFE},CHAPEL HEIGHTS DR,81,B,1.28,asphalt,2,1346.9614369756482,50,20,7 Years and 5 Months,96227.56646774839,paved,,City,Local,,,PIERCE CHAPEL RD,BUCKTHORN WAY
01KP4C8DPM5S11FMJBCCTKMJEW,{A67B9266-9AA5-4E28-9D1A-109BDB6C8F6C},MOORES MILL RD,81,B,'-7.87,asphalt,2,527.5185268174931,80,20,7 Years and 5 Months,60297.879608224306,paved,,City,Arterial,,,BENT BROOKE DR,
01KP4C7ZBEWHXYE445CM74PJ8E,{0E78ED35-8B07-4FDE-A127-B158E463DA43},E UNIVERSITY DR,81,B,7.56,asphalt,2,364.7798553233006,24,30,11 Years and 1 Months,12508.822353115009,paved,,City,Arterial,,,CHARING LOOP,SOUTHVIEW DR
01KP4C85JDGKF3M5CWCHNZA4S4,{02706D69-0252-49B7-8D72-4AF64EDAD7A5},SEHOY CIR,81,B,'-5.25,asphalt,2,356.7552545682676,50,20,7 Years and 5 Months,25486.765269811596,paved,,City,Cul-de-sac,,,,
01KP4C8AQJ69TP78QN10DACVQ0,{C0183D0D-33D3-4E46-85D0-50CC5C7B1845},ANNALUE DR,81,B,0,asphalt,2,264.1775435967626,60,20,7 Years and 5 Months,22647.563416059602,paved,,City,Collector,,,SCOTTWOODS DR,ANNALUE RIDGE TRL
01KP4C7QX0QTW21KC2ACAW5TK5,{542CABD4-3850-4467-9DF7-03FE380E4E03},CROSS CREEK RD,81,B,0.03,asphalt,2,1311.0478801447255,60,20,7 Years and 5 Months,112394.26183926425,paved,,City,Local,,,DEER RUN RD,WILDWOOD DR
01KP4C7QQV6NKFQY5J1Q3C9J4C,{B836B5B3-E679-4196-BE92-C72C1AE54912},BINFORD DR,81,B,'-1.6,asphalt,2,808.5928146526666,60,20,7 Years and 5 Months,69319.50686758074,paved,,City,Collector,,,,VFW RD
01KP4C85M05NAS2M1ZMJ7548VX,{4C3B1624-F5B1-45E6-92B1-4C468CD59222},ANNALUE DR,81,B,7.63,asphalt,2,312.4589569668773,60,20,7 Years and 5 Months,26786.660010831867,paved,,City,Collector,,,KALYPSO CIR,E UNIVERSITY DR
01KP4C7W7EDZG0RYSNBJTTVPXB,{131E0654-D27A-4AA5-818A-F67A50DE8ADC},E UNIVERSITY DR,81,B,'-2.58,asphalt,2,561.8724930244815,100,10,3 Years and 8 Months,80280.87691999793,paved,,City,Arterial,,,WRIGHTS MILL RD,S GAY ST
01KP4C85T9CYZWPHTZ91BT59M0,{E32B9C6D-8C43-4625-9245-18286A34B14C},MOORES MILL RD,81,B,2.75,asphalt,2,393.20276253868644,80,20,7 Years and 5 Months,44944.94815227918,paved,,City,Arterial,,,ALEX AV,MARLEY LN
01KP4C7RGB5N3E80S64Q52SYMK,{A0CB1910-506E-4771-90EB-DB23FFBB366A},BURTS GAP LOOP,80,B,'-5,asphalt,2,71.44219478395584,50,20,7 Years and 2 Months,5003.788642606431,paved,,City,Local,,,JAMES BURT PKWY,
01KP4C7RK9M9E3S40FW7QQKW8Q,{C2CF2E65-9EF2-4B72-A990-35C7E8EA5CA6},SPENCE NOLEN PL,80,B,'-5,asphalt,2,249.3857945387828,50,20,7 Years and 2 Months,17466.90187940284,paved,,City,Cul-de-sac,,,PARKER CREEK TRL,
01KP4C7Z76WEQAGTA1SF3S8607,{48D445BD-6909-4244-8409-BEED9224AF98},SAUGAHATCHEE RD,80,B,'-6.75,asphalt,2,545.2649656278103,60,20,7 Years and 2 Months,45828.2221110993,paved,,City,Local,,,EAST LN,STEVEN ST
01KP4C8AS0JKTV33FAV35HS5WH,{0C659900-D526-4439-B6FA-7EC7572E95DF},COSCOROBA RD,80,B,'-7,asphalt,2,214.39682939831232,24,20,7 Years and 2 Months,7207.817216914691,paved,,City,Local,,,TRUMPETER ST,CYGNET LN
01KP4C8DVHH9E9W4FB5WH3EFKV,{97E12EE8-BB19-44C3-A04D-983C8ACA2579},SHROPSHIRE DR,80,B,'-2.9,asphalt,2,1227.7686453781978,50,20,7 Years and 2 Months,85992.52615446503,paved,,City,Local,,,CLEVELAND RD,
01KP4C8AS0YBZ39EMVS79AFX07,{12C26E7D-F844-4314-A438-ECE81218CFD6},COSCOROBA RD,80,B,11,asphalt,2,174.6749344407533,24,20,7 Years and 2 Months,5872.404938817705,paved,,City,Local,,,MUTE SWANN ST,TRUMPETER ST
01KP4C8ABAE4RVPK7SMVTXX3ZQ,{D7CCCB01-5414-4D96-A835-77DD9B5426D5},DARTMOUTH DR,80,B,0,asphalt,2,219.51525274548553,50,24,8 Years and 8 Months,15374.778614911978,paved,,City,Local,,,N DONAHUE DR,WOODSOME CIR
01KP4C7R0GQTFACYJ2N4M47CZ0,{B1157152-2840-41BC-AE86-43F48A52BA8D},RICK DR,80,B,17,asphalt,2,249.4016513910946,50,20,7 Years and 2 Months,17468.012488304837,paved,,City,Local,,,COMMERCE DR,TY CT
01KP4C7RM1AD1RQWA5DW6G2NJ4,{AF1A26D5-313E-49ED-91B8-54427EC7D26F},BRIDLEWOOD DR,80,B,'-7.53,asphalt,2,1243.9345304225092,24,20,7 Years and 2 Months,41819.89421325197,paved,,City,Local,,,ROCKHOUSE FARMS RD,
01KP4C7ZKMGR83P7E8H27BMKXJ,{519C087D-45D0-4D8D-8E0F-B1835A05EDB9},MARTIN AV,80,B,2.25,asphalt,2,506.71190990592214,24,20,7 Years and 2 Months,17035.17182826576,paved,,City,Local,,,N GAY ST,HUDSON TER
01KP4C8ACJGSPX28HB041F83EP,{5B61A0EE-8A7A-483A-AA87-765FA6004A2F},SEQUOIA DR,80,B,'-1,asphalt,2,1368.735935489951,50,28,10 Years and 1 Months,95865.83040237156,paved,,City,Local,,,COVEY DR,FINN TER
01KP4C7YX6B7R82ZX6QXJGK825,{A723ABF5-9291-44A2-BEBE-02D9464E2CAA},FRAZIER ST,80,B,'-4.37,asphalt,2,179.7441393239974,40,20,7 Years and 2 Months,10071.377965296997,paved,,City,Local,,,TALBERT DR,WILLIAMS AV
01KP4C7YWP15730JVBKBTWQA8H,{134CC4AD-DD8E-41CB-A962-42B63B04A88E},OLD MILL RD,80,B,8,asphalt,2,244.7126656825759,50,20,7 Years and 2 Months,17139.59741784708,paved,,City,Residential Collector,,,MAPLE ST,PARK AV
01KP4C82F8D29NX5D44F1Z7NTE,{06947137-1F70-4CEE-922A-6B16EC9AF49F},CHARLESTON PL,80,B,'-2.12,asphalt,2,370.84633593089774,60,20,7 Years and 2 Months,31168.75156752545,paved,,City,Local,,,E GLENN AV,KINGS WAY
01KP4C7RBWJV7BKDWDY88WA257,{7A85A13E-F5F6-4ED1-8946-A97510D40855},RUNNINGVINE LN,80,B,'-11.5,asphalt,2,272.9842181420481,50,20,7 Years and 2 Months,19119.7279770125,paved,,City,Local,,,,
01KP4C7Z6A7W1E47GEWEZMP2JR,{51DAFC95-A4A2-418D-B2B4-B0A95A159B0E},SCOTTWOODS DR,80,B,'-3.33,asphalt,2,617.3791255254748,60,20,7 Years and 2 Months,51889.24555011729,paved,,City,Local,,,ANNALUE DR,WEST LN
01KP4C85FYA9KQ2A5HNV22VWXC,{5B2A7745-40C4-452F-8F3B-90CF36F718CC},POTOMAC DR,80,B,0.75,asphalt,2,430.43576515598494,50,20,7 Years and 2 Months,30147.58434525053,paved,,City,Local,,,MT VERNON LN,POTOMAC CT
01KP4C82ZEDZQDZQR04XHK1F6D,{998E1C31-BB2D-4BC9-AEC1-158BE8838467},CARPENTER WAY,80,B,5.13,asphalt,2,190.55403154933236,50,20,7 Years and 2 Months,13346.343876371891,paved,,City,Local,,,,COOPERS POND RD
01KP4C7Z6PD0NSM8MDTWGXY3J2,{ECD6BDCC-6A99-4832-8218-59A7D45B15B5},PLEASANT AV,80,B,6,asphalt,2,279.10359028196916,60,30,10 Years and 10 Months,23457.99223084169,paved,,City,Local,,,TRACY CT,GREENEWOOD DR
01KP4C7R0ENNAPKPHCJMRZDN3Q,{2C175780-2E75-4BE8-B04D-8907824BBF36},RICK DR,80,B,31,asphalt,2,221.70803836605543,50,20,7 Years and 2 Months,15528.360623654275,paved,,City,Local,,,TY CT,SAMANTHA CT
01KP4C7RCSNM6DG5C801NHJHBD,{EAFD4E59-9FD7-46AB-950C-E4BED9870973},BLUEBIRD DR,80,B,0.66,asphalt,2,1005.546440628938,50,20,7 Years and 2 Months,70428.15348055857,paved,,City,Local,,,CEDAR PL,FORREST CV
01KP4C8A8BYFN1ZD680NYC64EX,{78F2A56F-FA2A-4C4A-8000-12A7CB5D27B4},WEST RICHLAND CIR,80,B,'-3.54,asphalt,2,598.6603218299808,50,20,7 Years and 2 Months,41929.97889007603,paved,,City,Local,,,RICHLAND RD,
01KP4C8AN9B6FY9T9E5HGQK7AH,{2DE31AE2-B28D-4ED7-933E-CC1E5E98D5FC},VINCENTE DR,80,B,'-1.46,asphalt,2,625.5363246657255,50,28,10 Years and 1 Months,43812.3655966272,paved,,City,Local,,,TIVOLI VILLAGE DR,VALENTINO CT
01KP4C7ZNQ9D88CQ2NKTW7PAK2,{38CA6A5C-4489-4807-A9A8-E96C5C37543B},E THACH AV,80,B,'-8.37,asphalt,2,932.9758654862286,24,6,2 Years and 2 Months,31365.760049203684,paved,,City,Collector,,,HOMEWOOD DR,S BROOKWOOD DR
01KP4C8AANV2E4SNZXTB0PWZGR,{FC898DFD-F18B-4F73-82D5-32FF1B6AA294},S SUNNYSLOPE CT,80,B,1,asphalt,2,254.8584037560876,50,20,7 Years and 2 Months,17850.20169164661,paved,,City,Cul-de-sac,,,E UNIVERSITY DR,
01KP4C8E5TQ9VKMFV9RQ7VY4P0,{EFDC7CD7-4238-47F7-839F-F3C6103A4135},YARBROUGH FARMS BLVD,80,B,'-10,asphalt,2,294.8559405505679,60,6,2 Years and 2 Months,24781.93976532154,paved,,City,Residential Collector,,,TITLEIST WAY,WHISTLING STRAITS DR
01KP4C85Z6SQ4F6SYRSK9V7SYW,{8F053422-EECC-4927-853C-DDFDA22C5181},MERIMONT BLVD,80,B,3.78,asphalt,2,1051.2742546096945,50,30,10 Years and 10 Months,73630.91505500439,paved,,City,Local,,,WELCH XING,LAMB LN
01KP4C7W0CB3S22HH3A00TQVER,{867BAC6A-C6A6-4B8A-A565-E5C7E5418F01},LONGWOOD DR,80,B,1.16,asphalt,2,929.2287527962542,60,20,7 Years and 2 Months,78099.46422311374,paved,,City,Residential Collector,,,DAWN DR,JENNIFER DR
01KP4C897K00MQ6DH87ABGRJRB,{1FB609F3-DC30-4533-88A7-EB63181BB552},PAM ST,80,B,1.25,asphalt,2,161.74642062059075,70,20,7 Years and 2 Months,15860.135133074597,paved,,City,Local,,,MIMMS LN,EARLS LN
01KP4C8AQPMFNJR01SGJMGC26M,{9DB415E5-8EE5-4C46-AE9E-2890BFA963C1},CHRISTINA LN,80,B,11.5,asphalt,2,726.9825576318547,50,20,7 Years and 2 Months,50917.62754842158,paved,,City,Local,,,RUTLAND RD,MIMMS TRL
01KP4C8ABAB8VVP0AXY5TCD8FC,{E8B1C536-1F9E-41EB-989C-78D6FDD38DF1},WOODSOME CIR,80,B,'-1.19,asphalt,2,415.43490938666383,50,6,2 Years and 2 Months,29096.92916934372,paved,,City,Cul-de-sac,,,DARTMOUTH DR,
01KP4C7Z6APWTHJW6TK7N7J4CE,{03035373-E84A-4885-A886-329F9DD91ECD},SCOTTWOODS DR,80,B,'-6.75,asphalt,2,289.84180632720773,60,20,7 Years and 2 Months,24360.51372226294,paved,,City,Local,,,WEST LN,EAST LN
01KP4C8A90KG63VVTEFJSZVCM0,{753CBAFF-6F8C-43BE-8186-DD0C74FF3C62},MOORES MILL RD,80,B,'-7.56,asphalt,2,331.6475267217362,80,6,2 Years and 2 Months,37165.579978658054,paved,,City,Arterial,,,FAIRVIEW DR,
01KP4C82RAZYABYNZFVJFWXNX1,{B95BCCDC-E328-439D-A584-E8E811634176},ARAPAHOE CIR,80,B,'-7.37,asphalt,2,482.7987334847789,60,20,7 Years and 2 Months,40578.084028601654,paved,,City,Cul-de-sac,,,CREEK NATION DR,
01KP4C82SCFXX7PR9Q5CFDGA3J,{57D75D52-AFAE-421C-866A-6B3C68491B1D},HOWARD ST,80,B,'-4.25,asphalt,2,553.2280508055551,50,20,7 Years and 2 Months,38747.917050468444,paved,,City,Local,,,ZELLARS AV,TUCKER AV
01KP4C836CPEGMDE7B74H417MZ,{FEA69B01-1B45-4629-A6DF-812DB7BCF175},S BROOKWOOD DR,80,B,0,asphalt,2,109.59117277982726,60,20,7 Years and 2 Months,9210.87714078072,paved,,City,Local,,,,E SAMFORD AV
01KP4C836NRJVKD3BWG06Y5WE6,{455C3938-076D-4BA8-92EF-BAF429167414},CHERRY ST,80,B,'-6.5,asphalt,2,231.00740616340977,60,6,2 Years and 2 Months,19415.622470400867,paved,,City,Local,,,BIRCH CIR,BIRCH CIR
01KP4C839749P2EKJ1JSD92CM3,{CF4C606F-61CF-4982-83FD-4BDD679B4F1D},TUSCANY HILLS DR,80,B,'-7.25,asphalt,2,148.38766874823963,24,20,7 Years and 2 Months,4988.65210172653,paved,,City,Residential Collector,,,,
01KP4C85FMK5XPJRWK5QXHGPPP,{877070C5-E770-4AC2-9A8F-B39072406BBF},E MAGNOLIA AV,80,B,5.75,asphalt,2,335.6984974710277,50,20,7 Years and 2 Months,23512.216191919197,paved,,City,Local,,,CONE ST,
01KP4C85VHSX5RSBTPH2A6VX3F,{2D4A5E1A-0867-42C8-9F94-20735610CBCF},PRESERVE DR,80,B,2.13,asphalt,2,223.33277606394964,50,30,10 Years and 10 Months,15642.156736225043,paved,,City,Local,,,STONEHAVEN DR,
01KP4C8ABJ80PNH1H708HE5X11,{C8E84295-0B57-49A4-8AC1-918BF2BE9F17},NORTHERN FLICKER DR,80,B,'-1.9,asphalt,2,1215.5876646449037,25,20,7 Years and 2 Months,42569.68706544156,paved,,City,Local,,,RUTLAND RD,RUTLAND RD
01KP4C861N5ANSWMKR0VCEFQKY,{C2F788E8-A597-468D-8304-91ECB3F6E315},MIMMS LN,80,B,'-8.5,asphalt,2,297.565354405052,50,20,7 Years and 2 Months,20841.382957337966,paved,,City,Local,,,MIMMS TRL,DEEVES LN
01KP4C8AAHNSCZS27074JM84K0,{A14B942C-B29C-42D1-AF04-6745E57216C3},WEST RICHLAND CIR,80,B,'-4,asphalt,2,504.9563861605277,50,20,7 Years and 2 Months,35366.9849830687,paved,,City,Local,,,,DUNKIRK CIR
01KP4C8AAYDDC71P6J6PSJ004S,{0236ED8A-DC6C-4C09-8164-7D893AB0C355},TEALE LN,80,B,5.33,asphalt,2,678.207695210134,50,20,7 Years and 2 Months,47501.45166848756,paved,,City,Local,,,PRESERVE DR,
01KP4C8ABAHMZH4D9F09JT6JT3,{68C6FFE4-8937-40AE-8EE7-2F458E5099F0},DARTMOUTH DR,80,B,'-4.37,asphalt,2,330.20187494644983,50,6,2 Years and 2 Months,23127.2344952573,paved,,City,Cul-de-sac,,,WHISKEY RUN LN,
01KP4C8ABM53GR9FRT23XJW04W,{FC2D554F-DB24-41C6-ABA2-6509E04CC0A8},BARKSDALE LN,80,B,'-4.37,asphalt,2,550.141728114057,50,20,7 Years and 2 Months,38531.7519889409,paved,,City,Local,,,RUTLAND RD,MEADOW COVE RD
01KP4C8ABPB9QCTQZR0QMXMZC0,{CED8C593-ACB6-4442-B7EC-E8C08C207CFD},DUNKIRK CIR,80,B,'-6.5,asphalt,2,800.6939991326116,50,20,7 Years and 2 Months,56080.35351067696,paved,,City,Local,,,DUNKIRK CT,
01KP4C8ABP5JGVAWC402466VBJ,{E0698178-8A04-4B72-AE81-D0369D1BE464},DUNKIRK CIR,80,B,'-0.12,asphalt,2,1540.6634604313556,50,20,7 Years and 2 Months,107907.5796691009,paved,,City,Local,,,COTSWOLD WAY,
01KP4C8ABNRX6HHF515G79NQJW,{3E4BD20E-27A1-4D00-99A5-F0466455CB2C},GATEWOOD PL,80,B,'-5.5,asphalt,2,512.2339089545508,50,20,7 Years and 2 Months,35876.700369237384,paved,,City,Cul-de-sac,,,GATEWOOD DR,
01KP4C8ARAPEMWQAEBX9FDWAVN,{793AF957-7AFF-41FC-9E46-B23075498D62},GLENWOOD CT,80,B,'-5,asphalt,2,318.2585425729752,50,20,7 Years and 2 Months,22290.72728735322,paved,,City,Cul-de-sac,,,GLENWOOD TER,
01KP4C8DRVKTHPG3GN0CPXMGPM,{5E5A76B8-E255-4C98-BAE5-A1166AA5172D},,80,B,'-19.5,concrete,2,167.52479326136125,24,30,10 Years and 10 Months,3297.313391175999,paved,,City,Driveway,,,,
01KP4C7R946AYXKCTCPVDQZ4AD,{4ECBD270-2999-440E-96BC-52ADDF4BCE11},WIMBERLY RD,80,B,'-0.45,asphalt,2,2109.63203455655,60,20,7 Years and 2 Months,177309.5495710624,paved,,City,Local,,,SEMAPHORE DR,DEERFIELD DR
01KP4C8DY3CJ3TZ66YPA3HAYSF,{30FB8A62-D6EC-4ED6-845F-5AC50F8931AD},DALBY PL,80,B,'-5,asphalt,2,53.658255145461155,50,20,7 Years and 2 Months,3758.207156021386,paved,,City,Local,,,,PRESERVE DR
01KP4C8E5KWHN5MQ27F3WBV64F,{500AEBA9-1891-4179-9D3D-12AE49C340AE},GLASCO ST,80,B,8,asphalt,2,460.0002179859565,50,20,7 Years and 2 Months,32218.269235921158,paved,,City,Local,,,CHERINGTON DR,COWLEY ST
01KP4C85PJPQDTAV7FXFXGNVGM,{DB57AE62-5773-41A9-BD3E-F4FC4C387787},EAST LAKE BLVD,80,B,'-0.25,asphalt,2,260.1585658243515,50,20,7 Years and 2 Months,18221.423360316683,paved,,City,Local,,,LIVVY LN,TIFFANIE CT
01KP4C7YWRGX2B19K47RXKRA8Z,{335CBEBA-38C0-43A5-AD7C-1D21B86FD91D},OLD MILL RD,80,B,24.5,asphalt,2,492.28952684947967,50,20,7 Years and 2 Months,34479.802178148064,paved,,City,Residential Collector,,,PARK AV,OAK ST
01KP4C8ANEDRKAJTNSKMR6JBSV,{A31ED48F-4FC9-4BDA-BF51-98B1752630A0},MONTIANO LN,80,B,'-2.37,asphalt,2,399.7795086808588,50,28,10 Years and 1 Months,28000.429873877612,paved,,City,Local,,,,CASTELLO CIR
01KP4C85FTZCQ10DRRK1XJEM5K,{FAD7BE19-12DD-4BBF-978D-047284B08C5A},E UNIVERSITY DR,80,B,1.33,asphalt,2,599.5525447906012,80,20,7 Years and 2 Months,67187.951844788,paved,,City,Arterial,,,VARNER AV,PINKSTON CT
01KP4C7QW1VMCZM6TVXWSBAHCC,{69064789-296A-4C86-8E9C-07654CBBF9F5},GENELDA AV,80,B,18.75,asphalt,2,330.5034196811934,50,20,7 Years and 2 Months,23148.354592750253,paved,,City,Local,,,THOMAS ST,JODY LN
01KP4C8AR1131W2STVCGVZT38G,{5CF8EEF6-1177-4C90-BA25-1A137241E393},CHAPEL HEIGHTS DR,80,B,'-0.06,asphalt,2,318.78626870079245,50,20,7 Years and 2 Months,22327.689057813437,paved,,City,Local,,,BUCKTHORN WAY,FERNWOOD CIR
01KP4C8ABJ2CADRAEN5TC8JSYA,{50202E34-C45B-44AC-A79B-3CB867D0D277},RUTLAND RD,80,B,'-6.3,asphalt,2,1282.3700027411066,50,28,10 Years and 1 Months,89816.78789039893,paved,,City,Local,,,BARKSDALE LN,MIMMS TRL
01KP4C8AB719YFCFEYQXG7Z8PN,{6D5FAB20-BA50-47FB-801D-633BEFFD55E4},MIMMS TRL,80,B,'-6.75,asphalt,2,469.1681578992864,60,24,8 Years and 8 Months,39432.46660439241,paved,,City,Local,,,BROOKSHIRE CT,RUTLAND RD
01KP4C85RP41N4NKP8PBMEPZY0,{D12C0E88-0193-4033-86D3-C12EA3E7A799},NASH CREEK DR,80,B,2.85,asphalt,2,5772.888777068538,60,20,7 Years and 2 Months,485197.55673933186,paved,,City,Local,,,LEE RD 54,SOCIETY HILL RD
01KP4C8AS715NZRW7E1T0YDY74,{E2061F75-A1B1-4CC4-83E6-07E5738656AD},WILL BUECHNER PKWY,80,B,'-11.87,asphalt,2,1464.003829975854,24,28,10 Years and 1 Months,49218.41447442633,paved,,City,Collector,,,BUCKHEAD RD,ANTLER RIDGE DR
01KP4C85FT5XPYHZYD60E8AS79,{5F72035E-B10B-46A6-AE3B-ADED31DF46DF},E UNIVERSITY DR,80,B,'-2.5,asphalt,2,391.7146372432728,80,20,7 Years and 2 Months,43896.91014186518,paved,,City,Arterial,,,FISK CT,VARNER AV
01KP4C7ZD047C40Z6XM3AJ3JX1,{C83EFDE0-45F1-4B49-AEF1-291923ACC42A},TURN LAKE DR,80,B,'-3.75,asphalt,2,443.49553902392876,50,6,2 Years and 2 Months,31062.286761001356,paved,,City,Local,,,TURN LAKE CT,
01KP4C7R53T5YN0HWZTEG9AH4E,{191AB2F9-83B0-46DA-9547-71B93E077D9B},RICHLAND RD,80,B,'-3.17,asphalt,2,792.0908805419937,80,12,4 Years and 4 Months,88764.47010518215,paved,,City,Arterial,,,SENTELL YARBROUGH BLVD,BLOOMFIELD DR
01KP4C8ARPSXPHYQXDMG18EEGB,{E2061F75-A1B1-4CC4-83E6-07E5738656AD},WILL BUECHNER PKWY,80,B,'-12,asphalt,2,1583.7886222619536,24,30,10 Years and 10 Months,53245.465110330435,paved,,City,Collector,,,ANTLER RIDGE DR,RICHLAND RD
01KP4C85FBDBD8E6730VWFSKT4,{C6D8C28E-F4E6-4ABA-834C-C57F09A674BF},GENTRY DR,80,B,'-10.5,asphalt,2,161.57353533234408,50,28,10 Years and 1 Months,11316.559121491558,paved,,City,Local,,,HARVARD DR,DISTRICT CT
01KP4C7ZP459PNBAC70N1VN8DG,{814D6434-1623-435A-BB79-82349BE5CEF2},S DEBARDELEBEN ST,80,B,1.67,asphalt,2,842.5607508978394,50,8,2 Years and 11 Months,59012.687513281206,paved,,City,Residential Collector,,,E MAGNOLIA AV,E THACH AV
01KP4C8E5PWMR2G6ZBW8KX413K,{A280141D-35AF-4393-89D5-F6E37BAD8063},YARBROUGH FARMS BLVD,80,B,4.5,asphalt,2,698.9375529606594,60,8,2 Years and 11 Months,58744.03718931257,paved,,City,Residential Collector,,,BIRDIE LN,TITLEIST WAY
01KP4C7Z4TFJNS3E6CCE1DNFWG,{6637A416-7A89-4A13-992A-BB8703B6FC32},OPELIKA RD,80,B,15,asphalt,2,237.37053005324384,24,6,2 Years and 2 Months,7980.171153218578,paved,,City,Arterial,,,DOWDELL AV,PITTS ST
01KP4C8AQXQSF3P874G6342BNX,{8CED5A9D-1B8D-4971-A839-122EC09EAE6E},WILL BUECHNER PKWY,80,B,'-10,asphalt,2,4969.1988888464675,24,30,10 Years and 10 Months,167059.7340726479,paved,,City,Collector,,,MARTIN LUTHER KING DR,BUCKHEAD RD
01KP4C7QY4HQPFRAE7RWHCDF7W,{C6069CD4-82EA-4035-8D3D-B69F6E6D07F6},WIMBERLY RD,80,B,'-0.87,asphalt,2,1028.4164235314615,60,20,7 Years and 2 Months,86435.95178728712,paved,,City,Local,,,WILLIS TURK RD,SEMAPHORE DR
01KP4C7VMM8D00MJ3QT9YK4SQ1,{0538CC04-13CB-44B3-9658-97C87CF1D81D},OPELIKA RD,80,B,26.88,asphalt,2,1113.1564602638027,24,30,10 Years and 10 Months,37423.26004505928,paved,,City,Arterial,,,N ROSS ST,DOWDELL AV
01KP4C7Z5AY6DVERE50X7DZ3NS,{C4BFD23E-0276-40A7-804A-D034E300620B},ANNALUE DR,80,B,0.5,asphalt,2,249.80717786279297,70,20,7 Years and 2 Months,24494.981607101643,paved,,City,Collector,,,KURT CIR,SCOTTWOODS DR
01KP4C7ZKK0YEMVB0ZKA215ZMF,{AD80D060-E8A6-4E1A-B223-A2E90E770BAD},MARTIN AV,80,B,7,asphalt,2,230.90506150779703,24,20,7 Years and 2 Months,7762.8082583097475,paved,,City,Local,,,HUDSON TER,CENTER PL
01KP4C7W6N9SYPNV6ZAKJJY0P8,{BC1F087E-E20C-417C-8DAA-BF3118376879},E UNIVERSITY DR,80,B,8.5,asphalt,2,351.09520690489114,60,28,10 Years and 1 Months,29508.716199387283,paved,,City,Arterial,,,LOFTIN DR,WRIGHTS MILL RD
01KP4C8ANAWAF36MQYGSSCNSQK,{DCC26C19-EE18-4886-9235-7338BE8A210C},TIVOLI VILLAGE DR,80,B,4.5,asphalt,2,69.87088393559051,24,28,10 Years and 1 Months,2348.992574215567,paved,,City,Local,,,VINCENTE DR,
01KP4C82M18C9SMNFN1ES1VPS1,{033345AC-E946-4960-ACEC-BF5E5DEE1E5D},E UNIVERSITY DR,80,B,'-1.71,asphalt,2,805.9308974646492,60,6,2 Years and 2 Months,67736.57304881456,paved,,City,Arterial,,,S DEAN RD,HEARD AV
01KP4C7R73QET8YE6W0C19GDGA,{6ABB4637-BC61-4325-B1F3-136D81E775C9},FARMVILLE LAKES DR,80,B,'-9,asphalt,2,207.6610779328107,60,30,10 Years and 10 Months,17453.419169114804,paved,,City,Local,,,THORNBERRY DR,FURLONG TRL
01KP4C7YZRTFS07DZ2MG6M0557,{FAA59D34-52BE-41D1-BA18-7FFBBDEF9A4E},FLOWERS AV,80,B,'-9.5,asphalt,2,350.5816651547306,50,20,7 Years and 2 Months,24554.62853167061,paved,,City,Local,,,OAK ST,FLOWERS CIR
01KP4C7ZNZ2M1ZTB4135TZFZ0C,{6F5E21DE-6977-471E-8A7B-12719BB8395A},E THACH AV,80,B,'-15.5,asphalt,2,501.44839750169376,60,6,2 Years and 2 Months,42145.5438852614,paved,,City,Collector,,,S BROOKWOOD DR,COVE CT
01KP4C8ADH3PX3A364S57V8E2R,{790D4137-C78D-4844-878A-9125B9BA6CCE},DOWNS WAY,80,B,'-2,asphalt,2,746.0661571418756,60,20,7 Years and 2 Months,62705.084159781436,paved,,City,Residential Collector,,,MALLARD LN,LOGAN CT
01KP4C7RN0MXWVX07CR20NSGBG,{402B4A54-2E5F-43B1-90C9-4B0AF9F3415C},W FARMVILLE RD,80,B,16.5,asphalt,2,244.21327727027818,80,30,10 Years and 10 Months,27367.392659177207,paved,,City,Arterial,,,N COLLEGE ST,
01KP4C8A7S17KP1JMBCS5MJD5D,{9829DF1B-36C7-4518-9EAC-8741FDFA8F9E},TIVOLI VILLAGE DR,80,B,'-1.75,asphalt,2,567.4821175731078,24,28,10 Years and 1 Months,19078.20833364829,paved,,City,Local,,,N COLLEGE ST,DOLCE ELLA LN
01KP4C82KFNSQPKZEFF7EPMJKJ,{61251C48-6FAB-434F-A63A-36909DD5F69F},E UNIVERSITY DR,80,B,6.94,asphalt,2,861.5511439243877,24,8,2 Years and 11 Months,28964.528933838934,paved,,City,Arterial,,,SOUTHVIEW DR,LOFTIN DR
01KP4C7W69JD9ZQ1SD0BYT8JT6,{DB534CB0-C90A-461A-B465-A0B1DE18A9D1},E UNIVERSITY DR,80,B,10.13,asphalt,2,438.16772357166906,80,10,3 Years and 7 Months,49102.60521295211,paved,,City,Arterial,,,S DONAHUE DR,SUNNYSLOPE CT
01KP4C8AN5X742FFMSKME605X8,{DFE84C7E-5440-4478-83D2-6225E9302FE9},TIVOLI VILLAGE DR,80,B,0.5,asphalt,2,227.90730423114096,24,20,7 Years and 2 Months,7662.026513675499,paved,,City,Local,,,,VINCENTE DR
01KP4C7YX63TXNM9682BR7YZ8W,{EEE015C7-4DD7-47E3-A5E2-1F16322FF96D},FRAZIER ST,80,B,'-3,asphalt,2,82.4642569511776,40,20,7 Years and 2 Months,4620.616302185031,paved,,City,Local,,,CANTON AV,TALBERT DR
01KP4C8AFFK4RAXKCNS44XZWND,{977B28A7-11CF-460B-8097-669AD2D52082},SHELTON COVE LN,79,B,'-4.12,asphalt,2,505.53533093724263,50,20,7 Years,34699.383409609065,paved,,City,Local,,,ASHLEY CT,TURNBURY LN
01KP4C8AR89VPCYPJYQY0FNKVV,{09408BD7-EA9F-4C53-8E6B-C85F6187642B},FARMVILLE LAKES CT,79,B,3,asphalt,2,232.85263036046172,50,20,7 Years,15982.745822797247,paved,,City,Cul-de-sac,,,FARMVILLE LAKES DR,
01KP4C7QSXN0PF9RKJK8C99DPF,{500B49AA-7237-4987-A1A2-D0320DF10616},SAUGAHATCHEE RD,79,B,'-2.17,asphalt,2,722.2050091618916,60,20,7 Years,59485.61925463447,paved,,City,Local,,,OPELIKA RD,EMILY AV
01KP4C7RJG9JFFKMFGY5VX5ANY,{C75E13CF-D644-4C1A-BB0B-9ACB733D70C5},PARKER CREEK TRL,79,B,17.83,asphalt,2,401.34875479059565,50,20,7 Years,27548.132585765605,paved,,City,Local,,,SPENCE NOLEN PL,
01KP4C8ABMQBKT6E13FGT2PAZ0,{7A485506-DC5E-4ACC-841D-026CCBEAB915},NORTHERN FLICKER CT,79,B,0.63,asphalt,2,384.56352135719135,25,20,7 Years,13198.006406578052,paved,,City,Cul-de-sac,,,NORTHERN FLICKER DR,
01KP4C82MAVV1ZS0855V5E8A8H,{F28489AC-E242-46BE-A163-85A62192F65D},MILLERS POINT RD,79,B,'-7.25,asphalt,2,263.9054696148441,50,20,7 Years,18114.178206063323,paved,,City,Local,,,SLADE CT,
01KP4C861B15NYCF6GPAB3JVZN,{03EECCA7-3A6E-4793-AFE1-D890D9091C2C},ALYSA CT,79,B,'-5.12,asphalt,2,448.7374961754925,50,20,7 Years,30800.843140267832,paved,,City,Cul-de-sac,,,,EAST LAKE BLVD
01KP4C7RECTEHQXTN47N73XQFT,{17CA520B-4023-437A-9F59-1F443F49065A},VFW RD,79,B,'-10,asphalt,2,139.4651091376719,50,20,7 Years,9572.730129977424,paved,,City,Local,,,ARCADIA AV,
01KP4C7Z176ZQ1696PB87CEQCP,{F4DD34B3-C84C-49C0-A0AA-54832CBAFE32},ALAN AV,79,B,'-3.25,asphalt,2,743.489163336948,50,20,7 Years,51032.270072377716,paved,,City,Local,,,MAPLE ST,OAK ST
01KP4C7QSFAAZ7Z809HF0Z8H58,{40E27ED8-C58B-4C08-A38B-0FCF04311B0A},YARBROUGH FARMS BLVD,79,B,'-2.5,asphalt,2,287.0909859289758,24,6,2 Years and 1 Months,9458.691016406656,paved,,City,Residential Collector,,,N DONAHUE DR,CLUB CREEK DR
01KP4C7R06MF5ZQMHRTR87KMRP,{33982B39-CFBE-43B7-9528-C7055A2650DB},BANBURY CT,79,B,9.75,asphalt,2,152.17267537832853,50,20,7 Years,10444.963357218048,paved,,City,Cul-de-sac,,,BANBURY ST,
01KP4C8DYGQ23XFHSA36EYHWSZ,{9D96B1F9-10B1-4A9A-ABD6-505729C2DD46},CEDAR PL,79,B,2.75,asphalt,2,346.93755016856045,50,20,7 Years,23813.407957403135,paved,,City,Local,,,NATURES TRL,BLUEBIRD DR
01KP4C8AAX6R3KR0AMSAFDVC7C,{131C7505-1E8C-4140-B517-9F3010F84560},DUNKIRK CIR,79,B,'-0.75,asphalt,2,580.5743534936332,50,20,7 Years,39849.978541187986,paved,,City,Local,,,WEST RICHLAND CIR,
01KP4C8DYCYRMNVV0ZSF96DQEP,{C770A2DA-B67D-4115-B74D-4F0A97214793},KENNESAW LN,79,B,'-7,asphalt,2,803.6398148778795,50,30,10 Years and 6 Months,55160.94396009,paved,,City,Local,,,,THORNE PL
01KP4C8AB0FTEX370FCCZ5B5DK,{9F74BF99-9E35-42BF-A4CB-453C1C3CBD56},NORTHERN VILLAGE CT,79,B,'-2,asphalt,2,454.0381305233904,50,20,7 Years,31164.672792313835,paved,,City,Cul-de-sac,,,JACK HAMPTON DR,
01KP4C82ZD0WJPH61MSN2QHG51,{106A3C56-E002-4A39-BE46-957C3C633C59},LETOHATCHEE ST,79,B,7.06,asphalt,2,392.73987531919937,50,20,7 Years,26957.228664270602,paved,,City,Local,,,TULLAHOMA DR,EMBRY LN
01KP4C8DVMJCX4PTFY8TB7ZYHD,{FB49300A-CB1A-42FB-BD7C-76595CE7E498},CLEVELAND RD,79,B,6.5,asphalt,2,426.58484106298886,50,20,7 Years,29280.30950740682,paved,,City,Local,,,BENNETT LN,SHROPSHIRE DR
01KP4C83AY9AXN2EVTHFDJBRB4,{A151FFDE-21AE-40A3-BAFF-945F6046922F},BANBURY ST,79,B,'-4.62,asphalt,2,333.44723714327483,50,20,7 Years,22887.447860584227,paved,,City,Local,,,BANBURY CT,WHITTINGTON ST
01KP4C8DNEP8EZP4SDMWVS9ZR6,{A9B0C200-42C2-4875-AA71-0F860ECD7E89},KENNESAW LN,79,B,1.5,asphalt,2,152.94657028936862,50,6,2 Years and 1 Months,10498.08264402861,paved,,City,Local,,,,ARMISTEAD LN
01KP4C7ZMZB6F6XSFXTY97S2A6,{3B219A82-6DBA-4A01-B305-9CB89B11491E},ANDREW CT,79,B,'-10.25,asphalt,2,167.96147650113122,50,20,7 Years,11528.689123174865,paved,,City,Cul-de-sac,,,DEKALB ST,
01KP4C8ACCH52X556NAG1M5215,{A9BDB8BA-2AE5-49A5-92F9-716DA01CADA0},OPELIKA RD,79,B,22,asphalt,2,393.30258139623203,100,28,9 Years and 10 Months,53991.7043683383,paved,,City,Arterial,,,3RD AV,2ND AV
01KP4C8AR3QZ2X7YPS584656ZQ,{CE080D84-4E5D-4587-8531-337887889FE9},FAUNSDALE RD,79,B,'-5.33,asphalt,2,724.8798144787802,50,20,7 Years,49754.94504380737,paved,,City,Local,,,RUTLAND RD,MIMMS TRL
01KP4C82GKRD0PYR95S0828RNA,{DC1E92B2-F639-46F6-8308-196EEF023ADB},HONEYSUCKLE DR,79,B,8.21,asphalt,2,680.5215865108407,60,20,7 Years,56052.294675609584,paved,,City,Local,,,COUNTRY SQUIRE RD,ROCKY HILLS DR
01KP4C8DPD218FZBKJZ75Y4HCN,{69F5D2F6-9E7E-42C4-8129-3A736ECA5052},COX RD,79,B,3.63,asphalt,2,58.514251989515586,80,28,9 Years and 10 Months,6426.165185159689,paved,,City,Arterial,,,,
01KP4C8AEP9J4P5PWB2P3TWC8J,{79486E88-5363-45AE-A290-80F55F465936},PLAINSMAN HILLS LN,79,B,'-5.22,asphalt,2,1023.3323098728599,50,24,8 Years and 5 Months,70240.39271377324,paved,,City,Cul-de-sac,,,HEATH RD,
01KP4C7QR1ZJC54QFXT6TK27EQ,{CDA6456B-582F-4967-8D31-DE93B8D5AA97},GROVE HILL RD,79,B,'-5.25,asphalt,2,499.63893108497524,80,6,2 Years and 1 Months,54871.45772048773,paved,,City,Residential Collector,,,MOORES MILL RD,BRIAR CLIFF LN
01KP4C82KB5A1MHRB091M1E44N,{71371386-0537-476D-AB1B-6BF10D6D6242},JACKSON BLVD,79,B,'-0.25,asphalt,2,646.5048308525149,24,20,7 Years,21300.179160487525,paved,,City,Local,,,VFW RD,BRIARWOOD AV
01KP4C82WGVJJDHFBZNFMKN99W,{DE1586AD-D077-4598-9F0F-361DD705E428},QUAIL HOLW,79,B,'-4.42,asphalt,2,638.2594221696995,60,30,10 Years and 6 Months,52571.30107271091,paved,,City,Local,,,PIEDMONT DR,TURKEY TRL
01KP4C7ZE8AT2ZK0EWS23KEEFF,{3F3A1B9D-8661-4094-BC5E-8B890BD7A78C},BRENTON LN,79,B,7,asphalt,2,1423.7732095014853,50,30,10 Years and 6 Months,97726.21112994918,paved,,City,Local,,,WATERCREST DR,BRENTON XING
01KP4C8AP7MF2ZEMP5QBCZREFC,{5DC6A137-F067-482D-8D62-8857A081655F},AZALEA DR,79,B,'-6.46,asphalt,2,849.2598579549019,60,20,7 Years,69950.7036335521,paved,,City,Local,,,,S GAY ST
01KP4C8AFEDHMYHQRRP69WRZME,{64AA8748-E691-410D-B4C7-34DAC7EF930E},TURNBURY LN,79,B,'-6.33,asphalt,2,405.4732966683919,50,20,7 Years,27831.236557433236,paved,,City,Local,,,,SHELTON COVE LN
01KP4C82N3EJ75WMHGKJ9NX064,{C5A0F34C-FBF6-434F-AD18-90659CCFE4CE},BODDIE LN,79,B,0.75,asphalt,2,516.1772912446734,50,20,7 Years,35429.835740710776,paved,,City,Local,,,SHELTON MILL RD,BIBB AV
01KP4C85QCZDZ6SDJGHJ8W13GZ,{BFD3C174-8926-4C1F-96D5-ED60ACAAF70E},BLACKWOOD CT,79,B,'-5.62,asphalt,2,462.26131448764306,50,20,7 Years,31729.103002749052,paved,,City,Cul-de-sac,,,MCCURRY LN,
01KP4C8ACGFPM6PBKNFBN3SJ80,{1EDB28FF-A7FC-4B77-AF8D-2261E2F96BCA},GREY OAK CIR,79,B,14.19,asphalt,2,671.1141260511157,50,20,7 Years,46064.52792978631,paved,,City,Local,,,,
01KP4C839GEHTN94A3X9WF8KAX,{BBF65EA1-0E4D-41C4-84B2-849CE35FA409},TUSCANY HILLS DR,79,B,'-4.25,asphalt,2,224.3843195414861,24,30,10 Years and 6 Months,7392.715381160164,paved,,City,Residential Collector,,,,
01KP4C7YZWEEFJB5P8960KJ9VX,{74356017-901F-40B6-9F5C-F9249FA300D9},FLOWERS CIR,79,B,14,asphalt,2,153.8079931818786,50,20,7 Years,10557.209754233942,paved,,City,Cul-de-sac,,,,FLOWERS AV
01KP4C86181PD2PCPHGFCRCG48,{5DCC85D4-1B98-41C5-B3DE-263CEDC7400A},WEATHERFORD ST,79,B,'-9.87,asphalt,2,329.9872061647755,50,20,7 Years,22649.955178698892,paved,,City,Local,,,,GARRISON LN
01KP4C8613K380BAA3F9HJ9MBB,{D18DE8C4-3245-4AD5-A69D-66A1EF712308},BANBURY ST,79,B,5.46,asphalt,2,610.3455042229582,50,20,7 Years,41893.437248192495,paved,,City,Local,,,WESTON ST,BANBURY CT
01KP4C836Q04GHM044VKTB9MV9,{64A5CDB8-27EC-4AC9-BD17-B19415E1F4E8},QUEENS WAY,79,B,'-6,asphalt,2,344.36418085839426,50,20,7 Years,23636.77474725256,paved,,City,Local,,,CHARLESTON PL,CAROLINA CT
01KP4C7YR8R23R2JZNSMA8T86W,{74DDADC4-06C7-474F-B1E3-6814CB281528},MASTERS CT,79,B,'-5,asphalt,2,744.0513992655341,50,20,7 Years,51070.8613218093,paved,,City,Local,,,COX RD,
01KP4C7YRVXJKFYCY9SEBYS2YY,{A78D2AC1-6532-4F3C-B8C8-1571A261BA37},JOHNS CIR,79,B,8.21,asphalt,2,623.9626315320589,50,20,7 Years,42828.10173654771,paved,,City,Cul-de-sac,,,JENNIFER DR,
01KP4C7YX56FPPC535YEXEW2PA,{774F3D6C-3073-4C0A-B95C-60853FEA29BE},FRAZIER ST,79,B,'-1.12,asphalt,2,242.69513344904493,40,20,7 Years,13326.659438946446,paved,,City,Local,,,GRANT AV,CANTON AV
01KP4C82F7R55TJ0BP132W421Y,{D8BE5AD2-66AC-4F50-97FF-DD3DFFCC0CEA},BURTON ST,79,B,13.5,asphalt,2,271.2556344413068,37,20,7 Years,13777.827161147425,paved,,City,Local,,,E GLENN AV,TICHENOR AV
01KP4C8DSQ5NKFQRM9S35P6XA2,{B1AA71BC-490B-473C-A9F4-E21DA5E1D76D},ANNALUE DR,79,B,'-4.25,asphalt,2,324.3811676425522,60,30,10 Years and 6 Months,26718.19550815822,paved,,City,Collector,,,N DEAN RD,
01KP4C82ZKCJARFGB6RXA2HNPG,{35568EED-C3A4-4EB1-ABC9-915535890E3E},FIELDVIEW DR,79,B,'-4.53,asphalt,2,1047.189537565105,60,20,7 Years,86253.5115774458,paved,,City,Local,,,COX RD,
01KP4C832GPBQHHR7BFV8MDHEG,{32BB4F10-ED5A-418E-88E4-B377398E3CCB},STANFIELD DR,79,B,'-1.75,asphalt,2,261.8693899001668,50,20,7 Years,17974.423956758674,paved,,City,Cul-de-sac,,,SANDHILL RD,BETH ANNE PL
01KP4C8396MWXMTYTDKRFP3RC0,{224527D3-96B9-4FA1-981E-F5B21155E6F0},TUSCANY HILLS DR,79,B,'-0.87,asphalt,2,379.44105335919625,24,8,2 Years and 10 Months,12501.317904674317,paved,,City,Residential Collector,,,,SOPHIA CT
01KP4C85GQ3XPWEFC0GR660458,{21C26DA5-CD63-42C2-884B-483C007E848E},WESTVIEW DR,79,B,'-0.75,asphalt,2,1146.1107612383264,50,20,7 Years,78667.76919499732,paved,,City,Local,,,N DONAHUE DR,
01KP4C8DWNB99TPVRQHDG89SMR,{DE853045-FF22-4281-90B7-10A3E9020903},LUVERNE AV,79,B,'-0.37,asphalt,2,478.5305673244188,50,20,7 Years,32845.806440517736,paved,,City,Local,,,,N DONAHUE DR
01KP4C85KRCHFQC5YN4K8DT28H,{B5651240-D8A9-431B-9A17-F94660B9E96D},CONREY CIR,79,B,'-9,asphalt,2,123.40818525050628,50,20,7 Years,8470.600715388917,paved,,City,Cul-de-sac,,,CONREY DR,
01KP4C85PGJRC8CAWBSNZWEPJ6,{1CEE0CDC-E506-4FE2-B89A-E145681E8DF2},GLENDALE CIR,79,B,'-4.34,asphalt,2,991.4117329268423,50,28,9 Years and 10 Months,68049.39977950632,paved,,City,Local,,,EAST LAKE BLVD,
01KP4C861PKHBEWCSX2HNXR5VV,{75FE8BAB-D876-4664-A291-AF7389EF1286},MIMMS TRL,79,B,'-9.5,asphalt,2,161.29360855374702,63,20,7 Years,13949.477735770812,paved,,City,Local,,,MIMMS LN,ALBANS LN
01KP4C8ACYZ1S5WTC1DJMAQWMP,{3F13F73A-AF88-4F17-A730-A7B2767D18D4},WHISKEY RUN LN,79,B,'-2.19,asphalt,2,349.3205082127453,50,28,9 Years and 10 Months,23976.971549824826,paved,,City,Local,,,DARTMOUTH DR,
01KP4C8AFD8P7XZRDV29VY18PY,{F6AF324B-FD96-4272-875E-E694AE4EBAA2},VINCENTE DR,79,B,'-4.37,asphalt,2,306.6836107540782,50,30,10 Years and 6 Months,21050.422282592415,paved,,City,Local,,,VALENTINO CT,TUSCANY PL
01KP4C8AR8KDJ53DZ5VAJS382T,{374B61ED-CE58-43EA-A120-A61CA0B65538},SPYGLASS CT,79,B,2.88,asphalt,2,391.9401180280733,50,20,7 Years,26902.334212426915,paved,,City,Cul-de-sac,,,,YARBROUGH FARMS BLVD
01KP4C8DQ7ZZM91C79BJACS157,{62A7A5CD-45B6-4294-A670-344D20040FCA},VFW RD,79,B,6,asphalt,2,155.96059762277798,60,20,7 Years,12845.954557529476,paved,,City,Residential Collector,,,,CARPENTER WAY
01KP4C8DVVVD2H04HAAE1AP7VQ,{EDE04FA8-66C2-4E70-A980-D5E733D65E73},ADARE DR,79,B,'-4.25,asphalt,2,595.7002916956832,50,20,7 Years,40888.2061327787,paved,,City,Local,,,OLD FOREST WAY,OLD FOREST WAY
01KP4C8DWGJHH99V1WBGB7CNMT,{04A645E9-B805-490D-91CD-8E57003F4097},HOGAN DR,79,B,'-3.5,asphalt,2,351.09126534881585,50,20,7 Years,24098.514352136775,paved,,City,Cul-de-sac,,,,
01KP4C8DY330JDGRKQE61YZHS8,{B0029B19-A620-491C-B205-B78271E28996},DALBY PL,79,B,0.5,asphalt,2,484.45209355613207,50,20,7 Years,33252.253421588954,paved,,City,Local,,,PRESERVE DR,CLEMENTS LN
01KP4C8DYEPA8FZDZPCBY24YM4,{51C36ADC-8FD9-4B08-AED8-74E0AE502FAE},RUTLAND RD,79,B,0.33,asphalt,2,728.2627653216264,50,8,2 Years and 10 Months,49987.147030826076,paved,,City,Local,,,SHAGBARK LN,
01KP4C8DYCJVEZME18TNJ14J7C,{8EDAFC48-6365-49EA-A064-4C60D159706C},SHAGBARK LN,79,B,4.13,asphalt,2,538.5845771766521,50,20,7 Years,36967.84695009744,paved,,City,Local,,,RUTLAND RD,
01KP4C8E5CJ98X7JJHBK3V6FAC,{1AF9170D-9A4A-4B75-9D79-22D019F76151},CHERINGTON DR,79,B,6.55,asphalt,2,1114.578136297079,50,10,3 Years and 6 Months,76503.40485528007,paved,,City,Local,,,GLASCO ST,BARNSLEY ST
01KP4C7YWP6PV2KN70AN1YAWA5,{6A8648E6-E314-4FF5-BDA6-6306DA242373},OLD MILL RD,79,B,0,asphalt,2,190.23918477242577,50,20,7 Years,13057.806265907333,paved,,City,Residential Collector,,,,MAPLE ST
01KP4C8DX5KTQKEB0X4ZA1NSJR,{32A21A2C-BA99-49A9-B018-8448117501EF},BRIDGEWATER BLVD,79,B,'-1.37,asphalt,2,715.5390849680026,50,28,9 Years and 10 Months,49113.807748775966,paved,,City,Local,,,,TURING LN
01KP4C8AR10SSP2WGSEAR4S8QH,{05367665-762D-4C54-870B-76E968E58353},FERNWOOD CIR,79,B,9.17,asphalt,2,654.4746630109976,50,20,7 Years,44922.413675004864,paved,,City,Cul-de-sac,,,CHAPEL HEIGHTS DR,
01KP4C8322K5JHTEJ4W6Q045E3,{44B226D3-055C-4811-B5D1-8DC6D0DC0697},BENT CREEK RD,79,B,2,asphalt,2,28.491338893767626,80,20,7 Years,3128.9821513999905,paved,,City,Collector,,,NOTTINGHAM DR,NOTTINGHAM DR
01KP4C82PEP1H4H9FGQXGBX28N,{B0C19F32-01F9-4408-AB19-14032558B568},CONREY DR,79,B,'-0.19,asphalt,2,546.5093772423189,50,20,7 Years,37511.7964212714,paved,,City,Cul-de-sac,,,DENSON DR,CONREY CIR
01KP4C85J8Y63VNGQJVCEXS537,{C3FEA093-13F3-4EC1-8648-A25C565FFF8D},SPENCER AV,79,B,'-3,asphalt,2,233.77182392087033,50,20,7 Years,16045.838247457516,paved,,City,Local,,,,
01KP4C85QBVMSG2CBMQDRHN6WK,{7F2F8869-F502-4E25-B3A9-7657352A014C},MCCURRY LN,79,B,0.19,asphalt,2,2331.5172122935546,50,20,7 Years,160032.75087714926,paved,,City,Local,,,SOCIETY HILL RD,BLACKWOOD CT
01KP4C85KC56YDRKY874KCT30T,{3980C04C-2945-471B-9A8F-3F49EEC4A4B6},E UNIVERSITY DR,79,B,7.75,asphalt,2,356.6986788976949,80,6,2 Years and 1 Months,39173.441580275736,paved,,City,Arterial,,,HAMPTON DR,CHARING LOOP
01KP4C7Z98EY5GDPSGJPQYRD8T,{F06CC1E9-68C7-4140-9DEE-503C4DEB154C},GREENTREE TER,79,B,'-1.14,asphalt,2,1124.317033141663,50,20,7 Years,77171.8719136958,paved,,City,Local,,,N DONAHUE DR,
01KP4C7RKXAQQ7TY6VBFFMWPVX,{A1B21AD5-5E87-4CDD-B346-9E21D98EF09D},SHADOW BEND LN,79,B,'-0.58,asphalt,2,2429.8013094592757,50,30,10 Years and 6 Months,166778.86210205196,paved,,City,Local,,,KEYSTONE DR,KENNESAW LN
01KP4C8DWWEF2RSBEJGEBDJ1QQ,{72CB9FB7-B72B-448F-B030-C51AA2F688C9},E UNIVERSITY DR,79,B,6.2,asphalt,2,1235.162861888614,24,6,2 Years and 1 Months,40694.499089690195,paved,,City,Arterial,,,GATEWOOD DR,STOKER ST
01KP4C8ABQVE516FKW15PTNQWS,{DC1AF3FD-8338-45F3-BC95-B04392E6D720},FOUNTAINVIEW CT,79,B,2.25,asphalt,2,574.555185834057,50,20,7 Years,39436.82956099875,paved,,City,Cul-de-sac,,,BARKSDALE LN,
01KP4C8ARWNT5K3EDYRE0BRS0H,{E20DD505-1B91-49DE-8F1D-B8BBBA975A0E},MCALPINE RDG,79,B,'-2,asphalt,2,713.1682345492649,50,20,7 Years,48951.07521031203,paved,,City,Cul-de-sac,,,ACADEMY DR,
01KP4C82FACMT9S55V4JZD9VW0,{31FDE360-0486-4D9D-BB97-280BAF23166F},LAKEVIEW DR,79,B,2.2,asphalt,2,1274.672387274944,50,20,7 Years,87492.09635989962,paved,,City,Local,,,CRAWFORD ST,SHORT ST
01KP4C897SJYVWKSDGJ4746KG2,{0258AE89-74C4-43FB-A156-524A1B4E9348},RILEY ST,79,B,5.23,asphalt,2,3376.3192015147433,100,28,9 Years and 10 Months,463493.5970523851,paved,,City,Local Commercial,,,INNOVATION DR,CORPORATE PKWY
01KP4C7ZNWTXJDRSMFRVXQYANN,{BA466053-44AA-4447-BC92-5AAFCFEA8A44},E THACH AV,79,B,4.25,asphalt,2,346.07543371165247,58,6,2 Years and 1 Months,27554.910560381446,paved,,City,Collector,,,PAYNE ST,W CHEWACLA DR
01KP4C7W12BM50V4YKPZV5XCF2,{8DBAC16D-DD89-406F-B4F8-AE55F5A60D10},S EVERGREEN DR,79,B,0.19,asphalt,2,522.6063238857565,60,20,7 Years,43045.34087739014,paved,,City,Local,,,JANABROOKE LN,
01KP4C7QTRG5XMMBVPBBT3KR91,{4D9DDC0C-E646-4635-8B04-C97636456DA9},DEER RUN RD,79,B,'-2,asphalt,2,742.3154566549686,60,6,2 Years and 1 Months,61142.04977981424,paved,,City,Residential Collector,,,CROSS CREEK RD,WILDWOOD DR
01KP4C8AB8YD0XTFRXHANQ7ZTT,{DC84BD1A-1242-4C7D-B87E-D424A7CE1DB5},MEADOW COVE RD,79,B,'-4.25,asphalt,2,728.6505995868174,50,20,7 Years,50013.767543861824,paved,,City,Cul-de-sac,,,BARKSDALE LN,
01KP4C7RMGA19T7SJ7BE04CDDM,{7792FF7F-66DF-4255-9902-B5700B08E506},WEBSTER RD,79,B,'-1.5,asphalt,2,380.9943091158274,80,6,2 Years and 1 Months,41841.641681120425,paved,,City,Collector,,,,BELLWOOD PL
01KP4C7W1ZHBS1CMDJ3XA77RPZ,{E51561B0-2FC6-4DCD-ABAA-A5596197810A},S EVERGREEN DR,79,B,'-4.75,asphalt,2,1537.4884677591756,60,20,7 Years,126637.8001277641,paved,,City,Local,,,FORSYTHIA CT,KALLIBROOKE LN
01KP4C8AAK5A7VHCBSSXPDQXWA,{0F76DB7D-2802-4022-9BD1-1704C31EBA85},HERITAGE RIDGE LN,79,B,3.75,asphalt,2,498.994044620262,50,28,9 Years and 10 Months,34250.39678490742,paved,,City,Local,,,LAMB LN,ARLINGTON CT
01KP4C7W23A5FFN4ZQ7N8VQTJ2,{172D6EF2-0D2F-4FA7-866D-35A33A85D02E},FORSYTHIA CT,79,B,0.25,asphalt,2,506.62064109996436,60,20,7 Years,41728.65347193373,paved,,City,Local,,,S EVERGREEN DR,
01KP4C7Z88PQR6QJ69B2J7Q5MR,{C9709DD8-3F63-4558-B682-E6E6D05B6E4C},DEWEY ST,79,B,'-6.62,asphalt,2,321.74654647267465,60,20,7 Years,26501.190544465964,paved,,City,Local,,,RAINTREE AV,VELMA CIR
01KP4C85PNSX93NPRMN1EJ0EF4,{95E4D04B-759D-4C7C-B135-EFE2881C6785},EAST LAKE BLVD,79,B,'-4,asphalt,2,475.67682133879373,50,20,7 Years,32649.928486893314,paved,,City,Local,,,MELISSA CT,ALEX AV
01KP4C8AG7ESF6PNYHRT5SF782,{96E0F1C9-2505-4329-AD36-01B8B21D6DDE},CREEK NATION DR,79,B,1.06,asphalt,2,719.5934501452276,60,20,7 Years,59270.51384362857,paved,,City,Local,,,INDIAN HILL RD,ARAPAHOE CIR
01KP4C82MR8K2TH8EC0TBJXQ6D,{915B1695-D1F9-4C17-8C0F-50C033FE0F67},ELKINS DR,79,B,6.19,asphalt,2,968.1442958816617,60,20,7 Years,79742.81850411954,paved,,City,Local,,,E UNIVERSITY DR,GREEN ST
01KP4C82KPCJT4Z1DFWZSZG9DC,{6B3D5C15-0ACD-4C7D-AC11-F46120147C8C},E UNIVERSITY DR,79,B,'-6,asphalt,2,20.351399588457966,80,22,7 Years and 9 Months,2235.0359281368724,paved,,City,Arterial,,,BERKELEY AV,HAZELWOOD CT
01KP4C8A8PCFFCNV9D1PEETX5K,{D769B723-30EE-4653-88FA-CE6584A8817A},E UNIVERSITY DR,79,B,2.75,asphalt,2,930.590324860268,80,18,6 Years and 4 Months,102199.49745465431,paved,,City,Arterial,,,SHUG JORDAN PKWY,LOIS LN
01KP4C83ATBR5T6JXHN1B32191,{F98F6AF7-96C3-4447-9AE6-7B9DF2E87D78},EAST LAKE BLVD,79,B,'-6.5,asphalt,2,813.9658267339598,50,28,9 Years and 10 Months,55869.70994054484,paved,,City,Local,,,OGLETREE RD,GLENDALE CIR
01KP4C8DQ53M4DFBZBACEJ8E1F,{A821B904-6B33-4EC5-84AB-6B18E2D7A625},MOORES MILL RD,79,B,'-6.94,asphalt,2,458.9733985415507,80,6,2 Years and 1 Months,50405.47856871874,paved,,City,Arterial,,,MILLERS POINT RD,
01KP4C85JTWRRZ3A5J7AJRN0YV,{20B830FA-6FC5-4A39-AB7E-D207A0B57F97},MOORES MILL RD,79,B,'-2.93,asphalt,2,1694.1511587170712,80,20,7 Years,186055.44503066145,paved,,City,Arterial,,,MARLEY LN,LEE RD 106
01KP4C85JT94VRYAKF6CR16DPD,{5930BBF8-637D-4114-9437-4FFFFA54B097},MOORES MILL RD,79,B,'-5.5,asphalt,2,183.02586081118284,80,20,7 Years,20100.30675841923,paved,,City,Arterial,,,LEE RD 106,ESTATE DR
01KP4C82XREYBXGHB7YFY3Y5HV,{E26D40C5-0E0A-43C9-A13B-81EC51E075D9},WEBSTER RD,79,B,'-6.93,asphalt,2,1708.478027343234,80,6,2 Years and 1 Months,187628.8535806725,paved,,City,Collector,,,,
01KP4C861RTMJ2W5W7EWJ0C31J,{E50866B3-F7FD-4659-8E55-6B65E43DE6AA},MILL CREEK RD,78,B,4.75,asphalt,2,409.8794447694872,70,10,3 Years and 5 Months,38583.31840096772,paved,,City,Collector,,,CREEKWATER XING,SANDHILL RD
01KP4C82FFXDA265J23HS5EM1Z,{2DDF5FBE-59D2-4F5B-81B4-3E5034EFDDEA},MCKINLEY AV,78,B,'-11.75,asphalt,2,430.043582724818,50,20,6 Years and 10 Months,28915.31137178301,paved,,City,Local,,,GREEN ST,CONE ST
01KP4C7Z16G2ACSFCAHJDCAP0N,{1AD51835-A54F-47C1-B2EA-122837361AF9},MAPLE ST,78,B,12,asphalt,2,348.0268785512277,50,20,6 Years and 10 Months,23400.664405444455,paved,,City,Local,,,OLD MILL RD,ALAN AV
01KP4C7YX3BSRA3RSVTZK68897,{DEF0577C-A278-4EDA-9655-C1C3236A9AAD},OLD MILL RD,78,B,4.9,asphalt,2,574.5584098412519,50,20,6 Years and 10 Months,38632.21308075464,paved,,City,Residential Collector,,,EASTWOOD ST,CARTER ST
01KP4C8ASBXDBMTT3QD6W9A9GM,{AE0BCC43-73E7-4DE3-AB68-1DA7056066C9},BUNKER DR,78,B,'-0.75,asphalt,2,361.14144404748316,50,24,8 Years and 2 Months,24282.462809287917,paved,,City,Local,,,CHIPPER CT,DRIVER LN
01KP4C85SXCXP3NXCAE5T0YQNQ,{7E6FA0AD-0174-4EB3-AFBB-0A65B281CEBD},CARPENTER WAY,78,B,'-1.75,asphalt,2,364.76335371923886,50,20,6 Years and 10 Months,24525.993116741203,paved,,City,Local,,,COOPERS POND RD,MADELINE LN
01KP4C7R08CJ0C7427EWKCQ5AK,{161C4894-ACD5-43C7-8E50-A6794E02B006},WHITTINGTON ST,78,B,6.25,asphalt,2,100.01506324272081,50,20,6 Years and 10 Months,6724.82234755818,paved,,City,Cul-de-sac,,,BANBURY ST,
01KP4C85MA3E8HQ7E478J3VJPS,{C388EF51-C647-486C-8E17-94BA6CB6E504},HICKORY WOODS DR,78,B,1.5,asphalt,2,747.8360531143919,60,20,6 Years and 10 Months,60339.68611414408,paved,,City,Local,,,E GLENN AV,BUTTERNUT DR
01KP4C85T5QRF9NCT8ZNK6SWR6,{15023808-E015-44ED-BEFD-4DD8FD77639C},SHELTON COVE LN,78,B,'-4,asphalt,2,350.43262111155286,60,20,6 Years and 10 Months,28274.906343400715,paved,,City,Local,,,TURNBURY LN,ASHLEY CT
01KP4C82KBD51YCJHDC4QARV2T,{FB749C2C-D40D-4177-9D1F-D641173CC2BE},CORKTREE CIR,78,B,'-2.25,asphalt,2,391.4583686269522,60,20,6 Years and 10 Months,31585.09808578608,paved,,City,Cul-de-sac,,,FERNDALE DR,
01KP4C861BMZQ3AB2RZ1CKJN48,{9A24D56D-0B59-4900-84BA-275C0907E2CE},EAST LAKE BLVD,78,B,'-5.5,asphalt,2,412.4011301865018,50,20,6 Years and 10 Months,27729.06646777812,paved,,City,Local,,,MARIE LOOP,MARIE LOOP
01KP4C85V65Z2DF3286D4HR2B0,{947C0103-D48A-4C80-8302-DCBD4CB82535},WEATHERFORD ST,78,B,'-7.5,asphalt,2,521.3292029431698,50,20,6 Years and 10 Months,35053.18259789313,paved,,City,Local,,,WALDEN LN,AMBER LN
01KP4C7W2PJZEVVDXMVSZNPG92,{4FA799EF-50E0-43A8-8F10-395714183C66},ESTATE AV,78,B,8.38,asphalt,2,291.9257903721678,60,20,6 Years and 10 Months,23554.24091460005,paved,,City,Local,,,WRIGHTS MILL RD,S EVERGREEN DR
01KP4C7W2QY0ZK0S4H5QF8CWAY,{92F203F2-1F4B-4547-9D5E-E31964C667EC},ESTATE AV,78,B,9.75,asphalt,2,852.7103141689337,24,20,6 Years and 10 Months,27520.6163110065,paved,,City,Local,,,S EVERGREEN DR,
01KP4C7VMA1EKM9BV3FSABK8F1,{C97CBA4D-BDB7-4406-8DE2-0F4D7D52167D},STUBB AV,78,B,1.19,asphalt,2,944.0611904312162,50,20,6 Years and 10 Months,63476.87623280368,paved,,City,Local,,,LYNN ST,BOYKIN ST
01KP4C8DVM6GY8S8MH6FPZ42PP,{581C6876-68D2-4DFF-8E35-66894CA45A7D},CLEVELAND RD,78,B,'-8.5,asphalt,2,502.3150364800554,50,20,6 Years and 10 Months,33774.70626237325,paved,,City,Local,,,,BENNETT LN
01KP4C8AQMSZJVGGTCFYDBP5Q8,{EC33AA41-5E03-4ACB-B6B2-F9DFD6F9A832},PETER ST,78,B,'-5.87,asphalt,2,328.14827815422365,50,20,6 Years and 10 Months,22064.065178750654,paved,,City,Local,,,DUNFORD AV,PIPER AV
01KP4C7RHAYWB99MVAXJK5AWEZ,{8C42F7F8-99DD-470C-A934-E853F18EFA05},WINCHESTER LN,78,B,'-5,asphalt,2,825.9304656948258,60,20,6 Years and 10 Months,66640.78957491966,paved,,City,Local,,,RETRIEVER CV,GREEN BRIAR LN
01KP4C831FR0PE6P67883SDHF1,{1666E6F3-C1F8-4C72-A197-B853B73B8ED2},ROANOKE LN,78,B,'-2.15,asphalt,2,1173.5627402256268,50,24,8 Years and 2 Months,78908.12329517072,paved,,City,Local,,,KEYSTONE DR,WINGFIELD XING
01KP4C8DYNJ91YTNCZQEMNR0RS,{55FA540D-7A7F-4342-AC44-1DD421371BBD},FARMVILLE LAKES DR,78,B,'-0.6,asphalt,2,1175.2021122998444,50,30,10 Years and 3 Months,79018.35155082766,paved,,City,Local,,,MONTICELLO DR,
01KP4C8AM1AXJCY1DBYPT1R64A,{7838CE3C-08BF-46FF-BB67-6528D4BB0BA1},INNOVATION DR,78,B,0.75,asphalt,2,1331.2531605427744,100,20,6 Years and 10 Months,179021.8535891807,paved,,City,Local Commercial,,,WEST TECH LN,
01KP4C85FWMNWZ9T86ZKA03CB0,{7F04C2D5-EAFF-4B60-9823-D4A855369AEA},MT VERNON LN,78,B,3.15,asphalt,2,1645.6912129718717,50,30,10 Years and 3 Months,110653.14251029918,paved,,City,Local,,,,POTOMAC DR
01KP4C7R6J9C6F7F5WB315FY7J,{A701D996-21F7-43B0-B42B-3BA0DB736802},WHITE ST,78,B,'-4.75,asphalt,2,457.9706985766303,50,20,6 Years and 10 Months,30793.07744715247,paved,,City,Local,,,ARBOR WAY,ARBOR DR
01KP4C8A8179HJDRMBHSPKH74E,{D1F3AE0C-FE56-4455-9570-6ABE25D9B65C},LAMB LN,78,B,2,asphalt,2,407.85454622737734,50,30,10 Years and 3 Months,27423.36282252652,paved,,City,Local,,,WELCH XING,HERITAGE RIDGE LN
01KP4C8AS9YCNT3KB5Q1AVD0YY,{54B8BA61-CCEF-4DC6-971E-564B43930281},NICKLAUS CT,78,B,'-2.25,asphalt,2,374.67619824369433,50,20,6 Years and 10 Months,25192.51390095697,paved,,City,Cul-de-sac,,,DRIVER LN,
01KP4C7W773N5KEN3QJPXHDFTJ,{46BE241D-AEC0-4354-9D8B-B03A8D60BF0C},FERNDALE DR,78,B,2.75,asphalt,2,310.8999404228981,60,20,6 Years and 10 Months,25085.183764407546,paved,,City,Local,,,FERNDALE CIR,COTTONWOOD CIR
01KP4C7W528H28E2VSEDHR9STS,{A2EA5C0E-18CD-4152-BE88-9145C7FC6C8C},ECHOLS DR,78,B,'-5,asphalt,2,726.1234688791067,60,20,6 Years and 10 Months,58587.790746131344,paved,,City,Local,,,SOUTHVIEW DR,ECHOLS CIR
01KP4C7W7GFM410K4GSBECV97E,{99CC0791-3DD9-4523-BC33-3C52FFE38308},SUNNYSLOPE AV,78,B,'-5,asphalt,2,188.28877276155768,60,20,6 Years and 10 Months,15192.214122246825,paved,,City,Local,,,SUNNYSLOPE CT,
01KP4C7Z7MFST6KHKCMY0JCGPA,{58515735-25CC-443A-9D0C-57E781FBABFB},BOOKER ST,78,B,'-4.5,asphalt,2,419.3231151415246,60,20,6 Years and 10 Months,33833.38506170473,paved,,City,Local,,,JULIE AV,BEDELL AV
01KP4C8DWRQVMSE9E0S2DJSSRC,{23975D45-1DFE-4BE5-9BAA-1311FCA16360},JULIE AV,78,B,'-13.5,asphalt,2,251.18872635576662,60,20,6 Years and 10 Months,20267.341806533852,paved,,City,Local,,,BOOKER ST,N DONAHUE DR
01KP4C82YW8KA4J1TH37VSHDBR,{64E0AC9B-62B3-43F6-A321-BC2519B7BCF2},BOND AV,78,B,'-3.5,asphalt,2,325.43297633487896,60,30,10 Years and 3 Months,26257.792147705663,paved,,City,Local,,,OVERWOOD PL,RUSTIC RIDGE RD
01KP4C861N5E9JSDF0E7VFB2V7,{1F704E6D-04F0-458E-8D9C-421A997E69D5},MIMMS TRL,78,B,2.5,asphalt,2,159.3106157552937,70,20,6 Years and 10 Months,14996.439296431647,paved,,City,Local,,,EARLS LN,MIMMS LN
01KP4C83AHGTS0Z1MG07TS44ZY,{672A8A62-B8D8-434A-9C5C-CF3C3D38D367},BENTLEY CT,78,B,'-0.79,asphalt,2,714.2832276648073,50,20,6 Years and 10 Months,48027.043688700374,paved,,City,Local,,,DANBURY DR,CARRINGTON CT
01KP4C7Z4GRX63CNZGJ3AKVDBC,{7CB6B29F-0989-4695-8825-363D9BEB247F},SLAUGHTER AV,78,B,'-4.37,asphalt,2,1339.0392824235798,40,20,6 Years and 10 Months,72027.56063931788,paved,,City,Local,,,FOSTER ST,MARY BROOKS DR
01KP4C7Z5BC20QE8NVHYHHJTNS,{5D5CDD55-9605-4E31-80C9-2657E69639F3},N DONAHUE DR,78,B,23.5,asphalt,2,316.1211497390543,24,30,10 Years and 3 Months,10202.584307006735,paved,,City,Arterial,,,W DRAKE AV,CARLISLE DR
01KP4C85KDWYMG8PNEH37GGKAS,{793F096A-2454-4B7D-B185-AC5327C675DD},SHERWOOD DR,78,B,2,asphalt,2,724.3987827189321,60,20,6 Years and 10 Months,58448.633211378976,paved,,City,Local,,,HEARD AV,
01KP4C7YWV4C7AY2Y71HFV1WWA,{7E6567DC-A748-45C6-8D36-E8501D542B43},OLD MILL RD,78,B,3.42,asphalt,2,625.9184417102149,50,20,6 Years and 10 Months,42085.56379499158,paved,,City,Residential Collector,,,OAK ST,GREEN ST
01KP4C82FABDWRS8PJNYWR8E1D,{A97D16CB-6E59-416E-A16C-1D72E40A8CA4},E MAGNOLIA AV,78,B,'-1.71,asphalt,2,614.6036675413557,50,20,6 Years and 10 Months,41324.7799318283,paved,,City,Local,,,OAK ST,GREEN ST
01KP4C7ZDGPNG5P4N9EBWBJMWF,{F78F391B-C481-42E2-BA12-435ACA454C67},PIEDMONT DR,78,B,15.63,asphalt,2,439.66706268890795,60,30,10 Years and 3 Months,35474.851000956456,paved,,City,Residential Collector,,,FALLEN OAKS CT,QUAIL HOLW
01KP4C7Z5258T6ZNAB059P2BF9,{34644A59-EE56-4C78-8A65-8DD0D81A0B33},N DONAHUE DR,78,B,30,asphalt,2,210.5769872582896,24,28,9 Years and 7 Months,6796.221851627541,paved,,City,Arterial,,,PORTER AV,W DRAKE AV
01KP4C8APFDMSFGKA1FM8MWWER,{9E4A2843-3FBF-4AA6-A2F8-9243AB95EB95},AZALEA DR,78,B,12.31,asphalt,2,776.8283425556863,60,20,6 Years and 10 Months,62678.949696493095,paved,,City,Local,,,E UNIVERSITY DR,
01KP4C82Q73369M387EYAXGHZS,{86C1C34E-B791-49DD-B53F-7265A109F081},BAYTREE LN,78,B,'-9.5,asphalt,2,836.0290947095924,50,20,6 Years and 10 Months,56213.003891902124,paved,,City,Local,,,CARY DR,PETRIE RD
01KP4C7Z34ABB1W85EB77CMEVW,{E68D944D-713E-4E02-BEF9-661FDD678634},BENT CREEK RD,78,B,'-2.25,asphalt,2,454.9424019732151,200,20,6 Years and 10 Months,122357.8422068914,paved,,City,Arterial,,,E GLENN AV,AUBURN EXCHANGE DR
01KP4C833GQBAFADP3JZ6Y432H,{23AF8F4A-E824-4BE0-993F-EF7A5800B1F0},MEADOWBROOK DR,78,B,'-3.5,asphalt,2,164.28324252471583,50,20,6 Years and 10 Months,11046.09230689994,paved,,City,Local,,,,
01KP4C7RBPJMMWSSBWHW2GXX2V,{72294D89-D155-4EF5-BB55-4BE257D06EB0},STARR CT,78,B,'-4.75,asphalt,2,129.57133187676243,50,20,6 Years and 10 Months,8712.129552856597,paved,,City,Local,,,EDEN GATE XING,
01KP4C7YRMM0A3V4555GW721VX,{791640B4-6780-4ED3-A533-A27FD5D13DC7},ELIZABETH DR,78,B,'-0.47,asphalt,2,1349.4239298662144,60,20,6 Years and 10 Months,108879.23365549113,paved,,City,Cul-de-sac,,,LONGWOOD DR,
01KP4C85FE5KCQBWQSHDTH4XX6,{9A52CF14-D9CA-42CA-94CD-F27F79DFD209},E THACH AV,78,B,'-12.25,asphalt,2,311.26981333885306,55,6,2 Years and 1 Months,23022.108289424115,paved,,City,Collector,,,S RYAN ST,HOMEWOOD DR
01KP4C85QD8P04GMD95KK9M67Q,{A713FF4D-A706-4632-84FE-2CBCB1433831},MCCURRY LN,78,B,'-3.67,asphalt,2,597.5351393613673,50,20,6 Years and 10 Months,40177.12460848812,paved,,City,Local,,,BLACKWOOD CT,
01KP4C82T8NP9Q5VPPZ6SKB4Z0,{583C50E4-3012-44B0-A14C-EE4AD740F325},E UNIVERSITY DR,78,B,4.25,asphalt,2,536.3931155109108,90,20,6 Years and 10 Months,64918.89249440622,paved,,City,Arterial,,,ANNALUE DR,SAUGAHATCHEE RD
01KP4C85FDMDDWTM75HS6PQKPQ,{3F34E381-F7CD-444C-A37C-3493303037EC},N ROSS ST,78,B,1.38,asphalt,2,508.40559797087707,50,6,2 Years and 1 Months,34184.224015946595,paved,,City,Collector,,,OPELIKA RD,E DRAKE AV
01KP4C8APTZ1NC7H1ZWT3RD6XJ,{FC55E75C-15EB-4059-BFE5-1E8F0488DD13},GRAYMOOR LN,78,B,'-3.37,asphalt,2,922.7008585615653,50,20,6 Years and 10 Months,62040.64820423476,paved,,City,Local,,,,PRESERVE DR
01KP4C8AAY031Y7RKRQDBJR28B,{6EB622FB-4D5D-4AB4-B7D2-F46B7929E990},E UNIVERSITY DR,78,B,5.5,asphalt,2,485.6874978600271,80,6,2 Years and 1 Months,52250.72357930348,paved,,City,Arterial,,,PARKER PL,S DONAHUE DR
01KP4C7Z8SM1SRBHEG40QN956G,{DECC5150-B107-444A-B00B-F3D601796E8E},THORNAPPLE LN,78,B,7.88,asphalt,2,673.0694638145249,50,20,6 Years and 10 Months,45255.90870981471,paved,,City,Local,,,CARY DR,CARY DR
01KP4C8ABPFJMH0P19K7EJ6GQW,{9B371AF7-CA12-4085-9716-1D35402B9132},MIMMS CT,78,B,'-3.33,asphalt,2,359.8310134236551,50,20,6 Years and 10 Months,24194.35195020005,paved,,City,Cul-de-sac,,,BARKSDALE LN,
01KP4C82Y43A5SKJ1MH9CTTTFH,{C1EFD38A-639A-402A-8C8F-40215AA8F3FF},TEMPLE ST,78,B,'-5,asphalt,2,650.4505132753275,40,20,6 Years and 10 Months,34988.042847419514,paved,,City,Local,,,OPELIKA RD,
01KP4C82WMHESMADVPBFPMM7JP,{A5AEF04C-EED4-4DA2-BABE-A72C446D5DFD},BRENTON XING,78,B,3.92,asphalt,2,591.4003824407029,50,30,10 Years and 3 Months,39764.63523839392,paved,,City,Local,,,WATERCREST DR,BRENTON LN
01KP4C7ZMNR4PD8RDKTF5FZRN1,{78A768EE-C93B-45F3-95F6-6AB8F9EFA7F8},TULLAHOMA DR,78,B,1.81,asphalt,2,392.9327588454822,50,20,6 Years and 10 Months,26420.050261420045,paved,,City,Local,,,SHELTON MILL RD,
01KP4C82Y7G090R9Q86PRAX4XW,{5B6E6D2C-CDCC-4C62-A51E-B205FE47D774},TULLAHOMA DR,78,B,'-3.5,asphalt,2,411.6559523365976,50,20,6 Years and 10 Months,27678.96212853694,paved,,City,Local,,,,SOCOPATOY CT
01KP4C7Z558K2MZ3FVWS30H1N2,{78FF50C4-31D7-4914-AFFD-4D35FA16F6CD},KURT CIR,78,B,'-3.12,asphalt,2,472.65797659534417,50,20,6 Years and 10 Months,31780.62204536314,paved,,City,Local,,,REEDE ST,
01KP4C7Z74SCB3BJ9QM050MET9,{973FF229-085C-46D7-B715-06614FE08C5A},EAST LN,78,B,1.35,asphalt,2,1300.9843692800425,50,20,6 Years and 10 Months,87475.71092492476,paved,,City,Local,,,SCOTTWOODS DR,SAUGAHATCHEE RD
01KP4C8DVWYMZJEDXDYX239N8Q,{9A01C720-DC4A-4BB7-92C3-BEAFC63C3496},OLD FOREST WAY,78,B,4,asphalt,2,674.5466178335014,50,20,6 Years and 10 Months,45355.22973242399,paved,,City,Cul-de-sac,,,,ADARE DR
01KP4C82KB93ZQEX022TNNBFAS,{35F852AF-7A16-47AF-B2AF-E44EE4AE0DDA},KIMBERLY DR,78,B,'-4.12,asphalt,2,360.9000913527718,60,20,6 Years and 10 Months,29119.48165657793,paved,,City,Local,,,DIXIE DR,JOY DR
01KP4C82N7FT17YN7X7JYQXYHG,{5C1B47DD-EEA6-4872-810B-775C3C6161C1},NORMAN RD,78,B,9.25,asphalt,2,410.63064383397705,50,20,6 Years and 10 Months,27610.022337789313,paved,,City,Local,,,E UNIVERSITY DR,NORMAN CIR
01KP4C82NWXAV0TMGM6H2CFSG5,{5D0F7198-FB4A-4818-8F9A-3048370CA725},CONREY DR,78,B,12.06,asphalt,2,690.5519031057111,50,20,6 Years and 10 Months,46431.39462786971,paved,,City,Cul-de-sac,,,CONREY CIR,DENSON DR
01KP4C82NVN0QF9JMM435995TY,{1F0D86EA-9E5C-4DEC-8FD5-475770228C81},FLOWERS AV,78,B,'-1.5,asphalt,2,484.65384709009317,50,20,6 Years and 10 Months,32587.20152815293,paved,,City,Local,,,FLOWERS CIR,GREEN ST
01KP4C82PXC6YT1Q950NRPWH9W,{4AF3A13A-A2FA-4AFA-B83D-1C98A3A187C8},MAPLE ST,78,B,4.75,asphalt,2,428.23548476784396,50,20,6 Years and 10 Months,28793.738309152173,paved,,City,Local,,,ALAN AV,MCKINLEY AV
01KP4C8DSS57FK4V6ZSVJ34FC6,{2E083407-B87E-4A0B-BF89-09B9695FE8EB},ANNALUE DR,78,B,5.25,asphalt,2,224.35772873116912,60,20,6 Years and 10 Months,18102.463598194903,paved,,City,Collector,,,,CHERRY ST
01KP4C85FM0M0HWXXZ2M9TM8XW,{A3411D8D-CFFD-4FBD-AC33-E323BCEA3220},E MAGNOLIA AV,78,B,6,asphalt,2,433.63436120005565,50,20,6 Years and 10 Months,29156.74847687993,paved,,City,Local,,,GREEN ST,CONE ST
01KP4C85J54QFB8TBC5TG6Z5R8,{797641D1-93A6-4AAC-906A-5D361EE1BD0C},MERCER CIR,78,B,18,asphalt,2,250.82781315716483,50,20,6 Years and 10 Months,16865.184389424605,paved,,City,Cul-de-sac,,,,
01KP4C85PYV2MDJTVF9ES0YR73,{9F567B71-269E-4606-8716-55C9343DFC0B},TUSCANY HILLS DR,78,B,12.75,asphalt,2,159.60530000695167,24,28,9 Years and 7 Months,5151.1470539386455,paved,,City,Local,,,SIENA PL,
01KP4C85R70QWAA9TEC77DRP95,{7E22FDC4-B5CF-49B1-BC58-8080B9F03ED7},VALENTINO CT,78,B,7.25,asphalt,2,241.44428872159594,50,20,6 Years and 10 Months,16234.254079756829,paved,,City,Cul-de-sac,,,VINCENTE DR,
01KP4C85RJCBXWAY3N7V60G71Y,{7A2314E7-2A3B-445C-9266-7F9988C15118},S YARBROUGH FARMS BLVD,78,B,6.38,asphalt,2,487.97136287146486,60,20,6 Years and 10 Months,39372.317964257614,paved,,City,Collector,,,RICHLAND RD,
01KP4C896N7AWA73GHR3R83XW3,{A0668041-746F-42EE-83A0-5B403E57DFEF},WESTMINSTER CT,78,B,2.58,asphalt,2,625.05110173143,50,20,6 Years and 10 Months,42027.24550689424,paved,,City,Local,,,STRATFORD LN,
01KP4C8A80Z7KYGCMTF0V1QVQN,{0609BA27-375F-4361-95C9-009A51D1017B},HERITAGE RIDGE LN,78,B,1.63,asphalt,2,523.5255059672731,50,30,10 Years and 3 Months,35200.857829799505,paved,,City,Local,,,MERIMONT BLVD,LAMB LN
01KP4C8A8SB9TYP5A1C0M0GD6W,{C0A08D2C-36F3-4A33-8005-D4F0378AD7DA},SNOWSHILL LN,78,B,'-2,asphalt,2,327.92956810969537,50,20,6 Years and 10 Months,22049.35953194714,paved,,City,Local,,,MONROE DR,WATTS WAY
01KP4C8AAJ3T6RT4YP2H13QTGK,{98ABF1A2-C263-4C2F-A02A-88ABCDF357A9},RICHLAND RD,78,B,'-5.42,asphalt,2,1245.8747774447731,80,20,6 Years and 10 Months,134032.39510491578,paved,,City,Arterial,,,COTSWOLD WAY,WEST RICHLAND CIR
01KP4C8AAQXA0G6GKE26GB1S77,{F68508B2-FFF8-419D-8A1F-F9E20CA04C7B},MONTIANO LN,78,B,'-2.5,asphalt,2,424.2542091201464,50,30,10 Years and 3 Months,28526.04491798318,paved,,City,Local,,,CASTELLO CIR,VINEYARD CT
01KP4C8AAXC15D3ERTNGWVF7D3,{CE272929-F0C4-4E33-9674-F51C70BE1C3F},HALEY LN,78,B,8.33,asphalt,2,1115.4691947049648,50,20,6 Years and 10 Months,75002.02394873383,paved,,City,Local Commercial,,,WIRE RD,
01KP4C8ACHSYXRXV9M5S3PQW4A,{D69E884B-518F-429D-B4E1-FB178DD47634},SEQUOIA DR,78,B,7,asphalt,2,1013.2866201414746,50,20,6 Years and 10 Months,68131.4622685601,paved,,City,Local,,,FINN TER,
01KP4C8ACHE6SSDTBYZQYSADSM,{DA0DE3CB-F9BA-44AE-8B63-0F6C75EF9D32},FORREST CV,78,B,'-5,asphalt,2,285.70262038743033,50,20,6 Years and 10 Months,19210.099999383412,paved,,City,Local,,,FINN TER,
01KP4C8ACNM5D618JEHH1PGGR1,{0C0F2B78-D7B7-427E-9668-C7B8529E69E1},DOWNS CT,78,B,2.5,asphalt,2,225.47213834080938,50,20,6 Years and 10 Months,15160.317111296326,paved,,City,Cul-de-sac,,,DOWNS WAY,
01KP4C8ACR3GJD33AN3FEKKT26,{AA9A3720-D77D-4EB4-811C-76F25463E3A9},GREY OAK CIR,78,B,8.44,asphalt,2,359.6279675985668,50,20,6 Years and 10 Months,24180.69953567506,paved,,City,Local,,,JAMES BURT PKWY,
01KP4C8AD09BBXK3B1TDRK6F15,{11DA21F5-8007-42D6-A018-7DF81814CBA5},CYPRUS COVE DR,78,B,'-1.87,asphalt,2,466.04014228573794,50,20,6 Years and 10 Months,31335.651471783905,paved,,City,Cul-de-sac,,,AIRPORT RD,
01KP4C8AD9Q8A8W9XZ0QB57YC6,{37259BC1-FC23-4F83-82D7-E9FB4A8E05B2},KENNESAW LN,78,B,'-12.5,asphalt,2,129.0329171573417,50,20,6 Years and 10 Months,8675.927572674596,paved,,City,Local,,,ARMISTEAD LN,
01KP4C8AFWE5727Q54A9YGZ04Y,{1C02119B-9B47-4B99-A971-CA15C24AB933},JACK HAMPTON DR,78,B,'-4,asphalt,2,313.84758118865795,50,20,6 Years and 10 Months,21102.513554208814,paved,,City,Local,,,MARY LN,NISSA CT
01KP4C8AQV3D0Q4KJ68D0A6W1K,{309BA6F9-FFAB-46D2-B2C3-25AD44A483C1},KEYSTONE DR,78,B,'-1.92,asphalt,2,716.526051250921,60,20,6 Years and 10 Months,57813.41624950288,paved,,City,Residential Collector,,,GARRETT LN,
01KP4C8ARJKNTP7SX7QKJFZDRH,{16A2C185-308A-46E2-BA2C-1CC7D38AEED0},ACADEMY DR,78,B,'-9.17,asphalt,2,494.77580950238416,60,20,6 Years and 10 Months,39921.33960099236,paved,,City,Collector,,,PRESSFIELD PATH,MCALPINE RDG
01KP4C8DNG47EA2MK2YCK1MD1V,{BC3A657A-35E1-47D4-A93F-29265D42F384},WINGFIELD XING,78,B,'-0.5,asphalt,2,166.05601560637308,50,20,6 Years and 10 Months,11165.29019219994,paved,,City,Local,,,,ARMISTEAD LN
01KP4C8DVCZ8NYDVWAQ5KD0MW3,{5A99737A-1CCE-45E7-9CBD-776665E2961B},GLASCO ST,78,B,5.5,asphalt,2,582.2267885625929,60,8,2 Years and 9 Months,46977.38431145035,paved,,City,Local,,,,CHERINGTON DR
01KP4C8DWE87X8MET5MWPRJKPB,{805E4A25-1DEE-4635-AE01-60FD8E418A9D},GROVE HILL RD,78,B,'-13.5,asphalt,2,587.3782809771543,80,20,6 Years and 10 Months,63190.7148754089,paved,,City,Collector,,,KENTWOOD DR,
01KP4C8E5G194PCJPZP9V2B09K,{979EFEFF-F137-4B68-BA3D-AD3F914023D3},KENAI PASS,78,B,'-7,asphalt,2,729.2662377259167,50,30,10 Years and 3 Months,49034.47274614258,paved,,City,Local,,,STILLWATER DR,TIGER LILY DR
01KP4C8E5WJDYWZXR2SK2EV94T,{01480A2B-2EBB-4E6D-801E-3926E1BEDE4A},ROSEGREEN LN,78,B,'-5,asphalt,2,151.0243037715925,50,20,6 Years and 10 Months,10154.586520261364,paved,,City,Local,,,SLAUGHTER AV,
01KP4C82FYBCK78TM932MXCBGY,{97BE078A-8CB1-4926-B577-DB5DF1DA2484},WILLOW CREEK RD,78,B,'-5.12,asphalt,2,689.9670260684308,60,20,6 Years and 10 Months,55670.48233192138,paved,,City,Local,,,ORCHARD CIR,DEER RUN RD
01KP4C8A8SYWFG606X5TZWEZTP,{997A477C-C016-4C7F-8335-3BD5F01B021C},WATTS WAY,78,B,'-2.33,asphalt,2,611.8808406113277,50,20,6 Years and 10 Months,41141.702235390236,paved,,City,Local,,,SNOWSHILL LN,MONROE DR
01KP4C8ANFMHM8N01KG2SAPE0A,{3374007A-4BB5-4D30-91AE-E109B9FCEBB4},MONTIANO LN,78,B,'-11.5,asphalt,2,47.79867683512934,50,6,2 Years and 1 Months,3213.8919852953636,paved,,City,Local,,,,VINCI WAY
01KP4C82FYTRMGVMF2SAQNYZBK,{C9302B09-D58E-4B6E-A665-76460D787C04},WILLOW CREEK RD,78,B,0.3,asphalt,2,1398.9405408884065,60,20,6 Years and 10 Months,112874.51678482456,paved,,City,Local,,,MIDDLEBROOK LN,ORCHARD CIR
01KP4C7Z86KB9KBM9S8T5CS54F,{ACE959EF-DCD8-4ACF-9295-59D201FBB267},RAINTREE AV,78,B,'-4.25,asphalt,2,291.53726201619014,60,20,6 Years and 10 Months,23522.89222667774,paved,,City,Local,,,DEWEY ST,
01KP4C8DXD6AZTDXK8JZPN1Q2Q,{F88920F3-80FF-4306-A0F2-DB91C98DE5DB},GLASCO ST,78,B,1.93,asphalt,2,873.7853964677779,50,28,9 Years and 7 Months,58751.66570535725,paved,,City,Local,,,OXBURY ST,CHERINGTON DR
01KP4C7VYVG98PJZ0Z8D2B6DPM,{ED482F41-325A-4F02-9F5B-7A3949A3EF74},GOLDEN SEDGE PL,78,B,'-4.58,asphalt,2,631.8537348283475,60,20,6 Years and 10 Months,50981.56991872151,paved,,City,Local,,,CAT TAIL RD,DRAGONFLY LN
01KP4C8DXJ86VN4MNC8RCYPE9R,{81F5096F-22BB-43F8-AE21-6B8789A4B38B},RUTLAND RD,78,B,'-10.81,asphalt,2,850.7993457262711,50,24,8 Years and 2 Months,57206.127436452116,paved,,City,Local,,,SHROPSHIRE DR,MIMMS TRL
01KP4C897K0RKGH4EPW6WBDYEW,{F8C62DB2-19D6-4B78-947E-8FA6DFCAD087},PAM ST,78,B,'-6.5,asphalt,2,157.58406719737994,70,20,6 Years and 10 Months,14833.913525513364,paved,,City,Local,,,ALBANS LN,MIMMS LN
01KP4C7R4XYDM6DS0S4JAWGC82,{ECA2B989-677D-4520-A89E-5D7C4BCEFD63},DEER RUN RD,78,B,0.67,asphalt,2,760.8181962084358,60,20,6 Years and 10 Months,61387.159602646345,paved,,City,Residential Collector,,,DEER RUN CT,
01KP4C83AMG5AEAFK4PMAN382Z,{C95F4E71-5192-4458-B54D-03F1040ABB27},SOLAMERE LN,78,B,'-2,asphalt,2,299.46916025986974,60,20,6 Years and 10 Months,24162.883102110638,paved,,City,Residential Collector,,,DENALI CT,LIGHTNESS DR
01KP4C8DNMJDR0D2Z8618AC8T4,{76224AB5-2E0F-49D5-91D8-80FC1174F697},RICHLAND RD,78,B,'-9.87,asphalt,2,555.5125293049638,80,30,10 Years and 3 Months,59762.56696217971,paved,,City,Arterial,,,,S YARBROUGH FARMS BLVD
01KP4C8352S03PYKAG38FR7550,{4942E5B0-C1E2-4AC5-A99D-CFA10A3526E1},MOORES MILL RD,78,B,'-2.54,asphalt,2,1738.1225932518234,80,20,6 Years and 10 Months,186988.88393688187,paved,,City,Arterial,,,,ALEX AV
01KP4C7W6ZZ8W58C3DCG8B4VVW,{CDD39B94-AE97-4D3D-9B62-A02E4BE24747},WIRE RD,78,B,3.06,asphalt,2,438.6457032552127,80,30,10 Years and 3 Months,47189.9225140084,paved,,City,Arterial,,,,
01KP4C85ZPZAVA5ZCE6PRJDDPY,{A5F981DD-D355-45F5-AAE7-E9B84509D6E9},GARRISON LN,78,B,0.5,asphalt,2,686.3067355579909,50,20,6 Years and 10 Months,46145.95764799443,paved,,City,Local,,,WALDEN LN,WEATHERFORD ST
01KP4C8AR840CFH3PBY76ZNNG8,{B969CC22-9899-4879-BC30-30F670DF10F9},FARMVILLE LAKES DR,78,B,0.25,asphalt,2,341.5430047055592,50,30,10 Years and 3 Months,22964.701078297596,paved,,City,Local,,,MONTICELLO DR,FARMVILLE LAKES CT
01KP4C8DXZB9H5ENBQ2JPGC1K6,{D9DA22BD-FEC9-4374-A297-DE369BC1D349},NATURES TRL,78,B,'-11.3,asphalt,2,1123.8018439726752,50,20,6 Years and 10 Months,75562.29541378179,paved,,City,Local,,,FORREST CV,CEDAR PL
01KP4C8DQ5BF7WDHKRT3Y9SCKP,{CC98D885-1C55-43CE-AB59-E53EA54C2408},MOORES MILL RD,78,B,'-7.75,asphalt,2,255.82345466467297,80,6,2 Years and 1 Months,27521.73089421091,paved,,City,Arterial,,,,FAIRVIEW DR
01KP4C8DQ5KNDVXWPKA6X2V3SW,{C5CEA9C0-F693-448C-991D-07BAF165849B},MOORES MILL RD,78,B,'-9.37,asphalt,2,232.90361186866886,80,6,2 Years and 1 Months,25055.992377795083,paved,,City,Arterial,,,,MILLERS POINT RD
01KP4C7RE86WT907PDYMQFEY5M,{191AB2F9-83B0-46DA-9547-71B93E077D9B},RICHLAND RD,78,B,'-2.37,asphalt,2,467.96288999610044,80,30,10 Years and 3 Months,50343.89338472334,paved,,City,Arterial,,,BLOOMFIELD DR,
01KP4C8DQEBZVNANJ3244CQ81E,{1142CD0F-8E2D-4344-8A21-566E1F3881F7},E UNIVERSITY DR,78,B,6.25,asphalt,2,375.38811455372803,80,10,3 Years and 5 Months,40384.610876180115,paved,,City,Arterial,,,,PARKER PL
01KP4C7R1ABVH27VN0ZKM41WYQ,{3F3C4616-A3B7-45B9-BA06-3777E9AD7DA4},SAUGAHATCHEE RD,78,B,'-8.5,asphalt,2,52.80225798338141,60,20,6 Years and 10 Months,4260.387901287687,paved,,City,Local,,,EMILY AV,TOWNSEND CT
01KP4C7QR4FXRFF2471WZMS0GF,{A7D64DA3-D6E0-4906-9C9C-8ECAF8851966},BROOKSIDE DR,78,B,'-10.62,asphalt,2,923.7027864549004,60,20,6 Years and 10 Months,74529.61911281824,paved,,City,Local,,,WRIGHTS MILL RD,SALMON ST
01KP4C7YYV9RWJMXNTY8WCKBSC,{005D859C-01BE-4956-A423-B52B2BD9CE34},E UNIVERSITY DR,78,B,8,asphalt,2,341.3837268058883,80,20,6 Years and 10 Months,36726.38645713632,paved,,City,Arterial,,,HARDWOOD ST,NORMAN RD
01KP4C7RMJQ7D8YHQA5CK5S3RM,{04719DBD-4598-4C76-867C-66597CB3E3A6},WEBSTER RD,78,B,'-7.75,asphalt,2,301.66822324832657,80,30,10 Years and 3 Months,32453.754760124728,paved,,City,Collector,,,BELLWOOD PL,
01KP4C82Y4A6D4KA289ZCMV0PQ,{C7EFDFB7-E9A4-4F41-AFDE-A5D48A0CBC66},TULLAHOMA DR,78,B,3.75,asphalt,2,371.71027324094416,50,20,6 Years and 10 Months,24993.090753153007,paved,,City,Local,,,SOCOPATOY CT,LETOHATCHEE ST
01KP4C8AD17GWY60JP96ZFVMFK,{D46EA75F-C231-4968-8773-28015F0D6BCC},CRESCENT BLVD,78,B,'-5.5,asphalt,2,672.8968801252402,50,20,6 Years and 10 Months,45244.304511278046,paved,,City,Local,,,WATERFALL RD,CINDY LN
01KP4C82WSK3YKPQQ3HTN7KXZD,{A4CCC2A9-CADB-4628-965D-CE0A63370017},BARRINGTON CT,78,B,'-0.75,asphalt,2,726.6843915440937,50,30,10 Years and 3 Months,48860.874326679055,paved,,City,Cul-de-sac,,,MERIMONT BLVD,
01KP4C8A8SN6PTYHPKGZN0N4SZ,{98068750-4ECD-4E65-886E-DE3D32038561},SNOWSHILL LN,78,B,1.19,asphalt,2,2139.3769800497957,50,20,6 Years and 10 Months,143847.63313477673,paved,,City,Local,,,WATTS WAY,HEYWOOD ST
01KP4C85FTB6S8RJ0Y7HDZ2DWS,{B3456D5B-E559-4ED0-B3D9-61B28FAEC7E2},E UNIVERSITY DR,78,B,0.25,asphalt,2,299.2977500443359,80,20,6 Years and 10 Months,32198.73699524589,paved,,City,Arterial,,,E SAMFORD AV,FISK CT
01KP4C85RBZM4S7E3MCBJSWDS5,{47BAF42D-BC0D-48AC-8BB7-91143A4C32B5},N DONAHUE DR,78,B,47,asphalt,2,433.7836377333712,24,26,8 Years and 11 Months,14000.05706238903,paved,,City,Arterial,,,,PORTER AV
01KP4C8ABJGHQVEG7MCEQ7C6F0,{D67F430D-C225-4E3D-B45E-9AC0E6D447AC},RUTLAND RD,78,B,'-8.25,asphalt,2,550.1482874489906,50,20,6 Years and 10 Months,36990.92294657022,paved,,City,Local,,,NORTHERN FLICKER DR,NORTHERN FLICKER DR
01KP4C7YPJM1D68GRVDV1FJSDZ,{C7737D80-2AFB-474F-9131-65D620C8BA54},MILL CREEK RD,78,B,'-7.37,asphalt,2,391.511639560869,70,12,4 Years and 1 Months,36854.29567066314,paved,,City,Collector,,,LEE RD 449,
01KP4C8ANCPG6MT67Z8WNY0XJ6,{3CDCA97B-D698-46BE-95A5-B8C01F5F3F22},MONTIANO LN,78,B,'-7.5,asphalt,2,250.00604146714065,50,30,10 Years and 3 Months,16809.930026266786,paved,,City,Local,,,TIVOLI VILLAGE DR,
01KP4C82GT5N467FB3ATAK20JN,{08BC87D7-CD73-43CF-B9D2-1D35ABEC1561},WHISPER RIDGE RD,78,B,1.67,asphalt,2,2625.1469122660083,60,20,6 Years and 10 Months,211811.85372112022,paved,,City,Local,,,SOCIETY HILL RD,SERENITY CIR
01KP4C8ABJDFYDJ0RHRM7BX9QY,{25C2712A-BAC0-4450-BFF8-BFA4F3D3938A},RUTLAND RD,78,B,'-6.25,asphalt,2,516.1910512003558,50,10,3 Years and 5 Months,34707.70306166202,paved,,City,Local,,,NORTHERN FLICKER DR,BARKSDALE LN
01KP4C8DYN4XF4FJ3NEQPH5J70,{E00D5BD9-D6C7-48F3-B4A5-8C1AF3A77033},FARMVILLE LAKES DR,78,B,'-12.5,asphalt,2,255.94514294264445,60,30,10 Years and 3 Months,20651.11667628651,paved,,City,Local,,,CLOVERDALE DR,THORNBERRY DR
01KP4C7QPP4DNBCTR6XN80CC0F,{C2189FA1-ED9C-447A-9969-62F80FF0F75E},BOYKIN ST,78,B,11.25,asphalt,2,442.9679116589853,50,20,6 Years and 10 Months,29784.318631547016,paved,,City,Local,,,STUBB AV,DARDEN AV
01KP4C835XPJHH3XGSB43ZZ7W4,{265F01F5-D629-4A20-802C-B31CEB87653D},BYRD ST,78,B,'-19.5,asphalt,2,934.0799288642619,24,20,6 Years and 10 Months,30146.762504144863,paved,,City,Local,,,MARTIN LUTHER KING DR,DUNFORD AV
01KP4C82HBJ6G29RCJQT0D4090,{491A9C70-C857-43B3-93B3-3E9A6D5AE167},VFW RD,78,B,'-9.62,asphalt,2,381.70190151942745,60,20,6 Years and 10 Months,30797.890568310377,paved,,City,Residential Collector,,,,DRESDEN LN
01KP4C82W6S6S0G36QPWQT4KG2,{F6FF6346-B8F7-46F4-9236-C1AA59120AB1},HOLMES AV,78,B,'-2.5,asphalt,2,780.6875467236109,50,20,6 Years and 10 Months,52491.94361779707,paved,,City,Local,,,VICKERSTAFF ST,FOSTER ST
01KP4C838SPRGD5WXDXASBNCYV,{A54E330D-E0C7-4F49-B7FB-6CAF77B2B442},STANTON DR,78,B,'-2.79,asphalt,2,825.1877492422603,60,10,3 Years and 5 Months,66580.86296743264,paved,,City,Residential Collector,,,GROVE HILL RD,COOPERS POND RD
01KP4C7QV3QVC4690VJX8J5BX7,{CFC5A951-EE0D-4765-A5F2-6DAA98CC0D4B},COUNTRY SQUIRE RD,78,B,'-6.25,asphalt,2,624.8495667726587,60,20,6 Years and 10 Months,50416.43361617109,paved,,City,Local,,,ROCKY HILLS DR,
01KP4C8ADD45X9AAQDTT7WV0V9,{728C2EE4-F05F-4932-BAD8-62ACA9F4131B},PIPER AV,78,B,'-5.75,asphalt,2,686.4383415066545,50,20,6 Years and 10 Months,46154.806581304576,paved,,City,Local,,,PETER ST,JUDD AV
01KP4C82PXCCAM1X0EGXA738G8,{DF84C3CA-904A-4D7B-B5BE-5437DB79F141},W MAGNOLIA AV,78,B,1.33,asphalt,2,719.0764082325842,50,20,6 Years and 10 Months,48349.32802020994,paved,,City,Collector,,,,HEMLOCK DR
01KP4C7Z7W32VE7F86T5XCV27N,{BCD87125-F92B-44C9-A9E9-B74D96D154E8},DEWEY ST,78,B,'-13,asphalt,2,278.7668028754039,60,20,6 Years and 10 Months,22492.49860914687,paved,,City,Local,,,VELMA CIR,
01KP4C7VMYQDPB2074J4FF2DFC,{0A74098F-5047-4AE4-87F7-53A8E882BE62},BEDELL AV,78,B,'-2.25,asphalt,2,443.75097872852643,60,20,6 Years and 10 Months,35804.36468369595,paved,,City,Residential Collector,,,N DONAHUE DR,BOOKER ST
01KP4C85PTQNH6A6PKHMTR54FT,{0CE1B3F7-B370-4C90-A699-7EAF335407C6},ALEX AV,78,B,'-5.12,asphalt,2,973.1195182079551,50,20,6 Years and 10 Months,65430.702843315834,paved,,City,Local,,,EAST LAKE BLVD,
01KP4C8DNJSJ00NNXEQ19Z3SQ9,{50A68D5B-0EE0-4874-877B-DD61E5B374B3},RICHLAND RD,78,B,'-6.25,asphalt,2,1022.5903343563899,80,30,10 Years and 3 Months,110011.24206561696,paved,,City,Arterial,,,S YARBROUGH FARMS BLVD,
01KP4C85PXR9QT1PN8588E0ZRW,{DB93D2E6-17B2-41A8-AC8B-EB811CDAB8C8},TUSCANY HILLS DR,78,B,'-5.03,asphalt,2,896.1874790800161,24,30,10 Years and 3 Months,28923.810753393893,paved,,City,Residential Collector,,,,SIENA PL
01KP4C7ZJPWZM4592VZ8ARBGS4,{DD5F66B7-7F6A-4008-9592-A73DA322BF90},STANTON DR,78,B,2.13,asphalt,2,154.396952014692,60,28,9 Years and 7 Months,12457.628356842577,paved,,City,Residential Collector,,,COOPERS POND RD,
01KP4C7YW29KX7G1DCT3AQTWSQ,{A159A081-F7F1-4659-A8C1-6AAA68C13D1B},TERRACE ACRES DR,78,B,4.1,asphalt,2,725.7174511104552,60,20,6 Years and 10 Months,58555.03091245499,paved,,City,Local,,,E UNIVERSITY DR,LOCKWOOD ST
01KP4C7YSTZHZJNRD010GBV9Z7,{C2388C53-7364-4C7A-A3AF-82AAE150A274},MOORES MILL RD,78,B,'-8.37,asphalt,2,785.8607656870181,80,6,2 Years and 1 Months,84543.64961143385,paved,,City,Arterial,,,,ROCK FENCE RD
01KP4C82KS2NJS3B7P06331CEH,{E7629E6F-4F09-41F0-82D0-F27AFB97AC94},MOORES MILL RD,78,B,'-6.83,asphalt,2,601.3328776337141,80,6,2 Years and 1 Months,64691.963673813654,paved,,City,Arterial,,,ROCK FENCE RD,MOORES MILL DR
01KP4C82PH7DPSGCG8X9KXW5P0,{AD8C065F-D3B5-475A-96D1-1E3355D91745},PUMPHREY AV,78,B,'-7.25,asphalt,2,1062.0418596869783,80,8,2 Years and 9 Months,114255.47473356292,paved,,City,Arterial,,,ADAMS ST,ALABAMA ST
01KP4C82NBVZT16PG0RH1DKD0T,{A95CD603-51F6-4FE2-AF7F-2EC6DF3E6A86},E UNIVERSITY DR,78,B,8.25,asphalt,2,713.9055285595462,80,20,6 Years and 10 Months,76802.63667246317,paved,,City,Arterial,,,NORMAN RD,E SAMFORD AV
01KP4C7RJPZVQK16507EVGHRHN,{4268DF41-6F32-442C-A5F5-6107D80F045C},FLEETWOOD ST,77,B,12.5,asphalt,2,405.74103408693315,50,20,6 Years and 8 Months,26712.894827525033,paved,,City,Local,,,ATWOOD LN,HARTWOOD ST
01KP4C85GY2QHEC2FDXC499Y4V,{3A652604-1BCB-4E17-9C36-B3AD44088BB8},OXFORD CT,77,B,'-0.56,asphalt,2,454.5900885705729,50,20,6 Years and 8 Months,29928.984759818948,paved,,City,Cul-de-sac,,,COLUMBIA DR,
01KP4C7W2SPM5XBX7E87QNNBDS,{4C0C158F-E98E-4A81-AB4D-5B01343CD4A4},OVER LOOK CT,77,B,'-9.75,asphalt,2,220.92180886106883,50,20,6 Years and 8 Months,14544.895757198383,paved,,City,Cul-de-sac,,,E VETERANS BLVD,
01KP4C7W0AXF6NF42BGWERPFXM,{03CF7862-A063-41DA-84C0-B39D911D5D79},JENNIFER DR,77,B,0.08,asphalt,2,1560.5483351424161,60,20,6 Years and 8 Months,123290.74965879919,paved,,City,Local,,,LONGWOOD DR,
01KP4C831EW2ZVK5DA2BDKM3HD,{BB5C6641-4A8D-4BA0-AA48-5BCB0F65DA6F},ROANOKE LN,77,B,'-2.53,asphalt,2,925.0814353710524,50,30,10 Years,60904.86545333782,paved,,City,Local,,,WINGFIELD XING,TRAILRIDGE RD
01KP4C82HNFP6J759VDDXT2JHV,{9650D13A-8A8C-43D5-9419-FCD7820967F9},SOLAMERE LN,77,B,'-4.05,asphalt,2,1276.7231396772195,60,20,6 Years and 8 Months,100867.20766849881,paved,,City,Residential Collector,,,SOLAMERE CT,DENALI CT
01KP4C7RKZCDT1H250XG90NPXK,{AF472221-F13F-468F-9A1B-1802BDED9D1B},GENELDA AV,77,B,11,asphalt,2,195.04544296591175,50,20,6 Years and 8 Months,12841.265651775562,paved,,City,Local,,,JODY LN,COX ST
01KP4C85TCE2KQWR853VQ8ARQD,{09388BCD-EEF3-4E36-AE60-B0BA53C16663},LESTER CT,77,B,9.31,asphalt,2,462.54830994905166,50,20,6 Years and 8 Months,30452.93258081237,paved,,City,Local,,,ALEX AV,BEAM CT
01KP4C85G7PHWXCF9ARS9CJ80Y,{AA4B054B-951E-4D65-A84A-712F2EE39461},OLIVIA WAY,77,B,'-2.12,asphalt,2,440.53011544765326,50,20,6 Years and 8 Months,29003.31406901593,paved,,City,Local,,,ELISE LN,
01KP4C8ACV4BEXQ38K4ERGQ3K9,{173AFB49-90FC-4045-AFCC-E3CF81E87005},CADDY CT,77,B,5.5,asphalt,2,260.063934266322,50,20,6 Years and 8 Months,17121.907672272016,paved,,City,Cul-de-sac,,,LONG DRIVE CT,
01KP4C85HHR6QT85KVQ66M59M1,{978050C6-95DB-43E7-A597-F10164F6B449},HAZELWOOD CT,77,B,'-5.12,asphalt,2,367.23323369430733,50,20,6 Years and 8 Months,24177.64515961212,paved,,City,Local,,,GOODMAN ST,
01KP4C85T3W64F6FKNDMAY0VSN,{0113A4C7-4DD0-4C66-AB4F-9A81438204BC},SHELTON COVE LN,77,B,3,asphalt,2,225.74404084078228,80,20,6 Years and 8 Months,23779.805597393133,paved,,City,Local,,,SHELTON MILL RD,TURNBURY LN
01KP4C7RAQBSSSBTDK3WHGAT9V,{F405C987-BE94-4FF2-B4E9-E29C0449D3A3},BETHESDA CT,77,B,7.81,asphalt,2,942.8267984564618,50,30,10 Years,62073.17227456809,paved,,City,Cul-de-sac,,,WATERCREST DR,
01KP4C82R00007ZWE2NVCEBAR7,{C7ACB04B-9ED3-4A1E-B58D-B83DDE08D925},W GLENN AV,77,B,10.56,asphalt,2,489.8073283779486,50,30,10 Years,32247.59279808947,paved,,City,Arterial,,,COX ST,N DONAHUE DR
01KP4C7R37V17B5G0XQ0YPEXGC,{7296C163-AB79-4CFF-A08C-E02A44F574E5},ADDISON CT,77,B,'-5,asphalt,2,173.71311874400263,50,20,6 Years and 8 Months,11436.802988419633,paved,,City,Cul-de-sac,,,CHURCHILL CIR,
01KP4C7RMPQS4FXYS6SMP40J3Z,{0C027DDF-F732-449B-94E2-86B280A8A2A4},MILL CREEK RD,77,B,8.04,asphalt,2,802.1620300227528,70,10,3 Years and 4 Months,73937.05688948605,paved,,City,Collector,,,,WESTOVER ST
01KP4C8AF79VRB7YCX3M740BKM,{2603BD56-72EA-4BA2-8D3F-1598F773DBE3},TUSCANY HILLS DR,77,B,'-2.75,asphalt,2,480.85243373568665,24,20,6 Years and 8 Months,15195.852815445289,paved,,City,Residential Collector,,,CAPRI WAY,QUARRY PL
01KP4C7ZNX1HSD6SDQTXF484ZY,{A4F0FCCA-3BDE-47C0-9D5D-708B0726C344},E THACH AV,77,B,'-0.75,asphalt,2,536.5053467692644,58,6,2 Years,40973.59460939954,paved,,City,Collector,,,CHEWACLA DR,S DEBARDELEBEN ST
01KP4C85TTJS6WVB37NZ6JEAHC,{24BD6C0F-9795-4378-A751-E48B4F4E8600},EMBRY LN,77,B,4.16,asphalt,2,948.3615189374833,50,20,6 Years and 8 Months,62437.563336078514,paved,,City,Local,,,LETOHATCHEE ST,
01KP4C7QV0DVHZ6G05HCBXRSJD,{EDF2AE22-5C5D-45F9-B8E2-97785BED359A},DEER RUN RD,77,B,'-2.04,asphalt,2,574.2778659239069,60,20,6 Years and 8 Months,45370.68606449304,paved,,City,Residential Collector,,,BUCKHEAD RD,GUNSTON CT
01KP4C7Z0WPS08TTWYMJCFAMSR,{257C5E67-853D-4549-BB19-6A9E05034678},PUMPHREY AV,77,B,'-4.83,asphalt,2,1600.2050419151954,80,30,10 Years,168565.09111374605,paved,,City,Arterial,,,TEAGUE CT,ADAMS ST
01KP4C7RJRABTT8CW1A2WGK6C9,{B46DB9B4-6EF1-49CD-A393-36C9EE53F96F},HARTWOOD ST,77,B,'-3.5,asphalt,2,51.91058080114663,50,20,6 Years and 8 Months,3417.6525637770774,paved,,City,Local,,,,FLEETWOOD ST
01KP4C85TTM99G9S8T7PA9AB5X,{87B3851B-5F96-4C3B-B378-9745B639F35C},KEYSTONE DR,77,B,3.31,asphalt,2,963.3357184941847,60,10,3 Years and 4 Months,76108.1090739858,paved,,City,Residential Collector,,,PIEDMONT DR,GARRETT LN
01KP4C82W8MB89RP3Q8NQTKXBN,{D0CDE703-B0A0-4323-B4B7-192DE53F641F},N GAY ST,77,B,21,asphalt,2,69.63894435840615,24,20,6 Years and 8 Months,2200.723287333936,paved,,City,Collector,,,E DRAKE AV,
01KP4C7W52ZHWH6M61RHGKWTMW,{97247BBD-1295-4E3E-8F91-FFF4A7FCC45F},FERNDALE DR,77,B,'-7.5,asphalt,2,575.2144976773785,60,20,6 Years and 8 Months,45444.68443316851,paved,,City,Local,,,KIMBERLY DR,SUMMERTREES DR
01KP4C8A81ZX23Y9TCGKCT252S,{8EBDD344-DD42-44BE-AF1E-1FDA4D12F6A2},WELCH XING,77,B,7.5,asphalt,2,579.1799372505295,50,20,6 Years and 8 Months,38131.64420207752,paved,,City,Local,,,MERIMONT BLVD,LAMB LN
01KP4C85T735PQZZPG4DNKQ1A8,{326F8623-7640-4F66-9A6B-FD58BDEDDFCF},TURNBURY LN,77,B,'-0.37,asphalt,2,568.4807433027147,50,20,6 Years and 8 Months,37427.2381433942,paved,,City,Local,,,SHELTON COVE LN,
01KP4C8DXZ681EQWEGK4YKE8TT,{C9C9AF10-5BD7-4EF4-BDBF-E0E8CBBAF6C1},NATURES TRL,77,B,'-5,asphalt,2,658.0995075214457,50,20,6 Years and 8 Months,43327.495751144066,paved,,City,Local,,,CEDAR PL,WINN DR
01KP4C7Z1FWFP68TJ5KXTPEZR4,{19B49C02-9EAB-4128-8FC5-BD7223D55AC8},KATIE LN,77,B,'-3.12,asphalt,2,421.7268537439994,60,20,6 Years and 8 Months,33318.42966888902,paved,,City,Cul-de-sac,,,E UNIVERSITY DR,
01KP4C861EH5CX97059JJ480HX,{6DD0B18C-49F0-47AB-9F5F-B267DB20772C},ASHLEY CT,77,B,'-2.87,asphalt,2,847.365923967667,50,20,6 Years and 8 Months,55788.28589106176,paved,,City,Local,,,SHELTON COVE LN,
01KP4C7QQX4W2PGXFQYZ74ZBD1,{C624F2D7-09DA-4087-B2EF-78DD7F4AE5EA},FERNDALE DR,77,B,'-5.54,asphalt,2,990.8197427799415,60,20,6 Years and 8 Months,78279.47786886671,paved,,City,Local,,,LEE DR,FERNDALE CIR
01KP4C8970QN9TZDD5FVV1Y1E0,{B291F66F-E225-43C8-89D5-C0C2CC569241},FALCONER DR,77,B,0.7,asphalt,2,1373.1474780685019,50,20,6 Years and 8 Months,90404.32463743855,paved,,City,Local,,,STILL HUNT LN,ANDREWS AV
01KP4C82T0HG2YKNQWT32244VF,{45C44707-8EBC-4ACE-9C38-C041DFBE9E2D},GREENEWOOD DR,77,B,8.25,asphalt,2,374.4842274629793,60,20,6 Years and 8 Months,29586.037227801375,paved,,City,Local,,,PLEASANT AV,WARE DR
01KP4C85P55K8GH3FJHHS6B83K,{56A49D36-73B7-4838-8A3A-C67BBEFD3222},BENTLEY CT,77,B,'-1.29,asphalt,2,822.4368486455082,50,20,6 Years and 8 Months,54147.02284078424,paved,,City,Local,,,DANBURY DR,
01KP4C8ASB7BQC3EHGF93CVKYX,{98E537E5-61DD-44D8-8456-BC9292AB6359},CHIPPER CT,77,B,2.5,asphalt,2,224.76831864113493,50,20,6 Years and 8 Months,14798.1395816471,paved,,City,Cul-de-sac,,,BUNKER DR,
01KP4C83AR2V4XYGMZ9CDK96MW,{7098E589-97F7-4F1E-B4BA-0A9E10C33CA0},LIGHTNESS DR,77,B,'-2.79,asphalt,2,817.3060615760262,50,20,6 Years and 8 Months,53809.22566511052,paved,,City,Local,,,,
01KP4C7R5QWEVZ2YMC32VWTZTR,{A3410359-87E0-451A-A5B3-CD10CD293159},MONROE DR,77,B,7.83,asphalt,2,378.4983871212945,50,20,6 Years and 8 Months,24919.312463211892,paved,,City,Local,,,SNOWSHILL LN,WATTS WAY
01KP4C7R762C86PBWHRPAAVCT0,{474EDB86-9217-4D15-91EA-11810B68ECDC},FARMVILLE LAKES DR,77,B,4,asphalt,2,230.61557139668037,60,30,10 Years,18219.72830972535,paved,,City,Local,,,FURLONG TRL,E FARMVILLE RD
01KP4C861BJ93DZ7QMDY5BPEXN,{B0E98990-EC2A-4CDC-A915-F38992A95A78},COX RD,77,B,7.31,asphalt,2,397.65585296683366,24,10,3 Years and 4 Months,12566.682393471881,paved,,City,Arterial,,,BUCEES BLVD,
01KP4C7VMBDT69R1ESBD1FYSQ4,{2B3A24E1-AB32-4B16-A2ED-0268DC5C0D82},ANNALUE DR,77,B,0.75,asphalt,2,409.7742792140013,60,20,6 Years and 8 Months,32374.119363997583,paved,,City,Collector,,,,
01KP4C7QT7E6W6ZMCZAKFWC1ZZ,{FEC196E3-0EBD-4F06-AD1D-67799A675EB4},SAMANTHA CT,77,B,'-7.75,asphalt,2,376.84790889757335,50,20,6 Years and 8 Months,24810.64943063349,paved,,City,Cul-de-sac,,,RICK DR,
01KP4C7QRE7PW94W9XF4W8D5YM,{155E878A-8C0D-4620-AB3B-269A59DB6788},BLAKE ST,77,B,32.67,asphalt,2,726.9953796584746,50,20,6 Years and 8 Months,47863.41406314981,paved,,City,Local,,,E SAMFORD AV,NORMAN RD
01KP4C7RABAPH8HKFPYMWKCZ6V,{D733DBA9-88E0-4055-B242-7A80731A0AF4},COX RD,77,B,2.45,asphalt,2,1123.6561893435844,80,28,9 Years and 4 Months,118365.58626920261,paved,,City,Arterial,,,COSCOROBA RD,
01KP4C8ABS6MA1MN1VD2WTFM8N,{1B4543D7-F81D-4BC8-A3BF-AD405E2AB58F},BARKSDALE LN,77,B,4.38,asphalt,2,299.8739245781386,50,20,6 Years and 8 Months,19742.89001061864,paved,,City,Local,,,FOUNTAINVIEW CT,MIMMS CT
01KP4C8615626VAR8V96HK4ED4,{28A4D551-0C77-421A-9E9C-ED8B5E72E908},WESTON ST,77,B,'-2.25,asphalt,2,626.262605893392,50,20,6 Years and 8 Months,41231.44005705265,paved,,City,Local,,,BANBURY ST,SUDELEY CT
01KP4C82Y4YHVE8FJSG1EVW6B9,{31E19A8D-185A-400F-8813-8D0816A401C5},STOKER ST,77,B,19.5,asphalt,2,254.02995816601458,50,30,10 Years,16724.646967985504,paved,,City,Local,,,,BOND AV
01KP4C82Y564H759MQKJCK7XFV,{C0329F1D-CA64-4126-88AB-45734E13A4C1},TULLAHOMA DR,77,B,8.13,asphalt,2,1440.1665122991838,50,20,6 Years and 8 Months,94816.67700617365,paved,,City,Local,,,,LETOHATCHEE ST
01KP4C7Z067Q1B0D2Z7VMTWNPG,{C70A96D6-21A8-4199-9AF2-6CC059F675C0},VARNER AV,77,B,'-1,asphalt,2,402.85935892811744,60,20,6 Years and 8 Months,31827.807733220932,paved,,City,Local,,,E UNIVERSITY DR,JOCKISH ST
01KP4C8AGAV9NMB9F51HQW0CCD,{50580881-049F-4CAB-BE12-8A0248ACA8F2},SUMMERLIN CIR,77,B,4.63,asphalt,2,663.6007862901289,50,20,6 Years and 8 Months,43689.68510055368,paved,,City,Local,,,SUMMERLIN DR,TALMAGE LN
01KP4C82ZNYBAWRP86RGMKSTN2,{F4742141-ECCB-4193-9D5C-D269D42A5C38},TUCKER AV,77,B,'-5,asphalt,2,217.34231847600572,24,20,6 Years and 8 Months,6868.431249210305,paved,,City,Local,,,HOWARD ST,
01KP4C7Z4YJ84R9TZPFSXZTA5V,{A9CAFDCE-D3E1-49CC-8741-47DE6881C2D9},OLD STAGE RD,77,B,'-8.5,asphalt,2,33.85959033754576,50,20,6 Years and 8 Months,2229.224060675483,paved,,City,Local,,,VILLAGE DR,VILLAGE CIR
01KP4C7VYNBZQ42XRDNZQ9D0FG,{6594B426-7B9A-44C8-8EF7-890ACCB81D84},CAT TAIL RD,77,B,'-1.33,asphalt,2,626.5541855021922,60,20,6 Years and 8 Months,49500.76424603271,paved,,City,Local,,,CRESS LAKE RD,GOLDEN SEDGE PL
01KP4C8A7YADTMF85FBESH5VBK,{3196EC61-97A6-491C-8A53-95BC23F45F56},N CAMDEN DR,77,B,'-6.92,asphalt,2,294.2603528285224,50,20,6 Years and 8 Months,19373.3075943572,paved,,City,Local,,,KEITH CT,KARLA CT
01KP4C8AAY72Y361T3Z8WBTTBW,{865CB630-4FC4-4F7A-9056-5F2B5ACE1708},PARKER PL,77,B,2.5,asphalt,2,215.61267121300315,50,20,6 Years and 8 Months,14195.35646069419,paved,,City,Cul-de-sac,,,E UNIVERSITY DR,
01KP4C85ZKR2MF2BMF1Q586MFK,{6AD7FE6F-9953-4049-9881-B47FD78064CA},MONTICELLO CT,77,B,'-2.08,asphalt,2,701.8345062400376,50,20,6 Years and 8 Months,46206.89005170025,paved,,City,Cul-de-sac,,,WATERCREST DR,
01KP4C8A81QNBZJ8TMYMZYJAXW,{1E10887E-7AA2-404B-839C-0CBD94E6C7A1},LAMB LN,77,B,6.84,asphalt,2,1002.7926044339852,50,30,10 Years,66021.1591276359,paved,,City,Local,,,MERIMONT BLVD,WELCH XING
01KP4C85FXNN5Q6PFANXAE5MAM,{632F9E33-D8F3-420F-ABA3-9C957B746A9F},MT VERNON CT,77,B,2,asphalt,2,233.85042759268683,50,6,2 Years,15396.081127739159,paved,,City,Cul-de-sac,,,MT VERNON LN,
01KP4C85PVHBSXQNCQZ2QPBW75,{1D499177-8460-4005-A387-16A875E04B11},SPIRIT DR,77,B,'-5,asphalt,2,1314.0671172902958,24,20,6 Years and 8 Months,41527.023891358665,paved,,City,Local,,,S COLLEGE ST,E VETERANS BLVD
01KP4C83AJ6XZEK6Y33P70XKC0,{0A9BD441-5F21-4035-A9C3-E69DAA1E8125},CARRINGTON CT,77,B,0,asphalt,2,261.48869726904206,50,20,6 Years and 8 Months,17215.71022377253,paved,,City,Cul-de-sac,,,BENTLEY CT,
01KP4C7RJ36J3Z8W4K7YYD2WH8,{9C4E6DFA-D7E7-4B24-81AB-D5EFD7F1321F},MCLOWERY ST,77,B,'-5,asphalt,2,1497.0932273009641,100,20,6 Years and 8 Months,197129.15662024045,paved,,City,Local Commercial,,,,ANNEX ST
01KP4C85N9EXQXYA21BMJJ2ARR,{F4755BA9-B9FB-42CF-8507-63B2630B558D},FARMSTONE RDG,77,B,'-2.94,asphalt,2,500.4830122395073,60,30,10 Years,39540.54121936031,paved,,City,Local,,,E FARMVILLE RD,TUSCANY HILLS DR
01KP4C85Z6P9QEACN9DZDTHCWY,{3F08835E-F6B1-4528-8732-E232E74C39A1},MERIMONT BLVD,77,B,2.81,asphalt,2,371.0460558932928,50,30,10 Years,24428.67108462548,paved,,City,Local,,,HERITAGE RIDGE LN,WELCH XING
01KP4C7R6A0H5NJYV51SF3N96P,{48788013-DBA9-48ED-9343-1AD22F6801C1},MARA VISTA DR,77,B,'-1.56,asphalt,2,417.63822181499313,50,20,6 Years and 8 Months,27496.173564018052,paved,,City,Local,,,SEMAPHORE DR,
01KP4C8DNJN2HNTJR8BTB1BPYZ,{FBEA2ED8-67F1-4617-8EA2-E14F238EB52A},COTSWOLD WAY,77,B,1,asphalt,2,140.07318652884842,60,20,6 Years and 8 Months,11066.448750952974,paved,,City,Residential Collector,,,CHURCHILL CIR,
01KP4C7ZCXQ001HJPNJ9C0YV96,{F626E822-259B-4856-A9B8-C417EE295DA0},TURN LAKE DR,77,B,'-5,asphalt,2,130.35487384907884,50,20,6 Years and 8 Months,8582.213142976458,paved,,City,Local,,,,
01KP4C7ZK0XF7SV3CJEPET258A,{F4D6A75B-E991-4BA7-88B1-1980655D8248},VFW RD,77,B,2.08,asphalt,2,811.8154112720877,60,20,6 Years and 8 Months,64137.28327816765,paved,,City,Residential Collector,,,CARPENTER WAY,MADELINE LN
01KP4C82HAF540TEXF41Y7M1KN,{FB513366-C7A8-4771-8824-3EA997194BEA},STANTON DR,77,B,16,asphalt,2,421.35448319546134,50,30,10 Years,27740.842185301186,paved,,City,Local,,,DRESDEN LN,CARPENTER WAY
01KP4C7VMEPJ23WG7EMB4PVYGW,{0DC49DB3-C6A7-43D1-9126-4DB0A8DE4CA3},STUBB AV,77,B,'-7.25,asphalt,2,381.3973669598317,50,20,6 Years and 8 Months,25110.173473137176,paved,,City,Local,,,FOSTER ST,LYNN ST
01KP4C82ZHW76H7T10HR18PMGK,{9F45597D-3AD7-40BB-80DF-A3131F6251F6},HILTON GARDEN DR,77,B,'-4.5,asphalt,2,1137.6893886646328,60,20,6 Years and 8 Months,89882.87927302344,paved,,City,Local,,,E GLENN AV,
01KP4C831VEK6EK1WRAN8Y3V9K,{0D229D2D-1B20-4C31-A8F3-C46B6EDD30EB},DUPLEX CT,77,B,26.5,asphalt,2,447.2188313939968,15,20,6 Years and 8 Months,8833.104323402144,paved,,City,Local,,,E MAGNOLIA AV,
01KP4C7W82VDFVWBM1TH6BECCF,{5C11C1A9-A1E9-484C-BB28-8BE40FB72310},S DONAHUE DR,77,B,20.5,asphalt,2,1197.4548871235386,60,30,10 Years,94604.6382488887,paved,,City,Arterial,,,,E UNIVERSITY DR
01KP4C85GP1J9PZBRS58970118,{07A96315-F4DE-4794-B850-6CE78E332C8D},KENNESAW LN,77,B,'-3.33,asphalt,2,711.8358810500301,50,30,10 Years,46865.35358135337,paved,,City,Cul-de-sac,,,KEYSTONE DR,
01KP4C85HHY38N6K8GEW405MGD,{86E4670F-97A9-4BDA-A7D4-D4161EA4A245},ELISE LN,77,B,'-1.5,asphalt,2,819.6757232058806,50,20,6 Years and 8 Months,53965.23779249509,paved,,City,Local,,,OLIVIA WAY,
01KP4C85JN9G8CT5Z775ESB8TM,{BF1E3223-D662-4119-838F-31C9821590B1},DANBURY DR,77,B,4.25,asphalt,2,1196.7425310682033,50,20,6 Years and 8 Months,78790.29894028793,paved,,City,Local,,,NOTTINGHAM DR,NOTTINGHAM DR
01KP4C85PM2N0HE5NDBVR2VPF9,{B595D078-A2E5-43A4-9E8B-1C554A6F44F8},MELISSA CT,77,B,'-5,asphalt,2,727.0060410643189,50,20,6 Years and 8 Months,47864.1159813417,paved,,City,Local,,,EAST LAKE BLVD,
01KP4C85R9ZF2SRE9KCJF6FMJ3,{FF7B1541-CBF4-4D86-B60B-2FFA021C22B6},CASTELLO CIR,77,B,'-9.25,asphalt,2,240.56389198242587,50,20,6 Years and 8 Months,15838.077507462012,paved,,City,Cul-de-sac,,,MONTIANO LN,
01KP4C85S8AF2JA6GBJSRD3ZKD,{6EFA5446-E004-4810-A046-E17A45AFB00C},PRESERVE DR,77,B,4,asphalt,2,527.5166389297689,50,30,10 Years,34730.27204953887,paved,,City,Local,,,CONSERVATION DR,STONEHAVEN DR
01KP4C85TWHD00E4RWH8T16Y9M,{ACDEE5C1-A380-4593-893A-FA7773A2CFEC},CHURCHILL CIR,77,B,'-5.37,asphalt,2,339.4742690014581,50,20,6 Years and 8 Months,22350.069829377742,paved,,City,Local,,,ADDISON CT,BERKSHIRE CT
01KP4C85VG06FCZV9KPGAYTA6C,{BB6BF856-0C70-48E3-887B-7ECA0D29283A},STONEHAVEN DR,77,B,'-7.67,asphalt,2,730.9193467216094,24,12,4 Years,23098.443583729942,paved,,City,Local,,,PRESERVE DR,
01KP4C8615ECB10RJD7F4AJ2AB,{774DA01C-9DC5-48DD-B8F3-4FFBF6212A8F},SUDELEY CT,77,B,3.13,asphalt,2,360.35997537904075,50,20,6 Years and 8 Months,23725.128379022484,paved,,City,Cul-de-sac,,,WESTON ST,
01KP4C861K1CB8E3S5A5YB8E1N,{FF772E3F-0E5B-4C50-8F2A-28C08D9E4A54},SOUTHRIDGE CT,77,B,24.5,asphalt,2,404.26622145416974,50,20,6 Years and 8 Months,26615.797143437023,paved,,City,Local,,,YARBROUGH FARMS BLVD,
01KP4C896QJ5N7SHNEEC4QMJQ5,{71350A69-0685-418A-8E12-5926964E97FA},BRIAR CLIFF LN,77,B,'-4.75,asphalt,2,485.6526639288477,50,20,6 Years and 8 Months,31974.06090175997,paved,,City,Cul-de-sac,,,FIELDCREST LN,
01KP4C8A7ZNVKFX7MQAJ1T50AA,{0FF4C05B-8EDA-4407-882D-3B7DE59CA989},GRAZIA WAY,77,B,'-6.75,asphalt,2,348.1014685967551,50,20,6 Years and 8 Months,22918.061370987165,paved,,City,Local,,,DOLCE ELLA LN,
01KP4C8A8HG014XG5X249ZMGDY,{AAF1852B-9D22-44B4-A028-765AF134C0CE},FELICITY LN,77,B,20,asphalt,2,307.2054052261772,24,20,6 Years and 8 Months,9708.275958300012,paved,,City,Local,,,LILAH CT,
01KP4C8A8J68WXKP7HZNJ3077Z,{92A9E653-AE6F-403A-A257-5829CC0637A2},WESTOVER ST,77,B,'-1.25,asphalt,2,389.0982133686469,50,30,10 Years,25617.17642063183,paved,,City,Local,,,BRIGHTON LN,MIMMS TRL
01KP4C8AAEHGQ2YSB20TSQ325E,{47901A0B-F773-4D44-BD52-272999EACA80},TUSCANY HILLS DR,77,B,4,asphalt,2,344.7896831932965,24,20,6 Years and 8 Months,10896.010731161872,paved,,City,Residential Collector,,,SOPHIA CT,
01KP4C8AAK9ACC7F7Y3F6HV59Q,{627FC726-22DD-4539-9942-ECA38B4EE09D},GOLF MILL CT,77,B,6.25,asphalt,2,667.6373700847911,50,20,6 Years and 8 Months,43955.44288522526,paved,,City,Cul-de-sac,,,WESTOVER ST,
01KP4C8ABAS5SGAZP5MGA8AY5W,{C556680E-3FC9-4D7C-B064-D1F5EFEE785F},SAMGLENN DR,77,B,'-5,asphalt,2,617.4363345604526,24,20,6 Years and 8 Months,19512.164241318987,paved,,City,Local Commercial,,,,
01KP4C8ABNAEHB140T2XNH083N,{3AE1A688-C624-498B-92CF-56229B5FA316},DUNKIRK CT,77,B,'-5,asphalt,2,423.33359130468216,50,20,6 Years and 8 Months,27871.141322761832,paved,,City,Cul-de-sac,,,DUNKIRK CIR,
01KP4C8ABTGKYCSFDP2BPTPZS7,{CC71BCDE-AFB2-44C5-8FDB-15B1109096C2},BRIDGEWATER BLVD,77,B,3.53,asphalt,2,994.5910675419841,50,30,10 Years,65481.19206979784,paved,,City,Local,,,BENZ CT,NEWTON WAY
01KP4C8ABTAK8H4W7CW30ECQEC,{4754E568-BA33-405B-A85A-B95755709335},BRIDGEWATER BLVD,77,B,1.88,asphalt,2,239.07316182222186,50,26,8 Years and 8 Months,15739.931856319376,paved,,City,Local,,,TURING LN,BENZ CT
01KP4C8ACG9WS2V8DH3J7N0RV7,{9B82070F-62EC-45FF-8002-DE0F8426E96A},BRIDLE CREEK CIR,77,B,'-5,asphalt,2,494.3800113673564,50,20,6 Years and 8 Months,32548.64590712623,paved,,City,Cul-de-sac,,,,
01KP4C8ACJ8MS34YJRAS09GP3B,{842AB94D-0687-48AA-9080-A7C7498E3E8E},CINDY LN,77,B,1.94,asphalt,2,330.71516158791286,50,30,10 Years,21773.393832956594,paved,,City,Local,,,WATERFALL RD,FELICITY LN
01KP4C8ACZBCHS1TZ4YGKBQRPT,{DEBF9022-7006-44D9-9747-FCE2D46D4DEE},CLOVERDALE DR,77,B,'-6.5,asphalt,2,352.5599299392925,24,6,2 Years,11141.565328805336,paved,,City,Local,,,HARVEST DR,US HWY 280 W
01KP4C8AD9GS0TN2JWR5RMFXKB,{B37E5856-C1FE-45B3-82F2-C11994665956},ARMISTEAD LN,77,B,2.63,asphalt,2,525.6159926078748,50,20,6 Years and 8 Months,34605.13862443353,paved,,City,Local,,,WINGFIELD XING,
01KP4C8ADF5JHZJMZPQZWCR1K4,{EC66EA31-DEDD-4FF6-91CB-CDA5BB2F5CE7},LOGAN CT,77,B,'-0.25,asphalt,2,295.8125709220319,50,20,6 Years and 8 Months,19475.50144510885,paved,,City,Cul-de-sac,,,DOWNS WAY,
01KP4C8AFQGYB2ER9AAT75X4QE,{F1286935-A028-4E24-A426-C8570D58361E},ANDERSON CT,77,B,'-2.62,asphalt,2,451.89248775570326,50,20,6 Years and 8 Months,29751.382001408227,paved,,City,Cul-de-sac,,,WEST RICHLAND CIR,
01KP4C8AFXBD52C32JZH7N5YGF,{A85600A3-FFEC-4AE2-A0E9-54DDAD7C3BD7},NISSA CT,77,B,4.5,asphalt,2,155.85509704419448,50,20,6 Years and 8 Months,10261.079028016786,paved,,City,Cul-de-sac,,,JACK HAMPTON DR,
01KP4C8AFVST338H2FHP8ESCCG,{54D71AB0-15E0-43D4-98D4-FAD444F96370},MONTANA WAY,77,B,'-10.5,asphalt,2,320.76634639303825,60,20,6 Years and 8 Months,25342.068823842365,paved,,City,Cul-de-sac,,,DAKOTA DR,
01KP4C7YZG9DETAN2WJ7CWV4VQ,{B235EA08-98B3-416D-84EB-D589F7BE0F2B},E SAMFORD AV,77,B,'-7.83,asphalt,2,632.5634730179389,60,20,6 Years and 8 Months,49975.52657543154,paved,,City,Arterial,,,BLAKE ST,SINGLETON ST
01KP4C8AR18VQNG1QBF460EKFH,{6C52CECB-6E36-4C89-A9FD-D119FC3C55A3},BUCKTHORN WAY,77,B,8.75,asphalt,2,460.71561483972135,50,20,6 Years and 8 Months,30332.272880181816,paved,,City,Local,,,CHAPEL HEIGHTS DR,
01KP4C8AR81AT86Y1YVGMJTTEE,{5C2F8B55-14DC-4005-84DA-D4FF2C6CE110},TITLEIST WAY,77,B,4.08,asphalt,2,741.7724273792201,50,20,6 Years and 8 Months,48836.29501051046,paved,,City,Cul-de-sac,,,,YARBROUGH FARMS BLVD
01KP4C8DNFD6SVHMKFPPXT52QC,{712695F5-25BF-4DDB-80CB-FDBE3329CC3C},ARMISTEAD LN,77,B,1.75,asphalt,2,522.4927405043776,50,20,6 Years and 8 Months,34399.512133762415,paved,,City,Local,,,,KENNESAW LN
01KP4C8ACJCP02KMQPTAC90NNV,{E5899312-9CB7-4600-9B09-E461999327F3},FELICITY LN,77,B,'-3.75,asphalt,2,690.6535055099224,50,30,10 Years,45470.763134583816,paved,,City,Local,,,,CINDY LN
01KP4C8E5CDAJQERPK21J8YBCP,{B581B5E6-4DC1-4B7B-A6B1-4FA1F4615A56},BARNSLEY ST,77,B,5,asphalt,2,418.4915409547717,50,20,6 Years and 8 Months,27552.35379357388,paved,,City,Local,,,COWLEY ST,COTSWOLD WAY
01KP4C8E5AD19PPDD7T1K8T32Y,{F5D3F233-A520-4D49-821E-82E4B6F3BC22},COTSWOLD WAY,77,B,15.67,asphalt,2,631.3089350213263,60,20,6 Years and 8 Months,49876.41209970869,paved,,City,Residential Collector,,,GLASCO ST,BARNSLEY ST
01KP4C8E581N1KEKP6YWKBZJG7,{07455D23-937A-4ADA-84A0-DF9840268280},GLASCO ST,77,B,'-2,asphalt,2,390.73230061655477,50,20,6 Years and 8 Months,25724.760315592303,paved,,City,Local,,,COWLEY ST,COTSWOLD WAY
01KP4C82NH9N23EKKXFJYSQATQ,{D2498600-C2E7-4013-8F9C-2B624BF90251},S GAY ST,77,B,'-6.42,asphalt,2,721.9621896889519,50,6,2 Years,47532.04241718017,paved,,City,Collector,,,E SAMFORD AV,REESE AV
01KP4C82N6VEKEM589AH72H9J6,{672D5EAD-ED1B-4A55-B79B-5F61E4D49616},WEBSTER RD,77,B,'-10.5,asphalt,2,459.6873225175298,80,10,3 Years and 4 Months,48423.31662151326,paved,,City,Collector,,,,
01KP4C8AFDRY8TBC3A7FBK21WA,{6544636E-406E-4B33-B5C4-CC22A6F8EF85},VINCENTE DR,77,B,0,asphalt,2,581.6136320634223,50,28,9 Years and 4 Months,38291.87210144539,paved,,City,Local,,,TUSCANY PL,
01KP4C7YTTWKGYMC5MFNAPH0AD,{A121FC92-00D0-4BB0-89C7-6BA3AAFDF17D},WOODFIELD DR,77,B,'-1.95,asphalt,2,1007.5938366273757,30,20,6 Years and 8 Months,39802.35557972569,paved,,City,Collector,,,,S GAY ST
01KP4C85KXYW5WR7623G81XA7P,{9F8A7B49-6270-49F5-BA65-F5312B55A2DE},N DEAN RD,77,B,'-1.5,asphalt,2,358.9364580558826,60,20,6 Years and 8 Months,28357.689407643567,paved,,City,Collector,,,E UNIVERSITY DR,
01KP4C85PST1CW4RXVCG3AR8TZ,{FD1D98CF-845E-46FF-8543-474DA0C9E996},EAST LAKE BLVD,77,B,'-1.12,asphalt,2,1169.8330764843308,50,20,6 Years and 8 Months,77018.65306329973,paved,,City,Local,,,ALEX AV,MARIE LOOP
01KP4C861BT02HGFZZEVYHNY46,{CCB65488-069A-43B6-B119-A7CC1102FFC5},EAST LAKE BLVD,77,B,'-2.5,asphalt,2,260.98307504893876,50,20,6 Years and 8 Months,17182.421421178344,paved,,City,Local,,,ALYSA CT,LEE RD 106
01KP4C8356ZZKKGYK7TEQB2VGN,{7AFD5E6F-4D5C-4CDD-9626-507CBFE79212},NOTTINGHAM DR,77,B,1.08,asphalt,2,2153.928506963754,50,20,6 Years and 8 Months,141808.84071045887,paved,,City,Local,,,DANBURY DR,DANBURY DR
01KP4C832VB1DJ32Z686EF5C72,{160C4842-A7B2-4C99-8DFE-D83CE781F1AF},WINDY HILL RD,77,B,'-0.31,asphalt,2,400.3249861335057,60,20,6 Years and 8 Months,31627.580214004724,paved,,City,Local,,,WINDY HILL PL,WINDY HILL CIR
01KP4C7ZC7G9WJTE5605KZGS3T,{9181622F-CB75-45EA-B694-840688C6EAA0},HOLMES AV,77,B,'-8,asphalt,2,549.8928610946895,50,20,6 Years and 8 Months,36203.4621365952,paved,,City,Local,,,BYRD ST,VICKERSTAFF ST
01KP4C835A1QK7J8W6ETXTNCZR,{6C637126-EA93-4B42-AF40-3780789E45CF},COLUMBIA DR,77,B,0.83,asphalt,2,726.1080077746187,50,28,9 Years and 4 Months,47804.9918928123,paved,,City,Local,,,MONTICELLO DR,OXFORD CT
01KP4C82TE3K6KZ45W5QTCVEEC,{87543029-7849-4752-B24B-B99F3A701831},VELMA CIR,77,B,3.5,asphalt,2,164.21790479373823,60,20,6 Years and 8 Months,12973.996468728146,paved,,City,Cul-de-sac,,,DEWEY ST,
01KP4C82XK5YNZAJMH4CQ9XYTC,{155AD34D-2D54-484E-891E-706C60219377},COX RD,77,B,'-2.97,asphalt,2,1174.4342132103861,80,6,2 Years,123714.52718332391,paved,,City,Arterial,,,DAWSON DR,SUMMIT LN
01KP4C7R30KEKW74CXENPN2Z6D,{DB37E260-25D7-497B-947C-D55AF41E0CD7},WEST TECH LN,77,B,1.75,asphalt,2,1257.212815484796,100,20,6 Years and 8 Months,165542.9985849861,paved,,City,Local Commercial,,,BEEHIVE RD,INNOVATION DR
01KP4C7QX8XSBGHRX7JWCKTTDC,{89E578A3-6BD7-4F2F-906B-23B5B5608F1B},TAMPLIN DR,77,B,0.04,asphalt,2,2506.71394364885,60,20,6 Years and 8 Months,198042.33828132416,paved,,City,Local,,,KIRKLAND DR,
01KP4C7R3ZG8R9Y61JMWC06TWN,{69BA462A-6066-4DE5-BDA2-4B1840A1239B},REYNOLDS DR,77,B,'-3.94,asphalt,2,390.2598604137671,50,20,6 Years and 8 Months,25693.656127479404,paved,,City,Local,,,MUIR DR,
01KP4C85KBVA13R7PVXBX60EJX,{6EB3C837-01D0-4F1B-9224-4601EB61ACE1},E UNIVERSITY DR,77,B,17.29,asphalt,2,679.1279220784842,80,10,3 Years and 4 Months,71539.11971558178,paved,,City,Arterial,,,SUMMERTREES DR,HAMPTON DR
01KP4C7QVGV4QHAQA3YMPPJGA8,{E94DEC5B-4928-4205-805C-0481FF7B466B},FERNDALE DR,77,B,3.29,asphalt,2,572.1553469941712,60,20,6 Years and 8 Months,45202.99696181092,paved,,City,Local,,,CORKTREE CIR,CANTERBURY CT
01KP4C8ARN7HHFZVRHHBY6SVW5,{F701BA97-C5CD-484E-9BCE-9AB41189B7E4},OXBURY ST,77,B,6,asphalt,2,501.7291014510941,50,20,6 Years and 8 Months,33032.49016736151,paved,,City,Local,,,HARDEE ST,BRIDGE ST
01KP4C7Z679RV82JFFP6VHTCR9,{34C4FBBA-473F-45A1-92E7-71949F17D716},N DONAHUE DR,77,B,35,asphalt,2,244.31060268286024,60,30,10 Years,19301.700995768257,paved,,City,Arterial,,,PHILLIPS AV,CLARK AV
01KP4C8DYCTMG8W5KEJTNRGWAJ,{2D7471A3-F105-4F87-A4B6-71F1352AB62C},KENNESAW LN,77,B,'-3.12,asphalt,2,926.3206063424899,50,20,6 Years and 8 Months,60986.44912630257,paved,,City,Local,,,THORNE PL,BLAKENEY LN
01KP4C7R2FZ15DR32Q5A9HZCHT,{B467ACFA-CC50-4C78-B248-C9430F4A0913},CROSS CREEK RD,77,B,4.58,asphalt,2,546.4263855202236,60,20,6 Years and 8 Months,43170.28648650488,paved,,City,Local,,,,HEYWOOD ST
01KP4C85TW7H9Z9ZRV9S3Y0AKC,{052CFAB8-B6E3-40B5-8E15-0635323A491B},CHURCHILL CIR,77,B,1.13,asphalt,2,284.4541546775918,50,20,6 Years and 8 Months,18727.693969269545,paved,,City,Local,,,COTSWOLD WAY,ADDISON CT
01KP4C8DVXBZ1F0C5VF9Q93SCP,{A3BD1198-8C2F-4D35-BBFA-E4E61FEFE976},OLD FOREST WAY,77,B,8.5,asphalt,2,914.7150665789227,50,20,6 Years and 8 Months,60222.37170480518,paved,,City,Local,,,ADARE DR,SAGE MEADOW CIR
01KP4C896THB9JFH6RYGMQ6QCY,{090AC257-5AED-4A2F-A3DD-E59568D415EF},SOUTHRIDGE CT,77,B,'-3.15,asphalt,2,3183.4776773831877,50,20,6 Years and 8 Months,209591.57994231934,paved,,City,Local,,,,
01KP4C7ZCR3T8F7GQB8R7590DA,{B565B434-6306-4713-9AA1-D06CC85F5849},BOOKER ST,77,B,'-9.5,asphalt,2,808.5844609047094,60,20,6 Years and 8 Months,63882.02281366684,paved,,City,Local,,,PRIDE AV,JULIE AV
01KP4C7QZRJ4XY7RR4DQJDQMPY,{3F0841D4-833B-4172-8926-D235DB07EC23},WATERCREST DR,77,B,'-3.5,asphalt,2,549.8279254029644,60,30,10 Years,43439.024335050395,paved,,City,Residential Collector,,,MERIMONT BLVD,MONTICELLO DR
01KP4C85T214V2DDZ9T1VREPNY,{962C8C53-F793-457D-956F-26D02689C3AA},CARPENTER WAY,77,B,'-2.75,asphalt,2,384.62013937621316,50,20,6 Years and 8 Months,25322.352112661716,paved,,City,Local,,,OLIVIA WAY,WALDROP CT
01KP4C836V2XPW8451QW2XTWZG,{4416F439-8161-455E-8FA7-AB5173FCDA72},S RYAN ST,77,B,'-1.31,asphalt,2,842.5926219264296,60,20,6 Years and 8 Months,66568.82947800665,paved,,City,Local,,,E THACH AV,N RYAN ST
01KP4C82GNJC8Z971TXSDZB524,{5399CD7C-326B-4CCC-B723-CB8BF5FC608F},OLD COUNTRY RD,77,B,'-3.25,asphalt,2,1175.4494674782177,60,20,6 Years and 8 Months,92866.10530919574,paved,,City,Local,,,COUNTRY SQUIRE RD,OLD COUNTRY LN
01KP4C85FETV1BKTPC68KVTR96,{AC00849A-AD02-4382-B98D-D962B48CBFA5},E THACH AV,77,B,7,asphalt,2,409.27481477300864,55,6,2 Years,29640.104353527317,paved,,City,Collector,,,S DEBARDELEBEN ST,S RYAN ST
01KP4C8AABHQ01AR3TQ57DNRVV,{646E1001-8B9D-42C7-8380-8FDEE395A74F},BEECH BROOK DR,77,B,'-5,asphalt,2,1210.6365802388877,60,20,6 Years and 8 Months,95646.05477496849,paved,,City,Local,,,SHELL TOOMER PKWY,
01KP4C85G3RN5VY6NV51WW9NX0,{E85F56AE-98DC-44EE-BF7D-B3A7CBA44911},COBBLE HILL CT,77,B,'-3.25,asphalt,2,233.4677255146046,50,20,6 Years and 8 Months,15370.885055606366,paved,,City,Cul-de-sac,,,KEYSTONE DR,
01KP4C82HTQKR3XW51SRC8PPQM,{2583A2AC-0823-41D6-89D9-E26C45A897A9},GLENN BROOKE DR,77,B,'-1.94,asphalt,2,382.94216812614894,50,20,6 Years and 8 Months,25211.879013416416,paved,,City,Local,,,HUNTING CREEK CT,WATER OAK CIR
01KP4C897Z4M5ZCN6SB1YNSZ13,{C8E4223D-A262-4A63-895E-D810A20FB104},MARIE LOOP,77,B,'-2.79,asphalt,2,1679.54860183048,50,20,6 Years and 8 Months,110576.94782924403,paved,,City,Local,,,EAST LAKE BLVD,EAST LAKE BLVD
01KP4C85TFVAER4TB63XSAXS1D,{44ADA4E4-826E-40A1-8EA8-5EAA1FDE1D2C},LESTER CT,77,B,2.63,asphalt,2,333.3272503087003,50,20,6 Years and 8 Months,21945.366705839868,paved,,City,Local,,,BEAM CT,
01KP4C85TCRBH2JRD2GPWKMNRB,{C3997AC1-3D4D-4E45-A1E0-909FDDB0A46A},ALEX AV,77,B,'-3.12,asphalt,2,504.09081755824013,50,20,6 Years and 8 Months,33187.97918297128,paved,,City,Local,,,MOORES MILL RD,LESTER CT
01KP4C82JK5ETW07YK5F24B38F,{3C934A8A-BEB8-4178-9452-C540117FACB3},JACOBS LN,77,B,7.56,asphalt,2,312.25373707919016,50,20,6 Years and 8 Months,20557.943459844617,paved,,City,Cul-de-sac,,,GROVE HILL RD,
01KP4C8AN4V26CW0DB5WP9RJVP,{E7394728-FD13-46F3-8872-6EBB79C730D2},KENNESAW LN,77,B,'-10,asphalt,2,231.81884435089177,50,28,9 Years and 4 Months,15262.327169149388,paved,,City,Local,,,KEYSTONE DR,
01KP4C7QRBFJDQN56DAQ90KR06,{5A362253-3663-4016-9CBE-5BB5DE0E8D21},BLAKE ST,77,B,'-7.5,asphalt,2,485.1146525821938,50,20,6 Years and 8 Months,31938.63968647293,paved,,City,Local,,,NORMAN RD,E UNIVERSITY DR
01KP4C7R8VBBVC4EBN5HB6VP3X,{7DC213FD-0855-4CE2-9D06-09BC0E4521CB},WHITTINGTON ST,77,B,2,asphalt,2,615.8304479488029,50,20,6 Years and 8 Months,40544.61492824837,paved,,City,Local,,,SALFORD ST,BANBURY ST
01KP4C7QS8EXF9HBSE2Z65PQVR,{920716BD-6ED8-4A7A-91F3-8102B8B3771A},PRIDE AV,77,B,'-3.87,asphalt,2,476.6469456049682,60,20,6 Years and 8 Months,37657.37845015251,paved,,City,Local,,,DEWEY ST,
01KP4C7QWDJ1RPCWSQ8ED9WW0G,{91DB71B3-AE1C-48DE-9D03-D11CAD750E7F},PRIDE AV,77,B,'-0.5,asphalt,2,585.0218841421856,60,20,6 Years and 8 Months,46219.51466572858,paved,,City,Local,,,N DONAHUE DR,DEWEY ST
01KP4C7REM51VPYVC70T0TGB59,{2F1C6BC9-5DB2-4A0A-8B5E-75406B9A5947},N DONAHUE DR,77,B,21.75,asphalt,2,318.18023998860536,24,30,10 Years,10055.101641239908,paved,,City,Arterial,,,MIRACLE RD,MIRACLE RD
01KP4C85GTXES21HH6X1MRX0QE,{5C82197E-C1FB-44C8-865B-091C4800EF86},W SAMFORD AV,77,B,4.72,asphalt,2,1591.247862807296,24,30,10 Years,50286.46341302067,paved,,City,Arterial,,,SHUG JORDAN PKWY,ALABAMA ST
01KP4C8DPAHPRK090204C4GGWQ,{2D0826BA-31A8-4274-B48B-B75C9E75CEF6},COX RD,77,B,1.38,asphalt,2,352.31901378779105,80,30,10 Years,37113.17306509994,paved,,City,Arterial,,,,DAWSON DR
01KP4C82FT9DHATDMCTZEQ07A9,{7B8C90CC-D491-486A-B232-B89A942A0749},WILLOW CREEK RD,77,B,'-4.46,asphalt,2,657.8392675273881,60,26,8 Years and 8 Months,51972.43470260427,paved,,City,Local,,,DEER RUN RD,MARTIN LUTHER KING DR
01KP4C82XKFXJCKH4KYYFZ0K5R,{8B939E14-149F-4CCD-AEC5-57545BDEE73A},COX RD,77,B,2.13,asphalt,2,403.81146845154376,80,30,10 Years,42537.37189256865,paved,,City,Arterial,,,,
01KP4C833PMVR9G03KGRECQCRB,{99728967-5CCF-495D-8FFD-B2FA5C7C22F2},E UNIVERSITY DR,77,B,11.13,asphalt,2,354.1874500336586,80,10,3 Years and 4 Months,37309.993546085265,paved,,City,Arterial,,,HAMPTON DR,HAMPTON DR
01KP4C82S0H34F1T6K9XK7QF75,{54234C04-0815-465D-9847-96EBAA5AF67E},N DONAHUE DR,77,B,21,asphalt,2,135.13928591404027,60,30,10 Years,10676.647107618295,paved,,City,Arterial,,,CARLISLE DR,PHILLIPS AV
01KP4C8ANCJBHY1W3KVMN2CZR3,{A39767CF-725A-4F84-9533-DA6E321660D5},VINCI WAY,76,B,'-0.25,asphalt,2,314.6185225761259,50,30,9 Years and 9 Months,20272.918926948936,paved,,City,Cul-de-sac,,,MONTIANO LN,
01KP4C8AQJJZ5KDMCAMBZPXJDB,{C9D73C02-9DAC-4E32-925A-FFE8C9058798},PIPER AV,76,B,'-10.25,asphalt,2,244.93660599760057,50,20,6 Years and 6 Months,15782.859556305708,paved,,City,Cul-de-sac,,,JUDD AV,
01KP4C8DY4BDPGB0BEB7K3YFCG,{7EDF46C7-F50E-4F69-83FE-0529E3505917},RIDGELINE TRL,76,B,2.44,asphalt,2,2206.8808601279306,60,20,6 Years and 6 Months,170644.43527027304,paved,,City,Local,,,SANDHILL RD,ROLLING OAKS CT
01KP4C8AFCYX6Z31MB1AJEHJRM,{2792D2B4-0B48-4413-AD84-D236A6A10C3C},FLAGSTONE PL,76,B,'-2.33,asphalt,2,277.8357688219025,50,20,6 Years and 6 Months,17902.766722738303,paved,,City,Local,,,CAPRI WAY,
01KP4C7RN468X68FJ753EF0PVH,{B4BA442C-9934-4DE8-B30C-1C15FEC5E130},MILL CREEK RD,76,B,'-0.62,asphalt,2,439.0627339990987,70,6,1 Years and 11 Months,39608.337081540914,paved,,City,Collector,,,WESTOVER ST,
01KP4C8A8FZM38EWM27NC6BTYB,{67134DF5-9304-4C6C-8C52-1CD5A59EA73B},PAM ST,76,B,11.5,asphalt,2,164.72602992495976,70,20,6 Years and 6 Months,14860.118188452761,paved,,City,Local,,,PAM CIR,ALBANS LN
01KP4C7RB6EVYBW83KS07RHGY2,{E988C192-C1C3-48B8-97CF-47AF9525A359},GREY OAK CIR,76,B,12.5,asphalt,2,438.1046373283057,50,20,6 Years and 6 Months,28229.9329402263,paved,,City,Local,,,,
01KP4C7ZMJ398EY3D2Z3W9X8EA,{F22C3EFD-6533-43F3-8950-4C6025E14233},STOKER ST,76,B,4.5,asphalt,2,377.2117055707931,50,26,8 Years and 5 Months,24306.2050597561,paved,,City,Local,,,E UNIVERSITY DR,
01KP4C82WTGGNWMJ691MX51SJ5,{FBAB0D4E-9293-4A5E-A62C-1C9A438988CF},MERIMONT BLVD,76,B,2.38,asphalt,2,433.7705060547532,50,30,9 Years and 9 Months,27950.656656020168,paved,,City,Local,,,WATERCREST DR,BARRINGTON CT
01KP4C839YZ45T2S5F12MB38Z4,{08F63CF5-13DA-4531-B9A2-7844DD9C7DC4},MONTICELLO DR,76,B,'-4.75,asphalt,2,532.4804963777015,60,30,9 Years and 9 Months,41173.42047705293,paved,,City,Residential Collector,,,LEXINGTON WAY,COLUMBIA DR
01KP4C7RA9PEPGJJVN9ZNQWC8W,{9D34F8E1-42CB-4D7C-A1BD-8F224DAF967A},PRESSFIELD CT,76,B,'-1.25,asphalt,2,298.38390453836854,50,20,6 Years and 6 Months,19226.816832912806,paved,,City,Cul-de-sac,,,PRESSFIELD PATH,
01KP4C7RH9MEXFT5A4TK8129BD,{7870BD91-762D-494D-93E5-4AB546E07833},GREEN BRIAR LN,76,B,'-5,asphalt,2,258.32626498756747,60,20,6 Years and 6 Months,19974.770908895815,paved,,City,Local,,,WINCHESTER LN,
01KP4C7RKC3MPC4ZJPG5K4XVT6,{ACE88298-C736-4A1A-940D-732ACE5948FA},WEST TECH LN,76,B,'-5,asphalt,2,1183.1058714549495,100,20,6 Years and 6 Months,152470.421751472,paved,,City,Local Commercial,,,,
01KP4C7RBXH7CK2DD2XV7B01R5,{D33DE915-3C58-470C-A8CD-4ABCE718EECC},RUNNINGVINE LN,76,B,0.33,asphalt,2,396.9364029622674,50,20,6 Years and 6 Months,25577.19567976705,paved,,City,Local,,,,
01KP4C85NPEZHGADJBSNCCXV42,{2FE887A4-EAA8-48DC-A936-0C7795EF463D},COLUMBIA DR,76,B,3.05,asphalt,2,1209.6210272257717,50,12,3 Years and 11 Months,77943.75492100032,paved,,City,Local,,,OXFORD CT,MONTICELLO DR
01KP4C85FMS96S259BGAXEVHSD,{BF9EACF0-CD11-475F-BDCD-F2C2907F3F07},VILLAGE DR,76,B,16.5,asphalt,2,448.88141841045143,50,20,6 Years and 6 Months,28924.351079955988,paved,,City,Local,,,FLORENCE DR,OLD STAGE RD
01KP4C7QVQ3J599GP4HGQE6VJ4,{562D01A1-B095-4D99-BF7E-6F8E97DAC270},PUMPHREY AV,76,B,'-5.5,asphalt,2,807.0552411345828,80,20,6 Years and 6 Months,83206.11432091019,paved,,City,Arterial,,,SHUG JORDAN PKWY,SMITH ST
01KP4C8AQCT76DKYB223Q5R17C,{714350F2-6AB9-4DF3-BB7C-AAB7BFD294E1},GARRETT LN,76,B,'-2.54,asphalt,2,1455.2962148088425,50,16,5 Years and 2 Months,93774.20609549992,paved,,City,Local,,,KEYSTONE DR,SCARSBORO LN
01KP4C8ARARHQYR8X7K9WWKF6D,{BD3B003A-CB4E-43C6-8376-C03678A9F2B5},GLENWOOD TER,76,B,6.42,asphalt,2,700.9515119799903,50,20,6 Years and 6 Months,45166.86766480588,paved,,City,Local,,,GLENWOOD CT,SOCIETY HILL RD
01KP4C7R46ARDKA3DN0VEYVVFA,{BCB78953-4D4E-40FA-8610-01EC8DB63EF1},ACADEMY DR,76,B,0.2,asphalt,2,1189.5564056619364,60,20,6 Years and 6 Months,91981.03292923106,paved,,City,Collector,,,GATEWOOD DR,PRESSFIELD PATH
01KP4C82S4CHQ2DNF8Y29FVSTQ,{852C470B-1BE3-48B6-8FD2-03BAFF2AE41C},BYRD ST,76,B,'-0.25,asphalt,2,708.7562622528213,48,20,6 Years and 6 Months,43842.98737699548,paved,,City,Local,,,HOLMES AV,TUCKER AV
01KP4C8ANBAHZK9YKEQHHYNTQD,{92A6ED43-2EF7-471A-BA9B-6E0588104AEC},MONTIANO LN,76,B,'-13,asphalt,2,60.528542823878226,50,30,9 Years and 9 Months,3900.2479300560894,paved,,City,Local,,,VINCI WAY,
01KP4C82YMCTVXJRH8JM5TX60G,{4D1AF63E-64A5-428A-8674-9D3CCDB85644},THORPE ST,76,B,'-4.25,asphalt,2,450.45956332149206,50,20,6 Years and 6 Months,29026.04122704122,paved,,City,Local,,,ANNALUE DR,CRESTWOOD ST
01KP4C8AAX1TVM0MVSTPS26VFA,{3B25C80D-121A-4681-BADC-84B837EEF744},DUNKIRK CIR,76,B,'-0.62,asphalt,2,195.48973023406865,50,20,6 Years and 6 Months,12596.675553733357,paved,,City,Local,,,,COTSWOLD WAY
01KP4C7YW4VS44MWFNECMD4CZE,{4A7C4B20-6F56-44E0-8F5F-8F6A48A060EB},VIRGINIA AV,76,B,'-6.91,asphalt,2,1113.7568004143966,50,20,6 Years and 6 Months,71766.59890924195,paved,,City,Local,,,S GAY ST,WRIGHTS MILL RD
01KP4C85ZK6H1HCYWQW0NV7R47,{7AE746CC-7CE7-486A-BEC4-958B8DF2F20A},WALDEN LN,76,B,'-6.92,asphalt,2,689.2055969424875,50,20,6 Years and 6 Months,44410.001917270296,paved,,City,Local,,,WEATHERFORD ST,GARRISON LN
01KP4C7RG1DNQ5TAGA414RBSD1,{6188C075-B847-481B-9688-C729EF1545B4},COX RD,76,B,'-10.67,asphalt,2,611.7788837622024,80,28,9 Years and 1 Months,63073.4318382898,paved,,City,Arterial,,,BLACK SWANN RD,COSCOROBA RD
01KP4C82W3B2B6BVRNT2TKWN7F,{BCC164F0-7A9C-4392-8E09-8C01A2BC52BC},BENT CREEK RD,76,B,'-3.25,asphalt,2,462.8172065816344,24,20,6 Years and 6 Months,14314.715810423959,paved,,City,Arterial,,,,OFF RAMP
01KP4C7Z40GT2H1QAC3KC8AY7W,{FCFE3B32-BE8C-4D01-9023-EBDB2D56DCCA},RAILROAD AV,76,B,26.5,asphalt,2,893.1213640665405,50,20,6 Years and 6 Months,57549.62186393844,paved,,City,Local,,,HEMLOCK DR,
01KP4C8E5C5424287DGM9F9A0D,{67461BED-CDDA-46AE-A787-4ADF10A8011B},COWLEY ST,76,B,'-5,asphalt,2,886.7390181500633,50,20,6 Years and 6 Months,57138.36578063782,paved,,City,Local,,,BARNSLEY ST,GLASCO ST
01KP4C8AS1JCDC7FFXXKJWK1Y6,{4556E8A6-2A97-4EEF-AA35-19EF98FC1E47},CYGNET LN,76,B,'-8,asphalt,2,278.40923480011054,50,20,6 Years and 6 Months,17939.71886779442,paved,,City,Local,,,COSCOROBA RD,TUNDRA SWANN LN
01KP4C8340YQ1HT3WQZN8SW8Y5,{82F04B0D-FD9B-4070-840B-CBBB0386002A},SHERWOOD DR,76,B,28,asphalt,2,249.39445723357176,60,20,6 Years and 6 Months,19284.129507422564,paved,,City,Local,,,,
01KP4C8AD3JGFWATM1KJGMZWFR,{27DEFC04-EFDA-4B42-A9E2-4E30D1214A4E},CRESCENT BLVD,76,B,0.44,asphalt,2,544.8662543197131,50,20,6 Years and 6 Months,35109.278720807546,paved,,City,Cul-de-sac,,,CINDY LN,
01KP4C7Z4FBEKGNYTRYX3JGQKB,{D1C1A1AA-903E-4D76-B30B-2FE0CC365DAF},BOYKIN ST,76,B,6.33,asphalt,2,437.09713201393436,40,26,8 Years and 5 Months,22532.01025283259,paved,,City,Local,,,MARTIN LUTHER KING DR,SLAUGHTER AV
01KP4C85FJKM2ESECB43YCQ94K,{02164C22-504A-4D38-B3DC-8CBEE6BD7405},VILLAGE CIR,76,B,'-2.75,asphalt,2,243.8260687384335,50,20,6 Years and 6 Months,15711.3004133916,paved,,City,Cul-de-sac,,,OLD STAGE RD,
01KP4C85XJ1B6SEJTQNT7R030S,{6BF329BE-029A-421E-9F4C-F4D5A3940AC2},SHADOW PL,76,B,'-5.5,asphalt,2,457.61372437974586,50,20,6 Years and 6 Months,29487.030382850447,paved,,City,Local,,,SHADOWWOOD LN,
01KP4C8APT95CRNK32CJT54GZC,{FCB09F43-AA98-4667-A33B-4FB01C4D52ED},PRESERVE DR,76,B,11.5,asphalt,2,174.4984122404657,50,20,6 Years and 6 Months,11244.0683252408,paved,,City,Cul-de-sac,,,GRAYMOOR LN,
01KP4C82KWGBVY61T9Y0VYPNBK,{FA5D449C-306E-482A-9214-EB6324CCD8B6},KIMBERLY DR,76,B,'-7.81,asphalt,2,1045.3649244401406,60,20,6 Years and 6 Months,80831.59830028097,paved,,City,Local,,,S COLLEGE ST,FERNDALE DR
01KP4C7VZ3MW1QMR0SGDEGFPNZ,{1B69A74C-122E-42A7-B083-9B393EE728C2},GOLDEN SEDGE PL,76,B,'-2.42,asphalt,2,727.2615938531567,60,20,6 Years and 6 Months,56234.63695708361,paved,,City,Local,,,DRAGONFLY LN,
01KP4C7QYMRGAXK3ECGBRKN9FE,{B5A96A1C-3025-4079-9BB5-A5113FE0248A},N COLLEGE ST,76,B,1.25,asphalt,2,118.91741486935298,84,12,3 Years and 11 Months,12873.206550990359,paved,,City,Arterial,,,WARRIOR CT,MITCHAM AV
01KP4C8E5S7WTKPGD6AZP92168,{406F8B50-9D7C-4F55-BDF6-FC92CA174273},WHISTLING STRAITS DR,76,B,1.08,asphalt,2,886.2418480110822,50,20,6 Years and 6 Months,57106.32987303155,paved,,City,Local,,,YARBROUGH FARMS BLVD,
01KP4C7ZKJEHNRPAEW6S6GC5HX,{CF4C0829-50F2-4E83-8FBF-0DC2B74CDF04},MARTIN AV,76,B,11.25,asphalt,2,346.4620521222893,50,20,6 Years and 6 Months,22324.804771276715,paved,,City,Local,,,CENTER PL,
01KP4C7ZM7H4DG4C8QD7039JN1,{9DE6D3EE-A957-4F08-AF02-850D1BFAD793},MADDOX ST,76,B,'-6.75,asphalt,2,1019.5347341543691,24,14,4 Years and 6 Months,31533.723834664088,paved,,City,Local,,,MARTIN AV,HARRIS AV
01KP4C7Z19QHZ4T598JP1MA157,{7A7A470E-4623-4663-B530-A915AF4BE70C},OAK ST,76,B,12.13,asphalt,2,345.78162864285883,50,20,6 Years and 6 Months,22280.96065834421,paved,,City,Local,,,OLD MILL RD,ALAN AV
01KP4C7ZETH24B57QSVK800Y7G,{30E9599A-BD21-499D-9116-19BBA83CC6E0},ROCKDELL LN,76,B,'-2.75,asphalt,2,375.20031575566674,50,20,6 Years and 6 Months,24176.598123970307,paved,,City,Local,,,BECK DR,
01KP4C7ZNXHX66DJ7SK6R58APG,{9170D647-D621-4CF7-A3E7-81B2B361B24F},E THACH AV,76,B,10.5,asphalt,2,100.42604656579915,61,10,3 Years and 3 Months,7894.746570814463,paved,,City,Collector,,,W CHEWACLA DR,CHEWACLA DR
01KP4C861RMBBKRYKTZBGZR3HE,{1BF75E45-8395-4B03-8FBF-AC042E9C58B4},PARKERSONS WAY,76,B,'-5,asphalt,2,193.35402344979934,50,20,6 Years and 6 Months,12459.058066578737,paved,,City,Local,,,CREEKVIEW CT,
01KP4C7YTDQQAQXDB7XNG13VBP,{1ADACA06-257B-49E0-9383-84D9262202A0},S GAY ST,76,B,'-8.62,asphalt,2,519.7192770345932,60,8,2 Years and 7 Months,40186.67438327487,paved,,City,Collector,,,CHURCH DR,BROOKSIDE DR
01KP4C8AFF3EZQXX4EDHK97178,{C09E0325-A2E6-490C-93E0-D3A72B5574CB},SHELTON COVE LN,76,B,'-5.33,asphalt,2,400.3919266646739,50,20,6 Years and 6 Months,25799.857560241962,paved,,City,Cul-de-sac,,,TURNBURY LN,
01KP4C861KQWPMCG5Z73QV0PNP,{75CED566-8984-42F8-9EED-758BE833E37C},YARBROUGH FARMS BLVD,76,B,0.25,asphalt,2,403.79885940701666,60,30,9 Years and 9 Months,31223.266090719695,paved,,City,Residential Collector,,,RICHLAND RD,ANDREWS AV
01KP4C7Z4W1TVVPSSG07QHM5ZD,{77B19A6D-7025-4C18-A85C-886B9E2E1C9A},OLD STAGE RD,76,B,7.25,asphalt,2,762.746380315696,24,20,6 Years and 6 Months,23591.382330602424,paved,,City,Local,,,SUMMER HILL RD,VILLAGE DR
01KP4C8A83M74GFYDA7P0TJX5T,{FB878C8C-258D-4D95-B75D-BFDEB869F785},CLUB CREEK DR,76,B,'-7.69,asphalt,2,1072.602248131915,50,6,1 Years and 11 Months,69114.74327446839,paved,,City,Local,,,CLUB CREEK CT,ELLA GRACE DR
01KP4C7QYZH9MC2QEDHRNZY9DV,{D287FCC0-D969-4CEE-BCA1-7F84B34511EC},BANBURY ST,76,B,2.88,asphalt,2,847.0524244569679,50,20,6 Years and 6 Months,54581.100271159696,paved,,City,Local,,,COTSWOLD WAY,WESTON ST
01KP4C85TWQEAR0Z24AHNPN80S,{8657BDCE-248E-44CE-82DB-D46944E22FDC},BERKSHIRE CT,76,B,'-5,asphalt,2,230.50179908609073,50,20,6 Years and 6 Months,14852.731006190244,paved,,City,Cul-de-sac,,,CHURCHILL CIR,
01KP4C82YAFH6W9VN5YQ0Z127P,{1365F4BA-20BB-4D8C-A2F4-BADA84378062},WAYNEWOOD CT,76,B,'-10,asphalt,2,217.4205539542865,50,20,6 Years and 6 Months,14009.821250435338,paved,,City,Cul-de-sac,,,TULANE RD,
01KP4C7ZMYMY1M6CTN83GHS2M2,{23E50416-636C-456B-B6DD-14BCCB7F3B49},CRAIG CT,76,B,34,asphalt,2,154.36203791743262,50,20,6 Years and 6 Months,9946.550681362187,paved,,City,Cul-de-sac,,,LAW DR,
01KP4C7YR21XFMQK3DYZ5G8GQ6,{1510B60E-C585-4586-9071-57FE876B0AD0},CRESS LAKE RD,76,B,1.53,asphalt,2,1009.7586500132243,50,20,6 Years and 6 Months,65065.32126553466,paved,,City,Local,,,SOCIETY HILL RD,CAT TAIL RD
01KP4C7YRKW8WSXTHS2AT78K68,{527521D3-0C13-4266-9757-EE7561D3901A},SPRINGWOOD DR,76,B,1.25,asphalt,2,282.1997533120913,50,20,6 Years and 6 Months,18183.966643975145,paved,,City,Local,,,OLD CREEK TRL,
01KP4C7YX0EEZ8K7FEF053NVVG,{B0162613-C8FE-4F07-9628-7241DCA640C2},OLD MILL RD,76,B,'-1.31,asphalt,2,430.43834159929986,50,20,6 Years and 6 Months,27735.943614640604,paved,,City,Residential Collector,,,GREEN ST,CONE ST
01KP4C7Z1WS68M3Y26S9TVGT2Y,{9334F18B-CA13-41C6-B5A1-33119382AF86},MAPLE ST,76,B,'-6,asphalt,2,349.4257758295812,50,20,6 Years and 6 Months,22515.77677746325,paved,,City,Local,,,MCKINLEY AV,E MAGNOLIA AV
01KP4C7ZCB8JNSC8S8PCFPQMV9,{FA6D6E66-A069-41D0-8A82-8AD6A128A6F7},PORTER AV,76,B,13,asphalt,2,448.7904087609574,20,20,6 Years and 6 Months,11567.394694381628,paved,,City,Local,,,N DONAHUE DR,WHITE ST
01KP4C82GRQ6SR0CAA2GSPRN7R,{9FF4FFDD-AF65-4A9A-B603-3D66201FFE69},SERENITY CIR,76,B,'-4,asphalt,2,595.050754030814,60,20,6 Years and 6 Months,46011.5911616779,paved,,City,Cul-de-sac,,,WHISPER RIDGE RD,
01KP4C82H9ZTB5CP8ZWJZE3GT4,{311094B5-EC5C-4163-895B-7277A560E165},BLUESTONE CT,76,B,16.75,asphalt,2,700.371292292077,50,20,6 Years and 6 Months,45129.48033428073,paved,,City,Cul-de-sac,,,KEYSTONE DR,
01KP4C82KQMJSJGZVATATQ5M7J,{6C622EEA-090A-4934-AAF7-C391D8EA3824},HAZELWOOD CT,76,B,'-7.12,asphalt,2,366.7727605852745,50,20,6 Years and 6 Months,23633.555898347968,paved,,City,Local,,,JARRETT CIR,GOODMAN ST
01KP4C82NJAJVG6MN0FXBJ0ZYJ,{30649067-2B3A-4464-87F7-942672A65244},MOORES MILL RD,76,B,'-4.62,asphalt,2,355.76897843924075,50,20,6 Years and 6 Months,22924.510602763457,paved,,City,Arterial,,,E SAMFORD AV,GODFREY LN
01KP4C82PFYF5B009A6KQ0BR9D,{31D00866-975D-4344-A42B-4AE649631507},CARTER ST,76,B,'-8.25,asphalt,2,531.9939147806889,50,20,6 Years and 6 Months,34279.83011193978,paved,,City,Local,,,SINGLETON ST,
01KP4C82Q95HZXQYAQTEGARB5S,{6CAD6513-D452-4E92-91DB-1BF1BEA5796F},S ASHE CT,76,B,9.5,asphalt,2,717.0358224665539,50,30,9 Years and 9 Months,46203.28446512659,paved,,City,Cul-de-sac,,,ASHETON LN,
01KP4C830BYAS1SDW8W9HHXWA7,{B0E922A3-7D12-4E29-A486-E87D7F0E84C8},SOUTHPARKE DR,76,B,'-2.5,asphalt,2,391.6620128961847,50,20,6 Years and 6 Months,25237.332402413675,paved,,City,Local,,,S COLLEGE ST,
01KP4C8307F6YSTBVBTFPCSFRZ,{970E676D-A423-4E13-B89D-1A5F1AF1CC50},PARK AV,76,B,0.5,asphalt,2,315.7637597623653,50,20,6 Years and 6 Months,20346.714011989236,paved,,City,Local,,,OLD MILL RD,E PARK AV
01KP4C8ANXHN3HMQYDWAZZ2YXD,{E95E6772-F8AF-4D2B-8732-98FDF0ED2E03},S BROOKWOOD DR,76,B,'-1,asphalt,2,32.22687879224906,60,20,6 Years and 6 Months,2491.905037278763,paved,,City,Local,,,AUBURN DR,
01KP4C836XTJ7EP0KAPCG00BEQ,{0FB9FF0A-E809-412D-87B7-D9956298DBD8},BRYANT AV,76,B,'-5,asphalt,2,97.87987631291918,24,20,6 Years and 6 Months,3027.3779648936793,paved,,City,Local,,,BRYANT CIR,
01KP4C85FMR81PHREPAP1A9XJH,{0ECD3434-758C-4BC7-A867-7A82F0C7DDE1},DISTRICT CT,76,B,4.33,asphalt,2,611.5173355181581,50,20,6 Years and 6 Months,39404.041643427976,paved,,City,Cul-de-sac,,,GENTRY DR,
01KP4C85FM64NWYNG7MWC6NV9D,{FD2DB54C-BF1E-4276-85DC-C685C76B4A31},QUEENS WAY,76,B,'-3.5,asphalt,2,517.6610588437276,50,20,6 Years and 6 Months,33356.27092660495,paved,,City,Cul-de-sac,,,,CHARLESTON PL
01KP4C85FWNDHWC9AKFRGGWR1R,{1B35F9F5-EBDE-438D-AA07-5D4DD9FD8541},MT VERNON LN,76,B,4.38,asphalt,2,633.2247262630299,50,30,9 Years and 9 Months,40802.79009944078,paved,,City,Local,,,WATERCREST DR,
01KP4C85G8GP19E2TSGS2CABCA,{CDDB1376-9EEE-4751-8A17-DB0FEF092741},DEERFIELD CT,76,B,'-5.25,asphalt,2,273.4174815983215,50,20,6 Years and 6 Months,17618.067722990254,paved,,City,Cul-de-sac,,,DEERFIELD DR,
01KP4C85H0ZMFTBPMN2074F720,{2D3A6ADE-519E-475B-96FB-CBE16FE4776B},FINLEY DR,76,B,'-6.11,asphalt,2,1412.3826056899932,24,20,6 Years and 6 Months,43684.321430845914,paved,,City,Local,,,WRIGHTS MILL RD,
01KP4C85J13ZEWYHC71GK1YVJ5,{4A1E1A42-37D0-4510-AEA1-3A0AA5917793},MARION CIR,76,B,'-5,asphalt,2,206.52762544991205,30,20,6 Years and 6 Months,7984.751385846836,paved,,City,Cul-de-sac,,,,
01KP4C85K6GKBPH05G9GSTMV1W,{4A116C3C-DFF6-417B-97CA-DBA983AB5D30},ALABAMA ST,76,B,13,asphalt,2,333.5779237568725,60,6,1 Years and 11 Months,25793.515837924264,paved,,City,Local,,,,
01KP4C85NFTPRBWF7642AWAR7K,{4A7CDE08-9608-444D-9390-084E755EE149},CLUB CREEK DR,76,B,'-6.75,asphalt,2,612.0471316123454,50,6,1 Years and 11 Months,39438.17985365581,paved,,City,Local,,,FALLS CREST DR,CLUB CREEK CT
01KP4C85PKWSTZ9X0TB3VEEYZ7,{2DC1330B-3690-441B-A84B-5E6C2BE3F48C},TIFFANIE CT,76,B,'-5,asphalt,2,669.7243899570641,50,20,6 Years and 6 Months,43154.700968741294,paved,,City,Local,,,EAST LAKE BLVD,
01KP4C85SYHJHZMZZAKXYSBVK1,{90342280-570B-4D20-B699-A40A6F52922A},MADELINE LN,76,B,'-2.19,asphalt,2,1042.8315589442393,50,20,6 Years and 6 Months,67196.42402435142,paved,,City,Local,,,VFW RD,CARPENTER WAY
01KP4C861RG1E5C7ADP9Z58P86,{95D77BCE-0934-463E-BF77-7C9B8E043BC9},PARKERSONS WAY,76,B,'-2,asphalt,2,363.83899335882893,50,20,6 Years and 6 Months,23444.51418317724,paved,,City,Local,,,CREEKWATER XING,CREEKVIEW CT
01KP4C861S7G15SGKDY0YPHJW1,{6D293B61-ACA8-4FC4-BF56-CC010D78A1DC},CREEKWATER XING,76,B,'-8,asphalt,2,556.5609684335745,50,20,6 Years and 6 Months,35862.84525962056,paved,,City,Cul-de-sac,,,PARKERSONS WAY,
01KP4C896XCKYPX6RA56H75W5J,{3C6BFCF4-8979-41C6-98F2-A9EB24AD8DCC},STILL HUNT LN,76,B,'-5.05,asphalt,2,1156.4376790510532,50,20,6 Years and 6 Months,74516.80568425002,paved,,City,Local,,,FALCONER DR,ANDREWS AV
01KP4C8A8376S8P16EE8YH7716,{A3351BBA-8A30-491A-8D88-439614666E88},N CAMDEN DR,76,B,'-5.19,asphalt,2,522.0341691888123,50,20,6 Years and 6 Months,33638.05888606322,paved,,City,Local,,,KARLA CT,
01KP4C8AAEV5ZYJYGVJZZ0R70T,{9B917CC7-4758-4A3E-A5C2-10EEF16399B5},SOPHIA CT,76,B,6.31,asphalt,2,379.46886947008403,50,20,6 Years and 6 Months,24451.64881926676,paved,,City,Cul-de-sac,,,BLASTED ROCK RD,
01KP4C8AB3EWEQHSR5S5PJR87A,{8757A1E5-69C6-4358-BCE1-384C3D11D5BE},FARMSTONE RDG,76,B,4,asphalt,2,365.4181448033663,50,30,9 Years and 9 Months,23546.26918776612,paved,,City,Local,,,TUSCANY HILLS DR,FARMSTONE CT
01KP4C8ACHW4F321VVSYTZKET4,{F3C0E4E2-B35F-4F30-BD5C-501EBB1E7F60},VINEYARD CT,76,B,1,asphalt,2,474.79826804169085,50,30,9 Years and 9 Months,30594.34236690863,paved,,City,Cul-de-sac,,,MONTIANO LN,
01KP4C8ADEG1JC42AM0S0VYGD3,{EB163766-0A95-4F5A-AE37-F9BD57A06427},CARY CREEK PKWY,76,B,12.5,asphalt,2,39.802141242238285,24,26,8 Years and 5 Months,1231.0612752218383,paved,,City,Collector,,,BRIDGEWATER BLVD,
01KP4C8ADDYP5VJNYBTJPC2D9X,{F7109D0A-C895-442A-A8E2-78F74A9018BD},ANDREWS AV,76,B,9,asphalt,2,521.1484055512444,50,20,6 Years and 6 Months,33580.98337040121,paved,,City,Cul-de-sac,,,OAKMONT DR,
01KP4C8AFJNVQZGSBKVXZ8GHHF,{98855CD5-E691-48DA-A2EF-AC8CB77DEF63},GALLIPOLI CT,76,B,'-5,asphalt,2,258.9492483909517,50,20,6 Years and 6 Months,16685.785299096322,paved,,City,Cul-de-sac,,,WEST RICHLAND CIR,
01KP4C8ARQW26SSB3XPNPNEW73,{BBB9693D-D420-4800-98C0-4629E63AC865},BRAMBLE LN,76,B,'-5,asphalt,2,692.6844000469921,50,20,6 Years and 6 Months,44634.16384112324,paved,,City,Cul-de-sac,,,SOCIETY HILL RD,
01KP4C8AS86FTSMAPBTNKBNBAY,{00CC63ED-B63D-4A2E-850C-275BDAF621A4},FARMVILLE LAKES DR,76,B,14.63,asphalt,2,655.1935599825142,50,30,9 Years and 9 Months,42218.38502776216,paved,,City,Cul-de-sac,,,GRAHAM CIR,
01KP4C8DMZW9YG0JSAWDECYJX0,{17C4EFB2-9EE6-48B3-91F9-A1E97111BB2E},GREY OAK CIR,76,B,18.63,asphalt,2,139.5690690286337,50,20,6 Years and 6 Months,8993.34342415458,paved,,City,Local,,,,
01KP4C7YWXJGTYB2FZSJX07J0N,{9072AA8B-E8A5-4914-8FD6-0D36B387BE3A},GRAYSTONE LN,76,B,4,asphalt,2,1266.3351643673095,60,20,6 Years and 6 Months,97917.85904283987,paved,,City,Local,,,BENT CREEK RD,WINDY HILL RD
01KP4C8DP334X95VAS0E1E5Q7T,{7540FFB1-C060-4D76-A5B5-155198B88B72},PAM ST,76,B,'-5,asphalt,2,78.33260073894976,70,20,6 Years and 6 Months,7066.4709488837025,paved,,City,Cul-de-sac,,,EARLS LN,
01KP4C8DQ6XMSKSGKD0FJ1YA71,{92D1BCAE-C223-44C6-83A5-543AF8E6168A},CARPENTER WAY,76,B,'-3.25,asphalt,2,149.43850230281802,50,20,6 Years and 6 Months,9629.29523965539,paved,,City,Local,,,VFW RD,
01KP4C8DQ7Z08PYNKAKE7VAFP6,{59A688EB-1111-4CD1-84C5-865C252D1B0D},DRESDEN LN,76,B,'-3.62,asphalt,2,163.1565481872153,50,20,6 Years and 6 Months,10513.238212158738,paved,,City,Local,,,VFW RD,
01KP4C8DWZVV5AJZ0BCW1ZMNGB,{6316EECF-0BA7-45B0-8FA1-9354FC0B06B2},PRESERVE DR,76,B,'-5,asphalt,2,227.04402923233928,50,20,6 Years and 6 Months,14629.924391566368,paved,,City,Cul-de-sac,,,,
01KP4C8DY5T3FH0A2GK0K7FJZC,{F92E0723-EACB-42F0-A9D6-C6C472DCFBFB},ROLLING OAKS CT,76,B,1.63,asphalt,2,465.5959246033647,50,20,6 Years and 6 Months,30001.375490910454,paved,,City,Cul-de-sac,,,RIDGELINE TRL,
01KP4C8E5PZ0FED88HMNENNDF1,{60505E94-8610-436D-8ABB-C7A722D4EEE1},TITLEIST WAY,76,B,2.42,asphalt,2,630.1234424802617,50,20,6 Years and 6 Months,40602.954202359084,paved,,City,Local,,,YARBROUGH FARMS BLVD,BIRDIE LN
01KP4C85T04S75E010KCW14M09,{3270E8BA-330E-4A0B-8E89-18E27C7FF941},OLIVIA WAY,76,B,0.66,asphalt,2,1074.3213060241346,50,20,6 Years and 6 Months,69225.51336198373,paved,,City,Local,,,CARPENTER WAY,ELISE LN
01KP4C83AZA9FPJJH4BND87D5C,{AE87094F-1D93-462B-BEFB-FEB10E6F1141},N CAMDEN DR,76,B,'-3.37,asphalt,2,335.16580706327306,50,30,9 Years and 9 Months,21596.91418687868,paved,,City,Local,,,FELICITY LN,KEITH CT
01KP4C85FYASYFF6TT1F192W4X,{066556EA-9071-4137-8A8E-3B1C7EB097D5},POTOMAC DR,76,B,7.81,asphalt,2,494.5180296403457,50,12,3 Years and 11 Months,31865.014941666395,paved,,City,Local,,,WATERCREST DR,MT VERNON LN
01KP4C7VEMR9CDSQSX78WSV5R0,{63C94AA6-3B61-4F15-97D2-02AAB6A11E49},CARPENTER WAY,76,B,11,asphalt,2,314.2664727886628,50,20,6 Years and 6 Months,20250.234068025024,paved,,City,Local,,,STANTON DR,BERRY LN
01KP4C8ABX59BSPT6EW3Q4F356,{145CE332-BE3D-47B6-A655-7916442FB17B},CHAMPIONS BLVD,76,B,3,asphalt,2,177.07144104969973,50,20,6 Years and 6 Months,11409.865316527872,paved,,City,Local,,,OVERBROOK LN,GLENVIEW CT
01KP4C7YQXC3RSTGPA857W2TEM,{E7008BFF-3E86-4EA9-B9F5-AFA714AFAC47},MILL CREEK RD,76,B,3.67,asphalt,2,786.611304668219,70,6,1 Years and 11 Months,70961.07980668076,paved,,City,Collector,,,,CHIPPER CT
01KP4C897J1ZG9J8B01T53JJFT,{8ED4AD95-5446-4625-A6B1-2BDFA78289C9},EARLS LN,76,B,'-8.19,asphalt,2,1052.6100881914745,30,20,6 Years and 6 Months,40695.91098107895,paved,,City,Alley,,,DEEVES LN,PAM ST
01KP4C861RAXYZV2PP8A03AY31,{FDDD0282-5973-4060-B931-7FC2DF9E8DD6},PARKERSONS WAY,76,B,'-12,asphalt,2,267.94006176656086,50,20,6 Years and 6 Months,17265.12191652942,paved,,City,Local,,,SANDHILL RD,CREEKWATER XING
01KP4C7ZGX42XEMGVQ6NVVVAGT,{395ACDC9-D308-4E1F-BAE1-821C5C135D41},MILL CREEK RD,76,B,'-6.5,asphalt,2,1295.2562301535488,70,16,5 Years and 2 Months,116846.50369574067,paved,,City,Collector,,,,CREEKWATER XING
01KP4C82WGX835T8HCJGPDEF9P,{AA02B333-7209-4600-B7E1-87FD84C02D47},TURKEY TRL,76,B,'-6.92,asphalt,2,752.8517401581589,50,30,9 Years and 9 Months,48511.13712971502,paved,,City,Cul-de-sac,,,QUAIL HOLW,
01KP4C7R4VX56HGAVV6BN81KHZ,{5A6127AE-69D9-41D3-85C9-79FA144FAFD5},DEER RUN RD,76,B,'-2.56,asphalt,2,442.4310883334493,60,20,6 Years and 6 Months,34210.45720170738,paved,,City,Residential Collector,,,GUNSTON CT,DEER RUN CT
01KP4C83AP9BYK8Y56AT4XD49P,{3F230B93-DCFB-47ED-9FA8-28E1D68ED9ED},LIGHTNESS DR,76,B,'-5.09,asphalt,2,919.6635055505121,50,20,6 Years and 6 Months,59259.90477432228,paved,,City,Local,,,SOLAMERE LN,
01KP4C8ACNKQCTK8VTJ7PMDV3M,{77DE467D-FCDF-4874-B783-1B5EC2CD039A},CHAMPIONS BLVD,76,B,'-5,asphalt,2,3799.6752379826244,24,20,6 Years and 6 Months,117522.14574164161,paved,,City,Local,,,BENT CREEK RD,OVERBROOK LN
01KP4C8AD57WRK9F6QE9FD0A84,{7E90B29D-B520-435A-9373-A5B7DBDBBF04},ARMISTEAD LN,76,B,3.67,asphalt,2,691.5294727842039,50,20,6 Years and 6 Months,44559.744361388504,paved,,City,Local,,,TRAILRIDGE RD,WINGFIELD XING
01KP4C8DNPPH24GH6SMVJ2GJ4M,{EA391625-79CB-48B6-85E4-6778A88EEDB6},RICHLAND RD,76,B,0,asphalt,2,400.65500156196845,80,30,9 Years and 9 Months,41306.89470071901,paved,,City,Arterial,,,SHUG JORDAN PKWY,
01KP4C82FBCSKP2104HE9HCT91,{1A5927E6-0FFD-4C84-AA04-9EE4F5F97F4F},LAKEVIEW DR,76,B,2.67,asphalt,2,1273.9539485649436,50,20,6 Years and 6 Months,82089.14371745063,paved,,City,Local,,,E GLENN AV,CRAWFORD ST
01KP4C85TFSKC4DP9SG1D2S04G,{3A01028F-E44E-45A5-9432-630C486A4E7F},MORGAN DR,76,B,'-4,asphalt,2,482.53762437356534,50,20,6 Years and 6 Months,31093.039462610926,paved,,City,Local,,,BLUE CREEK LN,CORE DR
01KP4C7YTVMWR641B1AH5EVKMB,{BCB9487B-9A27-4CC4-9679-44DC82D92553},S GAY ST,76,B,'-4.5,asphalt,2,426.6571077836096,60,6,1 Years and 11 Months,32990.752934239295,paved,,City,Collector,,,WOODFIELD DR,CHURCH DR
01KP4C7YV09FHAPX2MFD11HDBY,{CDBF267E-6A36-41D0-9EBA-A89B7C81E02A},E UNIVERSITY DR,76,B,'-0.58,asphalt,2,1326.2163468154972,60,6,1 Years and 11 Months,102548.100188524,paved,,City,Arterial,,,HEARD AV,MOORES MILL RD
01KP4C82KGPFKY1KYVCHKR9E6Y,{4B10B374-D6AC-4349-A964-03FC17D6D934},KIMBERLY DR,76,B,'-9.37,asphalt,2,324.5343342267434,60,20,6 Years and 6 Months,25094.23104368505,paved,,City,Local,,,E UNIVERSITY DR,DIXIE DR
01KP4C7QQF68WDC4RT3DQGVTA4,{3C4FD3D8-6F4A-48A2-B895-4F24824FC711},COX RD,76,B,'-8.5,asphalt,2,145.82125469740788,24,30,9 Years and 9 Months,4510.181969098113,paved,,City,Arterial,,,WIRE RD,LEE RD 50
01KP4C7YVWNVAW9G0FKJASZNWV,{698AA829-B53C-40A0-8F52-C3F72B9C2D6D},LOCKWOOD ST,76,B,0.84,asphalt,2,1085.7756598440212,60,20,6 Years and 6 Months,83956.31030736769,paved,,City,Local,,,TERRACE ACRES DR,E UNIVERSITY DR
01KP4C8E5P7BMH3C8R803YMV5E,{4F0EB25D-EC6F-400B-AD04-56519EF69C26},PING CT,76,B,10.39,asphalt,2,1366.3178109555186,50,20,6 Years and 6 Months,88040.74846942742,paved,,City,Local,,,YARBROUGH FARMS BLVD,YARBROUGH FARMS BLVD
01KP4C7Z08X5V746QVNJSKFS7Z,{9CF51F57-26C8-48AF-95EB-36485ED0AB49},DENSON DR,76,B,2.25,asphalt,2,533.7062494730255,50,20,6 Years and 6 Months,34390.16697993249,paved,,City,Local,,,CONREY DR,NIXON AV
01KP4C8AAK2Q46AARX5GJXKWX5,{338B1BCD-5828-4116-9B1B-5D6871144052},HERITAGE RIDGE LN,76,B,3.3,asphalt,2,571.0318087922109,50,30,9 Years and 9 Months,36795.29567923778,paved,,City,Cul-de-sac,,,ARLINGTON CT,
01KP4C7Z64D8XW8FHAHQF2KX6W,{DFE5CB02-2A32-45EC-B728-3B4F2E70D0F0},FOSTER ST,76,B,5.5,asphalt,2,226.53912731918228,50,20,6 Years and 6 Months,14597.390275432073,paved,,City,Residential Collector,,,TUCKER AV,CLARK AV
01KP4C82Q71QX0YMMGGT58JQJZ,{9661D60C-A0BC-4A5C-9D62-37EB6EC35C20},BENT CREEK RD,76,B,'-10.75,asphalt,2,423.1796397704121,200,20,6 Years and 6 Months,109072.87286653889,paved,,City,Arterial,,,AUBURN EXCHANGE DR,
01KP4C7R9JTBMH4JYT7JKSB21E,{F6B7464F-A0FA-408F-8D12-D08D77412282},JAMES BURT PKWY,76,B,1.25,asphalt,2,1090.04814157133,60,30,9 Years and 9 Months,84286.67487064408,paved,,City,Residential Collector,,,ELM ST,BURTS GAP LOOP
01KP4C8307TRV2W1CV6Y0VBYWX,{0686D0AB-83FF-4763-AE54-397F3C3289E9},E PARK AV,76,B,'-0.3,asphalt,2,717.6857265797131,50,20,6 Years and 6 Months,46245.16201667213,paved,,City,Local,,,PARK AV,S DEAN RD
01KP4C8AKC0SYPCEVBYCW97WFS,{97FDCD8C-AF5B-4DC7-8BF7-E7D1D246A9EA},OGLETREE RD,76,B,'-3.6,asphalt,2,1045.8462996571934,80,30,9 Years and 9 Months,107825.09342116513,paved,,City,Collector,,,WRIGHTS MILL RD,
01KP4C7Z05N35PXSQFZCNER3XH,{B974B290-CE07-4802-9EFB-3BE9615650CB},GREEN ST,76,B,2.5,asphalt,2,622.8175294280097,60,28,9 Years and 1 Months,48158.62401358105,paved,,City,Local,,,E SAMFORD AV,FLOWERS AV
01KP4C7YV04EG8T5A4S14ZB4FG,{5A427A45-ADB3-46CA-936A-5AF871C89045},SLADE CT,76,B,3.92,asphalt,2,737.4626410845083,50,20,6 Years and 6 Months,47519.51732512001,paved,,City,Cul-de-sac,,,MILLERS POINT RD,
01KP4C83A9H3RT9T0C2H7E5VVG,{360953DC-3689-499C-8E54-870C1399082F},PEMBROKE PL,76,B,'-1.25,asphalt,2,151.80910721369168,50,20,6 Years and 6 Months,9782.048741809225,paved,,City,Local,,,NEW ARBOR TRL,
01KP4C7RFC2AS5H4XH502EEQ8Q,{D43CE1C0-51ED-49EE-AC7B-CFE32D7D4537},BOTTLE WAY,76,B,1,asphalt,2,853.5349590495457,50,20,6 Years and 6 Months,54998.81216288304,paved,,City,Local,,,,CITRUS ST
01KP4C8ARAB1J7HVENTQSFG7FW,{4E5C0B29-0DC2-4654-82A0-A0BF972E23C4},HAVENS CT,76,B,'-6,asphalt,2,577.7071547353091,50,20,6 Years and 6 Months,37225.43166107916,paved,,City,Cul-de-sac,,,,SOLAMERE CT
01KP4C839J7SH24G7EFZXEP25Q,{9B8069E3-1C98-4711-8062-46FAF609EADE},ZELLARS CT,76,B,8.25,asphalt,2,168.35207630694646,50,20,6 Years and 6 Months,10848.019901080146,paved,,City,Local,,,FOSTER ST,ELLIS ST
01KP4C85NAV6ZPQD9PGB04BM1K,{EF049CD0-9555-45FD-80CD-9460EB1675EF},CLUB CREEK DR,76,B,0.38,asphalt,2,659.7721094747967,50,6,1 Years and 11 Months,42513.41076845932,paved,,City,Residential Collector,,,YARBROUGH FARMS BLVD,FALLS CREST DR
01KP4C861H5Q49VRJVCS7GW8ET,{9F6CEE7F-D5DC-4295-B959-EEB9A9056DD1},CORPORATE PKWY,76,B,2.88,asphalt,2,3963.0223770811554,200,16,5 Years and 2 Months,1021453.2914133936,paved,,City,Local Commercial,,,THISTLE LN,RILEY ST
01KP4C85TFZHZMMSFB2ZYA080H,{D0A02260-A19E-45DF-9C65-867B51D9230D},SOLAMERE CT,76,B,'-5.43,asphalt,2,1849.2070051599853,50,20,6 Years and 6 Months,119156.44186423745,paved,,City,Local,,,DENALI LN,DENALI LN
01KP4C82JAF6FPPSQE6MH9C9DE,{FC45B4AE-C210-49EB-84AB-3C71F454B16E},LONGVIEW CT,76,B,0.04,asphalt,2,768.4957263694415,50,20,6 Years and 6 Months,49519.18097137695,paved,,City,Cul-de-sac,,,E VETERANS BLVD,
01KP4C8DPK48T28TXHEP9H2240,{913FCAAA-2CCA-4E1E-B8AC-BD01A00E33DB},OGLETREE RD,76,B,9.25,asphalt,2,318.323694219175,80,30,9 Years and 9 Months,32818.66759829183,paved,,City,Collector,,,,
01KP4C7R51JKTHZZ7E6R8K1Q49,{7B8799B7-10F8-4035-A4AB-4635211107F8},DEER RUN CT,76,B,0.63,asphalt,2,665.3629496025067,50,20,6 Years and 6 Months,42873.66498272025,paved,,City,Cul-de-sac,,,DEER RUN RD,
01KP4C82FC0T8M14FD0HREDGMG,{4BAF4C0F-897E-45AF-B5E0-87216D506A9F},MCKINLEY AV,76,B,'-2.37,asphalt,2,1057.613926839197,50,20,6 Years and 6 Months,68148.94819053524,paved,,City,Local,,,S BROOKWOOD DR,S DEAN RD
01KP4C85PH165S3RWQ0RG56Z3N,{E06A8625-8413-415A-8F31-C2CA85A0FC42},LIVVY LN,76,B,'-5.37,asphalt,2,939.8390164298717,50,20,6 Years and 6 Months,60559.944241223246,paved,,City,Local,,,EAST LAKE BLVD,
01KP4C85FY7WTCERG3SRMDTKXH,{3681CD00-19C2-4545-89B1-BF94F1E1C231},CYPRESS CT,76,B,4.92,asphalt,2,674.4356912789341,50,20,6 Years and 6 Months,43458.28077375925,paved,,City,Cul-de-sac,,,TIMBERWOOD DR,
01KP4C8AB3AHPNJVP2NGJ362JD,{6A3EEC80-10CB-4026-87B8-ADC63764F7E8},JACK HAMPTON DR,76,B,4.38,asphalt,2,410.1919499169428,50,20,6 Years and 6 Months,26431.336836314746,paved,,City,Local,,,MARY LN,NORTHERN VILLAGE CT
01KP4C8E5G2G6C1ZCCMXRBZCTE,{9ACE32EB-C8B2-4CCC-9562-B5F75D1BE57E},TIGER LILY DR,76,B,'-1.75,asphalt,2,460.13041834680126,50,30,9 Years and 9 Months,29649.197353632375,paved,,City,Local,,,,KENAI PASS
01KP4C82MG2VQ8N7MJGKXVSG0V,{BC7F1825-8FE8-4318-BD3E-55F1FC8C77E5},E UNIVERSITY DR,76,B,'-4.06,asphalt,2,347.14012024834597,80,20,6 Years and 6 Months,35789.59538154058,paved,,City,Arterial,,,GREEN ST,LOCKWOOD ST
01KP4C8324N5RQ6KY82KGZMDBJ,{F52A4506-8318-43FA-90DC-81F998244CA1},WESTBURY CT,76,B,0.17,asphalt,2,577.6612206409627,50,20,6 Years and 6 Months,37222.471828444264,paved,,City,Local,,,NOTTINGHAM DR,
01KP4C8325NT7C0H2SGGPV1HRK,{23F7A978-BAFB-47B6-B91E-06F0ADD09EF0},WILMINGTON CT,76,B,2.5,asphalt,2,345.71012346919133,50,20,6 Years and 6 Months,22276.353114653684,paved,,City,Cul-de-sac,,,NOTTINGHAM DR,
01KP4C85THF17DNA35YYJM710W,{3866B272-23E7-41BE-82DA-EE5C24CA4AD8},MORGAN DR,76,B,'-9.58,asphalt,2,1339.3801790608143,50,20,6 Years and 6 Months,86304.98153805357,paved,,City,Local,,,MOYLE LN,BLUE CREEK LN
01KP4C7VMHHMA5YDPP6RM6VB3X,{086D31BD-C9BA-4ED7-BD70-DAB959B652FB},CANTON AV,76,B,3.41,asphalt,2,896.2789709206586,50,20,6 Years and 6 Months,57753.087023054184,paved,,City,Local,,,WHITE ST,FRAZIER ST
01KP4C8AN50QVS44ZEYKA94W6J,{CC305496-A257-4970-BF57-0D870A1EBCEC},TIVOLI VILLAGE DR,76,B,'-2.75,asphalt,2,178.5323766359855,24,30,9 Years and 9 Months,5521.921393933585,paved,,City,Local,,,MONTIANO LN,
01KP4C7Z2RJAPSD8MMV7D3J3NZ,{A1D2858A-C380-4D16-9067-F49D34758C5C},BAYTREE LN,76,B,'-2.56,asphalt,2,588.0691464997835,60,8,2 Years and 7 Months,45471.746670778506,paved,,City,Local,,,PETRIE RD,CARY DR
01KP4C8DPAA0ZSTQVW26WK2E41,{3FF890CE-F16B-46F2-9D76-32CB9F972262},COX RD,76,B,4.63,asphalt,2,193.7508764207369,80,30,9 Years and 9 Months,19975.407817904288,paved,,City,Arterial,,,,
01KP4C85G8NAV50WGT461ZYKNX,{0EAB1AB4-8670-4199-92F4-5D90FACD8FE7},WIMBERLY RD,76,B,'-5.79,asphalt,2,1735.3579096169283,60,20,6 Years and 6 Months,134184.48445885562,paved,,City,Local,,,,DEERFIELD DR
01KP4C7YVYR59K7T4ZAPW4AP4Y,{529755A3-1B3F-43F3-9C14-5B8CDA0F60AA},TERRACE ACRES DR,76,B,15.25,asphalt,2,356.1854435394554,60,20,6 Years and 6 Months,27541.61539139846,paved,,City,Local,,,GREEN ST,LOCKWOOD ST
01KP4C833DEZN94FZ4SDJS3E9A,{6BC2F52C-6F53-4869-AEF0-9818DD2C54AC},COX RD,76,B,2.28,asphalt,2,879.468188639589,80,20,6 Years and 6 Months,90671.7742674898,paved,,City,Arterial,,,,
01KP4C85TAYW7Z40HAPWRDEF30,{3CD58554-E158-4C8A-A0ED-2B4B186C959B},MARLEY LN,76,B,1.07,asphalt,2,1859.969914754296,50,20,6 Years and 6 Months,119849.96617373118,paved,,City,Local,,,MOORES MILL RD,ALEX AV
01KP4C861EG9YCRP5XD9DFF9PT,{3A718DD0-11C7-403F-97E1-1E667FE5FD36},CEDARCREST CIR,76,B,24,asphalt,2,39.3404935270564,40,20,6 Years and 6 Months,2027.9712187058467,paved,,City,Cul-de-sac,,,,OLD STONEHOUSE WAY
01KP4C7QZW5T87EBKMZCWXJ3KH,{66773475-3E55-4545-989B-BBD2B7D45509},SEMAPHORE DR,76,B,2.25,asphalt,2,525.844569794399,24,20,6 Years and 6 Months,16264.122141564667,paved,,City,Local,,,WIMBERLY RD,MARA VISTA DR
01KP4C8AF8MXZFEAZYFRSGP5BJ,{100EF9EE-4751-4F85-9967-FAE68FBBA817},TUSCANY HILLS DR,76,B,'-2.87,asphalt,2,430.12137741613157,24,30,9 Years and 9 Months,13303.44938377742,paved,,City,Residential Collector,,,FARMSTONE RDG,CAPRI WAY
01KP4C85TJBDRMBZTJDYZ6RHE6,{AE0C7F39-B901-4790-945E-3878C70FB06E},TALCOTT CT,75,B,'-5.35,asphalt,2,787.3391718194551,50,20,6 Years and 4 Months,49630.487080762075,paved,,City,Cul-de-sac,,,PIEDMONT DR,
01KP4C7RJKKY9MJ9WWF4Z8H3B6,{70A69234-2345-410A-AC96-D7BA6EBA428E},FLEETWOOD ST,75,B,0.75,asphalt,2,485.4743741061705,50,20,6 Years and 4 Months,30602.22393919253,paved,,City,Local,,,,ATWOOD LN
01KP4C85J3FX39A2VDXRTH2NWE,{2C4E5C2B-DCFB-4CA7-880B-C0347534D3F1},GARDNER DR,75,B,'-5,asphalt,2,219.85520641732418,25,20,6 Years and 4 Months,6929.364987974593,paved,,City,Local,,,,
01KP4C7VEN1DG2KJ1H2C1S9WGV,{4E69C904-713D-43F2-952A-E5243959ADC9},BERRY LN,75,B,0.17,asphalt,2,581.0695438607322,50,20,6 Years and 4 Months,36628.13374693543,paved,,City,Local,,,CARPENTER WAY,VFW RD
01KP4C7W321MTK143VX31JMCJT,{2F09C40D-2F7B-4178-9E68-2AFD9650ADF8},SAINT PATRICK CT,75,B,5.25,asphalt,2,700.2921782877169,50,20,6 Years and 4 Months,44143.417667065005,paved,,City,Cul-de-sac,,,SAINT JAMES DR,
01KP4C835RVG2X0H5X78AVNP5B,{1F49A93C-3036-4DDE-A722-876708CDE674},BYRD ST,75,B,'-11.5,asphalt,2,447.37391173834794,40,20,6 Years and 4 Months,22560.427263376685,paved,,City,Local,,,DUNFORD AV,HOLMES AV
01KP4C7W4QV4NQ1MHD2KS6WCEN,{097584C1-3336-46D5-A0AB-52CE617CAAC0},FERNDALE DR,75,B,'-8.12,asphalt,2,271.97742872087235,60,20,6 Years and 4 Months,20573.14978681456,paved,,City,Local,,,SUMMERTREES DR,OAK RIDGE DR
01KP4C8ARXGAB5MSAYMHH0KH53,{484EBEB2-B92F-45C8-8453-401E203A55E2},ACADEMY DR,75,B,5.13,asphalt,2,189.01570769820924,60,20,6 Years and 4 Months,14297.688175171685,paved,,City,Collector,,,ROTHBARD LN,
01KP4C839H9P01XTX6HNKJ0QMH,{9DB6CF42-F783-4545-8ECB-4FD240922706},CANTERA CT,75,B,'-15,asphalt,2,189.754798072824,50,6,1 Years and 11 Months,11961.329235661942,paved,,City,Cul-de-sac,,,QUARRY PL,
01KP4C85H2666SAE96BTW33G1M,{7D5CF236-7E2E-477C-B267-98A653CF8A28},BERRY LN,75,B,'-6.5,asphalt,2,245.26017832617472,50,20,6 Years and 4 Months,15460.150526632082,paved,,City,Local,,,VFW RD,
01KP4C8DXFJRRBWJ803GWZDGSQ,{B16E888F-3738-4727-A208-04D5D658DFCB},TRUMPETER ST,75,B,0,asphalt,2,301.4874335536999,50,20,6 Years and 4 Months,19004.475722224295,paved,,City,Local,,,COSCOROBA RD,WHOOPER LN
01KP4C8DY5N23CJSTX5SCHXGJW,{CD126540-51B5-4240-BE7D-DE61B009ECD7},RIDGELINE TRL,75,B,'-5,asphalt,2,2340.24938638546,60,20,6 Years and 4 Months,177023.15001301447,paved,,City,Local,,,ROLLING OAKS CT,NEAL RD
01KP4C7W35FFK4A22ZZ3BRBXPC,{9B868E3C-42E8-4B62-A254-4D1B17A2DE9A},WOODVIEW CT,75,B,'-10,asphalt,2,225.77530566166118,50,20,6 Years and 4 Months,14231.907660458284,paved,,City,Cul-de-sac,,,E VETERANS BLVD,
01KP4C7W2WB71GBH74DKFMEQ1J,{108E1551-FE92-4C30-A18D-586A36D3AA4D},EAGLE RIDGE CT,75,B,'-16.75,asphalt,2,232.1730603511029,50,20,6 Years and 4 Months,14635.194697132016,paved,,City,Cul-de-sac,,,E VETERANS BLVD,
01KP4C7ZMWWAPS7YGJAA04GXD7,{6E4FF576-68E3-4706-9E80-58817BC0EE53},TULANE RD,75,B,'-5.25,asphalt,2,334.1935191608459,50,20,6 Years and 4 Months,21066.12718996046,paved,,City,Local,,,TACOMA DR,WAYNEWOOD CT
01KP4C82Y3S7DD9ZDYVP3SSVYP,{D7390A14-DDAE-44B2-8AFF-86DDFE9E38B0},PAYNE ST,75,B,4.5,asphalt,2,276.88277636202764,40,20,6 Years and 4 Months,13962.802865113681,paved,,City,Local,,,MOORE AV,PINEDALE DR
01KP4C85V9TN4CKAEWM7KGCCT1,{B8553107-4786-48FA-8B47-CD725D5D5E18},BRIDLEWOOD DR,75,B,'-9.45,asphalt,2,683.0460535914663,60,20,6 Years and 4 Months,51667.55505381163,paved,,City,Local,,,,CREEKWOOD TRL
01KP4C85NQRQ0XPC3Z65NCNF5E,{A22753C8-97D9-4C2F-80F0-EC4AB4A76EA6},COLUMBIA CT,75,B,'-5,asphalt,2,231.94854942107702,50,20,6 Years and 4 Months,14621.042490292892,paved,,City,Cul-de-sac,,,MONTICELLO DR,
01KP4C8DTTMMTZ7J9Y5GMD432M,{9028FE17-6B4E-457F-9196-C15B28D12F3A},HEMLOCK DR,75,B,2,asphalt,2,184.60511233229298,50,6,1 Years and 11 Months,11636.715116660609,paved,,City,Local,,,,W GLENN AV
01KP4C82JRT8W1AFWPVYF11KSN,{88FA88C1-6485-4D58-BE73-6097775AB90F},S SAGEWOOD CT,75,B,'-1.25,asphalt,2,349.5022417296118,50,20,6 Years and 4 Months,22031.123451884454,paved,,City,Cul-de-sac,,,MOSSWOOD PL,
01KP4C8AABNJ0MDY7G592FD1Z8,{E514574C-A97F-42CF-B5E8-4A9781C4D189},PAM CIR,75,B,'-3.75,asphalt,2,484.40590780148295,70,20,6 Years and 4 Months,42748.82136348088,paved,,City,Local,,,MIMMS TRL,PAM ST
01KP4C7QVMFPH8W013WAANE9K9,{0059FB61-2EA9-4BC4-8324-43A8675AC5B7},FERNDALE DR,75,B,2.19,asphalt,2,362.61537935547744,60,20,6 Years and 4 Months,27429.263338389326,paved,,City,Local,,,KIMBERLY DR,LEE DR
01KP4C861RQYPEEX3QC40FG5KG,{0D44E28D-1DC1-4FD2-A686-20F402DDD03A},CREEKVIEW CT,75,B,'-5.42,asphalt,2,629.7980566465194,50,20,6 Years and 4 Months,39699.7703564681,paved,,City,Cul-de-sac,,,PARKERSONS WAY,
01KP4C82FACX1CEWRXM4HMB282,{A4AAB606-7D62-44CF-B474-D84722E21006},KINGS WAY,75,B,2.38,asphalt,2,525.6027270194078,50,20,6 Years and 4 Months,33131.743328187666,paved,,City,Local,,,CHARLESTON PL,
01KP4C8ACWJXMRYX199FSTJKMM,{20F5A92C-F928-44A1-96DE-552C39DD9441},LONG DRIVE CT,75,B,'-5.5,asphalt,2,313.0926919400935,50,20,6 Years and 4 Months,19736.021474080895,paved,,City,Local,,,WESTOVER ST,CADDY CT
01KP4C7R33S68ARJMJXZ0G6TRW,{D97BE1F9-FE45-435A-8480-90EA09EAF3B8},BERKSHIRE CT,75,B,'-19.5,asphalt,2,176.87123762416482,50,20,6 Years and 4 Months,11149.204800237532,paved,,City,Cul-de-sac,,,CHURCHILL CIR,
01KP4C85T4DP7FTBTR8E354F9X,{DE8F32C0-E0C0-47F9-A260-2DE6CF025011},TURNBURY LN,75,B,'-3,asphalt,2,565.4919659525995,50,20,6 Years and 4 Months,35646.189996654924,paved,,City,Cul-de-sac,,,SHELTON COVE LN,
01KP4C7W0HR3V8FGPGWXG5XK70,{59480EBE-2F78-45D1-A176-46BE7319CFFB},SPRINGWOOD CT,75,B,'-12.75,asphalt,2,111.35134395598908,50,20,6 Years and 4 Months,7019.111502940026,paved,,City,Local,,,SPRINGWOOD DR,
01KP4C7RMZC9JFMJDGACTXR1CQ,{259FBA22-FBE9-4CBD-B812-8B0250892BA0},MILL CREEK RD,75,B,18.42,asphalt,2,582.6006566881936,70,6,1 Years and 11 Months,51414.507952733096,paved,,City,Collector,,,FALLING LEAF LN,
01KP4C8DPZZVNYP4BDPJ0D4M9H,{89BF3334-4D36-4B1E-9BB2-ABCFCDC47BE4},CARTER ST,75,B,3.25,asphalt,2,474.4428438517152,50,20,6 Years and 4 Months,29906.843549938476,paved,,City,Local,,,,SINGLETON ST
01KP4C7VNQMTVJYG201Y2W1GJK,{1BE7B317-F2C9-4DFC-ABE5-6FCB08E86A24},FONTAINE DR,75,B,'-7.83,asphalt,2,686.3341892840346,50,20,6 Years and 4 Months,43263.565860225746,paved,,City,Local,,,WOODFIELD DR,
01KP4C82YVBEWD1ZFAYDZD4JVD,{509EE1D8-9F4A-4B5B-A091-E79536635F82},BOND AV,75,B,12,asphalt,2,297.46090122475835,60,30,9 Years and 6 Months,22500.792456929936,paved,,City,Local,,,RUSTIC RIDGE RD,STOKER ST
01KP4C82S177ZHWQ1K8XQPY4VC,{24B8618B-70F5-4F2B-9CD9-BC3DAAFF33F7},VICKERSTAFF ST,75,B,'-2.17,asphalt,2,699.032847130086,24,20,6 Years and 4 Months,21150.73671745032,paved,,City,Local,,,HOLMES AV,TUCKER AV
01KP4C835H8NCAYZJ8DM0XHH1A,{FF6124C3-E3B2-4EC9-89D0-B110960EDED7},BRIARWOOD AV,75,B,'-1.46,asphalt,2,590.8243013291028,50,30,9 Years and 6 Months,37243.03185163809,paved,,City,Local,,,MILLBRANCH DR,MILLBRANCH DR
01KP4C8ARA54TV9GBC9P9EEWTM,{DC3BAC50-3B82-48B5-9CD0-CF0DF54239F3},GLENWOOD TER,75,B,3.31,asphalt,2,983.8571602601401,50,20,6 Years and 4 Months,62018.138852112395,paved,,City,Cul-de-sac,,,,GLENWOOD CT
01KP4C85QFYJMMH093M4YG82RT,{59F2D191-1598-4FA4-B77F-72421F7F5F9E},REDTAIL LN,75,B,'-5.04,asphalt,2,640.8160946381679,24,26,8 Years and 2 Months,19389.264120623422,paved,,City,Local,,,,AUTUMN RIDGE WAY
01KP4C7R77SPB8ERZS8DV2XXGH,{C83D0DA8-A44A-41AA-B3AB-1D8351267821},SADDLEBACK CT,75,B,'-5,asphalt,2,287.2350714865927,50,20,6 Years and 4 Months,18106.067899065572,paved,,City,Cul-de-sac,,,FURLONG TRL,
01KP4C82XZ67M8NF4PG3Z0P49W,{CAAEBDA9-9995-4E43-B3F5-02D362270D2D},CARPENTER WAY,75,B,'-6.33,asphalt,2,720.785078970691,50,18,5 Years and 8 Months,45435.202299402474,paved,,City,Local,,,STANTON DR,VFW RD
01KP4C8DQ5RXBC998W1N7W18GY,{A40776FE-C28D-402F-8EE4-F97B8C65B9A3},STANTON DR,75,B,'-5.25,asphalt,2,147.28669930407722,60,30,9 Years and 6 Months,11141.186754501272,paved,,City,Residential Collector,,,,VFW RD
01KP4C8A8HXPTRS1XPYR2J0QM3,{A87D6699-1E82-4358-8062-06701D9E5811},MIMMS TRL,75,B,7,asphalt,2,160.20802996509977,60,20,6 Years and 4 Months,12118.59312378862,paved,,City,Local,,,PAM CIR,ALBANS LN
01KP4C8A7T9SG5PG8EZMYPFSS5,{45D654B7-DC7B-4029-A5EE-286E57896EE3},DOLCE ELLA LN,75,B,'-4.75,asphalt,2,244.999970775893,50,30,9 Years and 6 Months,15443.748157837537,paved,,City,Local,,,TIVOLI VILLAGE DR,GRAZIA WAY
01KP4C83AM6P6SNFYW48V4B715,{AEC337C1-1199-4D7E-9626-8D3345B7E679},SOLAMERE LN,75,B,1.25,asphalt,2,335.9006155947283,60,20,6 Years and 4 Months,25408.482279629807,paved,,City,Residential Collector,,,FRONTIER CIR,KENAI PASS
01KP4C7W5AJEZZV6Y8J5R58EHJ,{354A6265-1ED1-4997-A2C2-A93B7AEF768C},BRIARWOOD AV,75,B,5.25,asphalt,2,342.60584454787244,50,26,8 Years and 2 Months,21596.404129535524,paved,,City,Local,,,WRIGHTS MILL RD,MILLBRANCH DR
01KP4C85QG4YK2EBG283DXC8J7,{88093CA9-29F5-4590-AC8E-D297FD769E91},MRS JAMES RD,75,B,7.33,asphalt,2,719.1016843491595,100,10,3 Years and 2 Months,90658.17663401905,paved,,City,Collector,,,WOOD CIR,KEYSTONE DR
01KP4C85JXJ6VBEX98Z10ADCCH,{9D85E806-B882-4E00-ABCC-CCD52F8D6009},DANBURY DR,75,B,0.85,asphalt,2,549.3533116774101,50,20,6 Years and 4 Months,34628.87839680817,paved,,City,Local,,,NOTTINGHAM DR,
01KP4C7QZT5F00536H4R0JH4DS,{18C77BBC-1C6C-49F2-AE55-9ED189855CA8},HEYWOOD ST,75,B,'-7.25,asphalt,2,269.4338690110606,50,20,6 Years and 4 Months,16983.956385875783,paved,,City,Local,,,OXBURY ST,CROSS CREEK RD
01KP4C7Z2XSTEZPET092QGJA05,{CE48486E-9F40-462C-A418-61DC75CD55DF},N DONAHUE DR,75,B,11,asphalt,2,385.4452600931569,40,8,2 Years and 6 Months,19437.453830412054,paved,,City,Arterial,,,WESTVIEW DR,LUVERNE AV
01KP4C82FA45S3CWZ1FTCR7A6N,{9C962930-FCFA-4966-A628-51A5BA79B61C},E MAGNOLIA AV,75,B,'-6.33,asphalt,2,761.593590006903,60,20,6 Years and 4 Months,57609.11512980786,paved,,City,Local,,,MAPLE ST,OAK ST
01KP4C82M1HG5QM5M5J6CPR0VZ,{0BD0B706-A4FA-45DC-ADA4-236B0A62AD7A},WEBSTER RD,75,B,'-5,asphalt,2,539.7606048526574,80,10,3 Years and 2 Months,54438.7124322823,paved,,City,Collector,,,,
01KP4C7VWHSMRDNF370TBJW7AZ,{E117D909-E14F-4D08-A67D-086CF37BB677},MILL CREEK RD,75,B,2.38,asphalt,2,854.6174363154544,70,24,7 Years and 7 Months,75419.98875483885,paved,,City,Collector,,,LEE RD 945,LEE RD 449
01KP4C8DX6CSTS0X7GQXAYAQQ0,{D4FDF2E2-DDA2-4F14-9FB7-EFFD95D3C89E},MIRACLE RD,75,B,7,asphalt,2,694.3306494766309,24,20,6 Years and 4 Months,21008.4616513072,paved,,City,Collector,,,N DONAHUE DR,SARAH LN
01KP4C8AKHE8W5C4AQY3TCSMW6,{8B0476E8-379C-4DD4-B88F-B1B5BF7902B7},OGLETREE RD,75,B,12.38,asphalt,2,1233.9857484665274,80,28,8 Years and 10 Months,124456.27691676689,paved,,City,Collector,,,WHITE OAK LN,
01KP4C7QWQRNKR70TRMR75M8VX,{F2AF6E80-3E8D-4384-9E02-33BBB9AB47EA},KENT DR,75,B,'-7.87,asphalt,2,914.7459704556582,60,20,6 Years and 4 Months,69193.99876518156,paved,,City,Local,,,CATHERINE CT,REEDE ST
01KP4C7Z0S92WVHZQMBBH68VNB,{9C776119-659D-4689-BF64-DABD34BF700A},HILLCREST DR,75,B,'-1.62,asphalt,2,387.0405456463369,50,20,6 Years and 4 Months,24397.37725234945,paved,,City,Local,,,CHEWACLA DR,AUBURN DR
01KP4C7RCQ5DT0SQW1BA919RH4,{48A460D3-CCD5-4590-BF63-2ECA321A1627},FORREST CV,75,B,'-5,asphalt,2,706.0680086292147,50,20,6 Years and 4 Months,44507.501258234406,paved,,City,Local,,,,BLUEBIRD DR
01KP4C7YW8EWZH3MF4ZQKJ861C,{EA18405A-B43F-4F84-91AA-532873947D72},SHERWOOD DR,75,B,'-2.31,asphalt,2,528.334959842115,60,20,6 Years and 4 Months,39964.76589091427,paved,,City,Local,,,MOORES MILL RD,HEARD AV
01KP4C7Z8FY0Y2CB3XCYXQN219,{FACAFD67-7E38-4267-A8D9-3B7ABC7D210F},DEWEY ST,75,B,5.25,asphalt,2,483.13325821826993,60,20,6 Years and 4 Months,36545.580032367696,paved,,City,Local,,,PRIDE AV,RAINTREE AV
01KP4C832AGPBRNVZ9QEFE0K47,{7949E9F9-850E-45A4-866C-192FF79C036E},MOHICAN DR,75,B,11.17,asphalt,2,1714.3334090089327,50,20,6 Years and 4 Months,108064.23096074164,paved,,City,Local,,,SEQUOIA DR,
01KP4C8E5W2FHHTN6FC8S9G0E9,{7CF9FD8F-E0D5-400E-BF26-93EDCE9D68BF},SLAUGHTER AV,75,B,11.75,asphalt,2,435.4060158047558,50,20,6 Years and 4 Months,27446.12921054978,paved,,City,Local,,,JONES ST,
01KP4C85G3AMMVH26WTAT3KZJY,{53761D0D-7CCD-4D17-AFEF-C2D933692641},STANTON DR,75,B,'-5.87,asphalt,2,183.57668402392832,50,30,9 Years and 6 Months,11571.887403651195,paved,,City,Local,,,VFW RD,DRESDEN LN
01KP4C85HDVAE9ZTCMQWCFZ87M,{D1C96CF3-6033-42F5-8FB9-C36D54C9690E},WINGFIELD XING,75,B,0,asphalt,2,345.4628860464613,50,20,6 Years and 4 Months,21776.499781143004,paved,,City,Local,,,KEYSTONE DR,YEARLING CT
01KP4C7QVDMNPHKAYXESHR8M19,{5B603432-6D8D-4AFD-8ED8-35D24D426793},ANDERS CT,75,B,'-0.69,asphalt,2,399.3213294678628,50,20,6 Years and 4 Months,25171.505232527783,paved,,City,Local,,,BAGWELL LN,
01KP4C8DYN9QESVESBY3A2R8M3,{5D7C4587-2236-4502-B676-248DE0C795D0},CLOVERDALE DR,75,B,'-4.12,asphalt,2,1018.5913804182857,50,30,9 Years and 6 Months,64207.63522993837,paved,,City,Local,,,FARMVILLE LAKES DR,HARVEST DR
01KP4C7VME3D0JVWG8PB8RN18T,{6FF2EBFC-1B93-47AE-9FE7-1446CC5EC49A},ANNALUE DR,75,B,1.97,asphalt,2,1061.1993011846614,60,20,6 Years and 4 Months,80272.14713961117,paved,,City,Collector,,,CHERRY ST,THORPE ST
01KP4C7ZP97E5VCX3518WHJQ7R,{6B06ED88-A4DF-4510-9665-4424C21EDDCD},SUMMER HILL RD,75,B,28,asphalt,2,742.0445393098923,60,20,6 Years and 4 Months,56130.36908065542,paved,,City,Local,,,HARPER AV,E GLENN AV
01KP4C82YM41Y70WW5D76ZCMJ6,{A7FDD5C7-F275-49CE-8641-83DDCC6550A6},CHERRY ST,75,B,3.38,asphalt,2,197.97285906383604,60,20,6 Years and 4 Months,14975.23269632874,paved,,City,Local,,,BIRCH CIR,ANNALUE DR
01KP4C8AAKBBNJBBXHJ2MZPF2E,{D8376961-E117-486D-A9C7-07779F842509},ARLINGTON CT,75,B,41.5,asphalt,2,649.4403618144489,50,30,9 Years and 6 Months,40937.93709294651,paved,,City,Local,,,HERITAGE RIDGE LN,LAFAYETTE PL
01KP4C85Z5V86BMGW9PK80FZRR,{884CD357-F105-4FDB-B676-CA8E1E16064A},MOYLE LN,75,B,'-5.17,asphalt,2,635.4479314476127,50,20,6 Years and 4 Months,40055.91425017987,paved,,City,Cul-de-sac,,,,MORGAN DR
01KP4C896NAVP51HQAQ4CQWMVJ,{5D6697B6-C924-46C7-AC3D-AD801E0FA671},FIELDCREST LN,75,B,'-9.25,asphalt,2,215.4770386698719,50,20,6 Years and 4 Months,13582.749044725853,paved,,City,Cul-de-sac,,,BRIAR CLIFF LN,
01KP4C85JAHBF0TPPV3DCB32JA,{5330CBFB-D10D-4F16-930B-42F29CA0F98D},S CARY DR,75,B,17.5,asphalt,2,322.4668514183958,60,18,5 Years and 8 Months,24392.313975148656,paved,,City,Local,,,,
01KP4C82VWC2WNSR99JMWZ3M0F,{EF101F24-4482-4123-B5CA-D2F7C477138D},HICKORY LN,75,B,'-3.58,asphalt,2,791.4136262790664,60,30,9 Years and 6 Months,59864.78787353795,paved,,City,Local,,,CHARLES AV,CEDARBROOK DR
01KP4C8AP5B37K19HMF7A1RNRF,{3800FB49-8045-4C30-8A56-E61A5F673240},S BROOKWOOD DR,75,B,0.5,asphalt,2,32.204508707323555,24,20,6 Years and 4 Months,974.4164206015901,paved,,City,Local,,,,BOWDEN DR
01KP4C82V3KR3FM3QH681PXYT7,{137EED7B-24D5-4BCA-B6AE-1C839DFA9EC9},E UNIVERSITY DR,75,B,8.07,asphalt,2,1678.0041022236867,120,12,3 Years and 9 Months,253858.04917926915,paved,,City,Arterial,,,STOKER ST,N DEAN RD
01KP4C7YV2BBVMD0CY12WAN2CG,{3EFD0F0F-27FC-44D9-A61D-8D91868F178C},MILLERS POINT RD,75,B,1.94,asphalt,2,1042.5234977803755,50,20,6 Years and 4 Months,65716.21334222725,paved,,City,Local,,,WOODLEY RD,SLADE CT
01KP4C7YTMXBNHHYMTJFT3YD3Q,{0AA28BA4-DFB8-4898-8546-97DE161D65B9},SALMON ST,75,B,'-15,asphalt,2,526.6651203202381,50,20,6 Years and 4 Months,33198.712048757865,paved,,City,Local,,,CAMELLIA DR,BROOKSIDE DR
01KP4C7YX265M5343A37TA4F7K,{A34ADD57-F44A-43E0-8E68-E5919DE8C5C0},OLD MILL RD,75,B,5.75,asphalt,2,526.9250326012266,50,20,6 Years and 4 Months,33215.09580504161,paved,,City,Residential Collector,,,CONE ST,EASTWOOD ST
01KP4C7Z5K4SWE60V63XZR0EG1,{A4DD961E-1970-4614-B12E-C2DD2931FF48},LYNN ST,75,B,'-3.5,asphalt,2,436.6340325608909,50,20,6 Years and 4 Months,27523.53812392759,paved,,City,Local,,,CARVER AV,DARDEN AV
01KP4C7Z4QYC12TYPSB433M44V,{93FE60B9-B4F5-46F4-8F85-2E87597BF25D},LYNN ST,75,B,'-0.37,asphalt,2,438.1889102988325,50,20,6 Years and 4 Months,27621.550952765687,paved,,City,Local,,,DARDEN AV,STUBB AV
01KP4C7ZBXCY3AREXCHTRK47HW,{5CE1CF90-4DBA-4695-A187-AC73F8E20DC6},HILLSIDE CT,75,B,'-9,asphalt,2,247.56524947629512,60,20,6 Years and 4 Months,18726.542799671177,paved,,City,Cul-de-sac,,,E UNIVERSITY DR,
01KP4C7ZJDGCJ4B55W4VCTYR91,{93B08610-5420-4287-B95F-3252B582935B},KEYSTONE DR,75,B,'-3.69,asphalt,2,287.98204919059856,60,6,1 Years and 11 Months,21783.7850066317,paved,,City,Residential Collector,,,SHADOW BEND LN,COBBLE HILL CT
01KP4C7ZNAAE7YZZ97QQ200PEM,{398C1832-DEF4-4D78-B1FA-95955C0E2B32},DREW LN,75,B,'-10.5,asphalt,2,581.231739427891,60,20,6 Years and 4 Months,43966.029432438314,paved,,City,Local,,,GENTRY DR,RUSTIC RIDGE RD
01KP4C7ZP6HEVK39AQ74E59AVT,{8ED0A8EB-D8A0-4DDE-AE30-327089F64E4E},COOK ST,75,B,4.63,asphalt,2,562.8040102521966,40,20,6 Years and 4 Months,28381.402231289332,paved,,City,Local,,,HARPER AV,E GLENN AV
01KP4C82HCB48T9SNB2AZWNR00,{82C6E400-DE5F-4CE0-B342-A3AAE79EFA10},JEROME CT,75,B,'-4.12,asphalt,2,151.1339217158347,50,20,6 Years and 4 Months,9526.834708158867,paved,,City,Cul-de-sac,,,JANABROOKE LN,
01KP4C82GRSD2YQ3HQ127CNV6J,{C54F6349-1CD0-4A14-95AA-05035F318505},WHISPER RIDGE RD,75,B,6.75,asphalt,2,355.69901691623716,60,20,6 Years and 4 Months,26906.08992244965,paved,,City,Local,,,SERENITY CIR,PLACID WOOD RD
01KP4C82H8JCKN1XM0H7TRCC40,{B02E7A46-73A2-429B-A083-597EE8A8EEAC},STRATFORD LN,75,B,1.25,asphalt,2,458.0835123674505,50,20,6 Years and 4 Months,28875.62140459108,paved,,City,Cul-de-sac,,,WESTMINSTER CT,
01KP4C82H67DGE9W5W04HF7KP1,{B5CC7EAC-2389-4F72-A5C2-D0A547C2FFCB},WESTMINSTER CT,75,B,1.88,asphalt,2,230.6214279554298,50,20,6 Years and 4 Months,14537.386440761917,paved,,City,Local,,,PIERCE CHAPEL RD,STRATFORD LN
01KP4C82N76GF2EH868YB09B5A,{F791376C-EBC7-4C57-A777-DC0BCC94321E},NORMAN RD,75,B,'-5.5,asphalt,2,431.91086529108816,50,20,6 Years and 4 Months,27225.80990138466,paved,,City,Local,,,BLAKE ST,NORMAN CIR
01KP4C82W43MKSAH849ZY6SCXH,{506F1C24-CEEB-4799-AD7B-EAFE615F67D8},ALICE ST,75,B,'-8.25,asphalt,2,493.7824181451837,60,20,6 Years and 4 Months,37351.11291541068,paved,,City,Local,,,OSBURN CIR,MCKINLEY AV
01KP4C82WRJZDJJAVXKSQMZ70G,{7E98472A-A717-4564-AAF1-189FAA7F28A2},STONE POINTE DR,75,B,'-8.17,asphalt,2,810.8049900960516,50,30,9 Years and 6 Months,51109.67169712611,paved,,City,Local,,,N DONAHUE DR,HIGHRIDGE LN
01KP4C82YP72CACYK6NVSKAW5Y,{835428A6-6616-4B29-925B-763D171AB7AD},THORPE ST,75,B,4.25,asphalt,2,386.6076246574334,50,20,6 Years and 4 Months,24370.08776858464,paved,,City,Local,,,CRESTWOOD ST,STAGE RD
01KP4C8ARZPZXT57B2S5QD4T0B,{94BAE3D1-8BE7-4F94-8CCA-FF656477F544},COSCOROBA RD,75,B,'-10.5,asphalt,2,506.53497104216785,24,20,6 Years and 4 Months,15326.300980961592,paved,,City,Local,,,COX RD,MUTE SWANN ST
01KP4C832KYWDMVK9F6C4FCDJT,{D7EE8ECC-96A2-424D-A4EF-EC55A63DA740},STANFIELD DR,75,B,'-5.5,asphalt,2,271.12920023356384,50,20,6 Years and 4 Months,17090.82280043715,paved,,City,Cul-de-sac,,,BETH ANNE PL,
01KP4C85PAWR5K54GJNNF8Q346,{A2E1DA26-433F-4A14-A499-D2D1B98F684E},KENAI PASS,75,B,'-0.94,asphalt,2,490.8172065305354,50,20,6 Years and 4 Months,30939.013197371252,paved,,City,Local,,,YUKON DR,SOLAMERE LN
01KP4C835EXRFSPTX7VB3V7RA5,{3A69CEB3-3EDC-4EAB-89CC-25A6E9F80422},WOODEN BRIDGE DR,75,B,'-5,asphalt,2,1661.2151430332638,50,20,6 Years and 4 Months,104715.88312334682,paved,,City,Local,,,,MILLBRANCH DR
01KP4C836933GJ004XGQCHSTSZ,{8569AE84-7BCF-4450-AECF-0C12D6E7BEAD},MOORE CIR,75,B,'-5,asphalt,2,241.627823902693,30,20,6 Years and 4 Months,9138.709482605424,paved,,City,Cul-de-sac,,,MOORE AV,MOORE AV
01KP4C839G8MNTV2ME4JRCK3PW,{FF0D5D0C-01B3-44CC-A466-6B4A52850E69},QUARRY PL,75,B,6.13,asphalt,2,218.4351279500466,24,20,6 Years and 4 Months,6609.222871402838,paved,,City,Local,,,TUSCANY HILLS DR,CANTERA CT
01KP4C85FSAXAGGXSMGQXHFCV2,{5A395493-8CB2-4820-A086-8B6F1D8B2726},TERRACE ACRES CIR,75,B,21.67,asphalt,2,1076.1605070612118,50,20,6 Years and 4 Months,67836.54624867995,paved,,City,Local,,,TERRACE ACRES DR,
01KP4C85G31SP6Y4CDMJ5CEA1F,{A5080014-647B-4CB6-A656-2552B8350272},VFW RD,75,B,5.58,asphalt,2,306.5291823558818,50,20,6 Years and 4 Months,19322.285959218974,paved,,City,Local,,,STANTON DR,BERRY LN
01KP4C85GZCFVRBXP9WSEP3RCF,{9DBFF1C4-7960-4200-AE6B-3D08F432A80C},DOGWOOD DR,75,B,'-4.37,asphalt,2,640.3439380646812,50,20,6 Years and 4 Months,40364.53752443437,paved,,City,Local,,,E GLENN AV,
01KP4C85HB7V6G321T7NY50WHR,{F37C5DAB-72A4-4037-B9AE-3255485B1EAF},MEAGAN CT,75,B,'-7.25,asphalt,2,174.35718132999867,50,20,6 Years and 4 Months,10990.729465980274,paved,,City,Cul-de-sac,,,DOWNS WAY,
01KP4C85HTEXFG9TFP3A96NBTA,{CE5007C9-A27E-48FF-82C3-6C23688171B7},BARKLEY CREST LN,75,B,'-21,asphalt,2,265.86105566321515,50,20,6 Years and 4 Months,16758.74154448481,paved,,City,Local,,,BARKLEY CREST DR,BARKLEY CREST CIR
01KP4C85NA3EZAFCHD7CF70BW7,{0E8FBB77-AFE9-4578-B836-111B3AA318CD},ZELLARS CT,75,B,'-7.06,asphalt,2,383.3377364354116,50,20,6 Years and 4 Months,24163.968028875057,paved,,City,Local,,,ELLIS ST,
01KP4C85P5B3168ZRJZMZJJFYR,{ED2D97B4-3653-466D-86BB-26534E8760D6},DANBURY DR,75,B,1.55,asphalt,2,1695.979190472504,50,20,6 Years and 4 Months,106907.25968514175,paved,,City,Local,,,NOTTINGHAM DR,BENTLEY CT
01KP4C85PB21CXVM1E51W45JJ9,{5F2C311A-B5DA-450C-94F6-2F46344BD34C},FRONTIER CIR,75,B,'-4.44,asphalt,2,851.5869006262706,50,20,6 Years and 4 Months,53680.388557334554,paved,,City,Local,,,SOLAMERE LN,
01KP4C85TCNWJN0P65097YBBD8,{20A239DD-3D0E-4603-8A8E-7CCF409AC966},BEAM CT,75,B,1.63,asphalt,2,240.96515517045506,50,20,6 Years and 4 Months,15189.410674137613,paved,,City,Cul-de-sac,,,LESTER CT,
01KP4C8ANW2F7S9TY39WVXGWJ7,{6DE2D4E9-5A8F-435A-978D-4B05D69AEC8C},S BROOKWOOD DR,75,B,'-1.25,asphalt,2,30.096210890802418,60,20,6 Years and 4 Months,2276.5633809542683,paved,,City,Local,,,BOWDEN DR,
01KP4C86139XNQKFA4KPH1G1VA,{0742428D-44EE-4A87-AFAB-AC8A4FF8BDF1},ANNANDALE LN,75,B,'-1.31,asphalt,2,994.0069109611338,50,30,9 Years and 6 Months,62657.93563737147,paved,,City,Local,,,MONTICELLO DR,
01KP4C861SRCJHZ2ZQV1GF8KF4,{5347C1DE-B6DD-4E9F-A1DC-AA6DD89BA939},CREEKWATER XING,75,B,'-3.17,asphalt,2,783.6790245246619,50,20,6 Years and 4 Months,49399.767081643884,paved,,City,Local,,,MILL CREEK RD,PARKERSONS WAY
01KP4C896T67PS6PHRZ3TEEN49,{A1B3ACD7-19D7-4475-AF52-74BCEDF00659},ANDREWS AV,75,B,5.75,asphalt,2,829.8552154324542,50,20,6 Years and 4 Months,52310.516258510055,paved,,City,Local,,,STILL HUNT LN,FALCONER DR
01KP4C85JKNA8G2HSX7B67GGV9,{43819FF3-2D84-41F0-8059-309CEC7189A8},CAROLINA CT,75,B,11.67,asphalt,2,338.05534380726806,24,20,6 Years and 4 Months,10228.588831197054,paved,,City,Local,,,,QUEENS WAY
01KP4C8A860EZVZYTD1G63S7DH,{2059D229-6DC1-4BBE-AFE7-7B6F70059430},LILAH CT,75,B,'-5.17,asphalt,2,478.612508023117,24,6,1 Years and 11 Months,14481.447028470882,paved,,City,Cul-de-sac,,,FELICITY LN,
01KP4C8A86X0SDXNFY7ADDWKHY,{84CD4A0B-B887-425F-936E-8BD5A8F9A680},FELICITY LN,75,B,0.75,asphalt,2,270.75506308489156,50,16,5 Years and 1 Months,17067.23879802977,paved,,City,Local,,,N CAMDEN DR,LILAH CT
01KP4C8A8H6000269RHGJYWC2A,{AE8769DB-DC1C-4A7F-8F4A-1E01D215D415},MIMMS LN,75,B,'-9.37,asphalt,2,849.9186671675939,50,20,6 Years and 4 Months,53575.230269671534,paved,,City,Local,,,MIMMS TRL,PAM ST
01KP4C8A8MQ8A4ZGP266D2A3KH,{D5A17B90-00E9-43E3-A025-CA8A07A57C4C},MIMMS TRL,75,B,'-7.5,asphalt,2,260.6016320779714,60,20,6 Years and 4 Months,19712.652026469408,paved,,City,Local,,,MIMMS LN,WESTOVER ST
01KP4C8A8W1HYEJKT1K99PQ24Z,{ABE26E50-500B-4A8B-A989-CE5B8B5FBF0F},JEROME CT,75,B,'-8.19,asphalt,2,465.1956824783163,50,20,6 Years and 4 Months,29323.942127651007,paved,,City,Cul-de-sac,,,JANABROOKE LN,
01KP4C8AAE0TH7XZQHP1MAQV78,{3FF08EFF-A92E-4189-8DE0-B631B321AB77},TUSCANY HILLS DR,75,B,'-11.5,asphalt,2,161.3268469751747,24,20,6 Years and 4 Months,4881.2894556202855,paved,,City,Residential Collector,,,,SOPHIA CT
01KP4C8AANN0FXBTNSB5Y5ZVX6,{06BC385D-0365-46D2-9F56-EEEDC8D6AA28},BLASTED ROCK RD,75,B,'-0.62,asphalt,2,784.3898643367829,50,20,6 Years and 4 Months,49444.57537694364,paved,,City,Local,,,SOPHIA CT,
01KP4C8AB326Z53KPDZEHFFMZ9,{9551B6A1-A2D5-4A22-8D04-15640346BC4C},NORTHERN VILLAGE CT,75,B,5.75,asphalt,2,233.94948250282326,50,20,6 Years and 4 Months,14747.17273633868,paved,,City,Cul-de-sac,,,JACK HAMPTON DR,
01KP4C8AAYAT5G2HD4WP1WWTA8,{D2B002B9-530A-44D7-892A-8A66D05A9C0D},MONTIANO LN,75,B,'-3.25,asphalt,2,312.8054093383241,50,20,6 Years and 4 Months,19717.912410076497,paved,,City,Local,,,VINEYARD CT,
01KP4C8ACJ3PMQNZQ5WPXEN7N5,{E16D57A0-83AB-4EAB-A78C-AB1DEAA8E810},FELICITY LN,75,B,'-0.33,asphalt,2,644.4173453749064,50,8,2 Years and 6 Months,40621.307663811065,paved,,City,Cul-de-sac,,,CINDY LN,
01KP4C8AQBR741EFQ12GFN23PE,{0C8CE19A-22F1-4905-98E1-28772AAC6B2F},SAMFORD TRACE CT,75,B,4.25,asphalt,2,539.5666935158158,50,20,6 Years and 4 Months,34011.97193055053,paved,,City,Local Commercial,,,E SAMFORD AV,
01KP4C8AS6G2T4R1D1HWPR4T2H,{E7560F7F-ED16-4457-883D-64666B0DFBE4},TUSCANY HILLS DR,75,B,'-6.06,asphalt,2,295.1312718015888,24,16,5 Years and 1 Months,8929.829052510931,paved,,City,Residential Collector,,,,FARMSTONE RDG
01KP4C8DMZ2F8RB52APFZA04WX,{6B854AB3-F485-4CC4-915C-AC393F9A1BEB},W FARMVILLE RD,75,B,12.83,asphalt,2,1558.9791018013211,80,30,9 Years and 6 Months,157234.17798167607,paved,,City,Arterial,,,,
01KP4C8DPY0D8D5V5X2MH19B52,{FBA1816E-762A-4054-9065-78D810A1F151},SAMGLENN DR,75,B,'-5,asphalt,2,464.6110284055358,24,20,6 Years and 4 Months,14057.802259470356,paved,,City,Local Commercial,,,,E GLENN AV
01KP4C8ACJQXM5NZDMJVWZ82CZ,{636EECFE-4B28-4393-969A-4A9B16E0A017},WATERFALL RD,75,B,'-0.56,asphalt,2,369.93046153723776,50,12,3 Years and 9 Months,23318.830879043737,paved,,City,Cul-de-sac,,,CINDY LN,
01KP4C8DWNHBZFBJ52JKEF7DGY,{E822325A-B560-4722-B5A2-BBBA75658C28},JONES ST,75,B,7.5,asphalt,2,445.22343766142825,50,20,6 Years and 4 Months,28064.97740972932,paved,,City,Local,,,MARTIN LUTHER KING DR,SLAUGHTER AV
01KP4C8DX6QMTTE9HPVNX8NT41,{28EBE295-5F49-4EDE-AF21-0D3881240121},TURING LN,75,B,3.81,asphalt,2,501.4914482851855,50,28,8 Years and 10 Months,31611.871650834015,paved,,City,Local,,,NEWTON WAY,BRIDGEWATER BLVD
01KP4C8DYJ3VX0MN3CZMWAM6CN,{8EED05D0-ACC8-4B09-A40A-6CA6376850FB},SARAH LN,75,B,'-8.86,asphalt,2,1753.161395451913,60,20,6 Years and 4 Months,132614.13698454114,paved,,City,Residential Collector,,,MIRACLE RD,COPPER MEADOWS DR
01KP4C8E5KKD771X2S4EZ66X52,{A7AD50CC-877B-4D7A-A068-C4C02D710981},BARNSLEY ST,75,B,'-7.5,asphalt,2,421.62873953705554,50,20,6 Years and 4 Months,26577.66876010368,paved,,City,Local,,,CHERINGTON DR,COWLEY ST
01KP4C8E5HW13QHSPCW30HNFX6,{BE4E6E9F-3B45-4B2F-9C23-1B31D3AC0FCC},COPPER MEADOWS DR,75,B,'-5,asphalt,2,381.1356574563167,50,20,6 Years and 4 Months,24025.15840751425,paved,,City,Local,,,HOMESTEAD LN,SARAH LN
01KP4C7QY15AYGWWRFFA9WSR0D,{1F1B98A7-6C1E-4EC7-A968-6FB17B9003B0},BENT CREEK RD,75,B,4.75,asphalt,2,1097.735289417044,80,20,6 Years and 4 Months,110714.44490406185,paved,,City,Collector,,,CHAMPIONS BLVD,NOTTINGHAM DR
01KP4C85ZPBDN14TTP07KTMTDW,{A8E54BD9-1FD0-4319-89E7-7E4F0C924F29},WALDEN LN,75,B,'-3.25,asphalt,2,472.28127563936,50,20,6 Years and 4 Months,29770.58755369537,paved,,City,Local,,,GARRISON LN,
01KP4C7ZES36TE2DKNYN1YQM1E,{9D118C20-35DF-488B-BDF7-EC56DB015564},ROCKDELL LN,75,B,'-2.92,asphalt,2,574.9791041033203,50,20,6 Years and 4 Months,36244.218526512865,paved,,City,Local,,,SPRINGWOOD DR,BECK DR
01KP4C8AFY60KXPYNG61QTCJEQ,{49FA6367-BDC0-4C07-B9E4-EECCA643C3AC},SALFORD ST,75,B,1.39,asphalt,2,2182.4331717929717,50,20,6 Years and 4 Months,137571.233864807,paved,,City,Local,,,COTSWOLD WAY,WHITTINGTON ST
01KP4C8AT6V2D2X615Y958QACR,{AB3D4B14-A90B-4FEC-82C9-618E84C16800},E UNIVERSITY DR,75,B,1,asphalt,2,297.0163524921088,24,28,8 Years and 10 Months,8986.866208261235,paved,,City,Arterial,,,,GATEWOOD DR
01KP4C7QXM39WAWT4013P6RS3X,{34AAC2CB-A09B-4643-A860-813D1805F1C7},PRIDE AV,75,B,'-10.5,asphalt,2,91.61558308168509,60,20,6 Years and 4 Months,6930.064463107465,paved,,City,Local,,,BOOKER ST,
01KP4C832T1N0Q1PV2NRJFWT8M,{F836E512-C6A0-4C35-BD19-E6B5397831C9},WINDY HILL PL,75,B,'-1.75,asphalt,2,506.9689541836199,60,20,6 Years and 4 Months,38348.58017717525,paved,,City,Cul-de-sac,,,WINDY HILL RD,
01KP4C85H4VBW53N61C49QW7Q6,{3E59D05E-43AF-4D95-BBF4-7EC3008094B9},JUDD AV,75,B,'-7.75,asphalt,2,373.1177824551199,50,20,6 Years and 4 Months,23519.745929760236,paved,,City,Local,,,ALBERTA ST,PIPER AV
01KP4C82HK9Y79CF9GP047WPDD,{BB029F99-E75E-436A-B7B2-D8BD1479817A},SOLAMERE CT,75,B,'-0.62,asphalt,2,454.61569352027146,50,20,6 Years and 4 Months,28657.02496654568,paved,,City,Cul-de-sac,,,,SOLAMERE LN
01KP4C7ZEYPH2S53AH4MASKT2C,{378A04C3-CF6A-49B7-BD33-A1093F80714A},MARTIN LUTHER KING DR,75,B,5.67,asphalt,2,670.142109511646,80,6,1 Years and 11 Months,67588.61847360316,paved,,City,Arterial,,,JORDAN ST,RICHLAND RD
01KP4C7VMXWS24JE69Z9Q0XHAW,{3BF4C234-DD93-4147-BACC-5CF3BBF4A67C},BEDELL AV,75,B,'-1,asphalt,2,1039.5639016354257,60,20,6 Years and 4 Months,78635.5837022797,paved,,City,Residential Collector,,,BOOKER ST,LUNSFORD DR
01KP4C82VRNF9JN22B1MGA6R6F,{3853306A-446C-4810-A8C1-AE26C8F0D8E1},TURN LAKE DR,75,B,5.5,asphalt,2,289.1847953383848,50,30,9 Years and 6 Months,18228.970134723182,paved,,City,Local,,,,TURN LAKE CT
01KP4C7Z44C29DQHG65TD86M0S,{2DF8682F-4C33-4561-89C0-A508DC58193E},MARTIN LUTHER KING DR,75,B,7.29,asphalt,2,828.4406037692423,24,6,1 Years and 11 Months,25066.245696903647,paved,,City,Arterial,,,N DONAHUE DR,MARY BROOKS DR
01KP4C82WJW6Q2C24P70S5MDRX,{80A33A6A-C74C-4B20-93FE-58E6B6C17258},POPLAR RIDGE DR,75,B,6.19,asphalt,2,998.1807864622419,50,30,9 Years and 6 Months,62921.03886092345,paved,,City,Local,,,N DONAHUE DR,HIGHRIDGE LN
01KP4C7RK5PRFRBGFTKTK9563P,{70485888-2C0D-48B1-A580-1F9F3EE33788},HICKORY WOODS DR,75,B,'-5,asphalt,2,1248.4373581877674,50,20,6 Years and 4 Months,78696.14061433605,paved,,City,Local,,,,
01KP4C8E5PXNWKKFV8SK1D4GDB,{6298EB32-0DE9-4227-9B64-0A2F2DCEE8E0},YARBROUGH FARMS BLVD,75,B,'-3.39,asphalt,2,2376.786753619611,24,30,9 Years and 6 Months,71914.77634523336,paved,,City,Residential Collector,,,TURN LAKE DR,PING CT
01KP4C7Z9FM0XZ7AQSYDTW2YPT,{E3E4829E-8785-44DA-92DF-DFABD4BB671E},E UNIVERSITY DR,75,B,19.5,asphalt,2,444.41990324913166,24,6,1 Years and 11 Months,13446.876501166582,paved,,City,Arterial,,,MALL PKWY,
01KP4C7YSYX6QQS9EY278MYZDJ,{3AED94ED-D67F-458A-90FB-FB4B1B826E76},E UNIVERSITY DR,75,B,'-2.58,asphalt,2,579.5608752708139,80,10,3 Years and 2 Months,58452.85399159922,paved,,City,Arterial,,,WILD GINGER LN,S DEAN RD
01KP4C861HBWBE0HJCEQ86FR41,{E970FD4C-810D-4386-BDDB-DCFDA47AD2DE},CORPORATE PKWY,75,B,7.5,asphalt,2,776.7728355424808,60,6,1 Years and 11 Months,58757.316631391936,paved,,City,Local Commercial,,,COX RD,THISTLE LN
01KP4C7VP72PJT970JTYW4KZD1,{C9EF71AF-EEB3-418A-8C01-0DEEF8162AA1},MOORES MILL RD,75,B,3.85,asphalt,2,1251.4979718256714,80,20,6 Years and 4 Months,126222.50972984625,paved,,City,Arterial,,,FORESTDALE DR,S DEAN RD
01KP4C82MFHDE6M6JP64PFNAJT,{416A1B91-3A5B-4E12-B5EA-27937A8B5F59},BRENDA AV,75,B,2.77,asphalt,2,1555.3606756688998,50,20,6 Years and 4 Months,98043.2711627003,paved,,City,Local,,,S DEAN RD,JANET DR
01KP4C8E5PGACX4Q2GQ9E9W5J4,{6212F991-7B6E-40D7-B1D0-8BCF7020C8A7},TITLEIST WAY,75,B,5.13,asphalt,2,535.6589151532538,50,20,6 Years and 4 Months,33765.64233019618,paved,,City,Local,,,BIRDIE LN,YARBROUGH FARMS BLVD
01KP4C8DX59TD16A96B6AVMFDR,{F701558E-BD1D-4B36-ABD0-889AEC70D06D},PRESERVE DR,75,B,'-4.57,asphalt,2,1761.1297500588673,60,30,9 Years and 6 Months,133216.8860937386,paved,,City,Residential Collector,,,CONSERVATION DR,GRAYMOOR LN
01KP4C8ARN808N6EQQ01BXB5X6,{6CB4657C-6829-4A08-B826-BF9D2F8D2ACE},OXBURY ST,75,B,8.75,asphalt,2,971.5716658491846,50,20,6 Years and 4 Months,61243.71393656466,paved,,City,Local,,,GLASCO ST,HARDEE ST
01KP4C7R8YZ056E428C3892PX7,{356D635D-A59B-4CAA-B966-40BB41CA0C4A},HEYWOOD ST,75,B,0.75,asphalt,2,1448.4371404370272,50,28,8 Years and 10 Months,91303.26974540546,paved,,City,Local,,,SNOWSHILL LN,OXBURY ST
01KP4C7QZ2MZHDVVEBZDWGD11H,{5540BBA1-094E-4464-88D6-124132C17D1C},HEYWOOD ST,75,B,0.33,asphalt,2,674.2624699221179,50,30,9 Years and 6 Months,42502.61640759064,paved,,City,Local,,,COTSWOLD WAY,SNOWSHILL LN
01KP4C85HC1WV4RQ41PTVN4V8A,{217EB7E0-F62E-40C5-8EED-0569ED12229F},GREAT ELLIS LN,75,B,'-3.58,asphalt,2,1217.7061022808941,50,8,2 Years and 6 Months,76758.97394734922,paved,,City,Local,,,HEATH RD,
01KP4C85V7EGZ2PBT45HTFVKGN,{CD354067-3178-43DC-B21F-2FABD7321D5C},MIMMS LN,75,B,'-12.07,asphalt,2,1838.8332339960048,50,20,6 Years and 4 Months,115912.16635724816,paved,,City,Local,,,MIMMS TRL,WESTOVER ST
01KP4C861NF2Y15VKYE1XEPTY9,{30EDEAC4-A44A-4A7D-AC2D-69EC2DBDD51C},MIMMS TRL,75,B,17.5,asphalt,2,163.49147129114948,70,20,6 Years and 4 Months,14428.122341443943,paved,,City,Local,,,SHELL TOOMER PKWY,EARLS LN
01KP4C7RN1A3N5AZYW8ZQ3JC5T,{B24CA6B6-B9B7-443A-9C8A-EDC7F2F74DED},W FARMVILLE RD,75,B,9.5,asphalt,2,231.26100176105825,80,28,8 Years and 10 Months,23324.323891901015,paved,,City,Arterial,,,N COLLEGE ST,
01KP4C8A87PC1FTKDBXDH31B7M,{9171A5D0-56F8-46DB-9910-111148050F62},MARTIN LUTHER KING DR,75,B,'-2.25,asphalt,2,245.99057620738355,80,8,2 Years and 6 Months,24809.906686058966,paved,,City,Arterial,,,RICHLAND RD,
01KP4C7RD07WGMCBMKNE6M2BCS,{7C557C8E-9535-4E8F-A70A-1128621857CA},BLUEBIRD DR,75,B,'-5,asphalt,2,120.42267359970299,50,20,6 Years and 4 Months,7590.929246552706,paved,,City,Local,,,,BEAVER DR
01KP4C83AN27259D0F27C9YR0B,{7D2F0C3D-AF1D-490B-ADD4-66218CF53028},SOLAMERE LN,75,B,'-4,asphalt,2,225.94214785578959,60,20,6 Years and 4 Months,17090.909612805797,paved,,City,Residential Collector,,,LIGHTNESS DR,FRONTIER CIR
01KP4C7Z2TXJMZRQDPK6F37QX6,{315E6609-12B6-4B8D-99A6-58A7000204D7},EMILY AV,75,B,'-5.25,asphalt,2,1071.4128472339721,50,20,6 Years and 4 Months,67537.27412028432,paved,,City,Local,,,SAUGAHATCHEE RD,STEVEN ST
01KP4C7ZCNP53PERMGGR0PM82G,{B9E8CAED-D56E-4486-AF0D-233C7BAC5D4F},KURT CIR,75,B,'-2.5,asphalt,2,497.3036615941756,50,20,6 Years and 4 Months,31347.891525489995,paved,,City,Local,,,ANNALUE DR,REEDE ST
01KP4C7QSZQ1NS0FNX9EHCS5FV,{F13F9D27-AA34-4DC9-AD63-C10ADC0C93AB},HARRIS AV,75,B,17.5,asphalt,2,214.2696001550435,50,30,9 Years and 6 Months,13506.637295487564,paved,,City,Local,,,MARY LN,MADDOX ST
01KP4C82G1C0DKV64QSYVEZJ0J,{ACF741F0-95FE-404A-9696-64BBD2B33079},WILLOW CREEK RD,75,B,'-8.75,asphalt,2,546.1590008174684,60,20,6 Years and 4 Months,41313.027276121364,paved,,City,Local,,,MIDDLEBROOK LN,WATERFORD RD
01KP4C7VM6G6TN0VMXGG5115HK,{C98268A6-6F49-48B9-8860-3236CF7A2281},RICHLAND RD,75,B,16.13,asphalt,2,1012.0926102415605,24,30,9 Years and 6 Months,30623.030692737495,paved,,City,Local,,,COMBS AV,DUNFORD AV
01KP4C85G7V9ZBV4JMTNY9Z4H5,{F8D7E8ED-E7AF-4486-89AD-F71C2F9ADBC4},GLENN BROOKE DR,75,B,'-13.5,asphalt,2,494.8291193650708,50,20,6 Years and 4 Months,31191.906988548213,paved,,City,Local,,,BLACKMAN CIR,
01KP4C8AGGY0VDBS97PQGV80YS,{9B5A4863-A50F-40FE-A0DC-1D1DD81A5C66},MOORES MILL RD,75,B,'-5.83,asphalt,2,818.0291921374819,24,14,4 Years and 5 Months,24751.226127816954,paved,,City,Arterial,,,WEATHERFORD ST,GROVE HILL RD
01KP4C8ACZWM1J2S2HZW3FTT7R,{6C8984DF-4383-4A9E-8609-1DE9B0EA15A1},BARKSDALE LN,75,B,'-13.5,asphalt,2,505.11991885238643,50,20,6 Years and 4 Months,31840.59488480221,paved,,City,Local,,,MEADOW COVE RD,FOUNTAINVIEW CT
01KP4C82F7DJB97AE23NZQDBNW,{509D8E53-11B7-4BC0-823A-0A25FD6D7EF5},PATRICIA CIR,75,B,11.17,asphalt,2,388.0840179537744,50,20,6 Years and 4 Months,24463.153274586133,paved,,City,Cul-de-sac,,,N DEAN RD,
01KP4C85FM035CFVQJRWJD83Y5,{BE70C1B5-8614-4C2D-AA6E-50B18A7C44F8},VILLAGE DR,75,B,19.83,asphalt,2,818.0738993690117,50,20,6 Years and 4 Months,51567.872585225196,paved,,City,Local,,,HARPER AV,FLORENCE DR
01KP4C7Z5MTAK9YE5YSRWB4FK2,{FC8BFBA5-F754-466C-89C6-E2451613778E},FOSTER ST,75,B,49.17,asphalt,2,576.3970900206057,50,20,6 Years and 4 Months,36333.602281656036,paved,,City,Residential Collector,,,DARDEN AV,TUCKER AV
01KP4C7Z6TP5J98EM2EESCGXDQ,{D88D21A0-A70E-4D3D-9D0E-76322C54441D},PLEASANT AV,75,B,'-5.4,asphalt,2,1187.7946864416836,60,30,9 Years and 6 Months,89848.18378155306,paved,,City,Local,,,FOSTER ST,LINDSEY CT
01KP4C82QYF03XDMYJJA0GR5SB,{547544A6-CD6C-44A7-B5D6-FCC8DDA1D109},W GLENN AV,75,B,11.25,asphalt,2,516.1693109936737,50,30,9 Years and 6 Months,32537.101210851215,paved,,City,Arterial,,,THOMAS ST,COX ST
01KP4C896TJC53PYC6314FZE25,{2209E888-6364-4BEA-BDBD-12CB028839C5},ANDREWS AV,75,B,4.96,asphalt,2,1624.7313012624836,50,20,6 Years and 4 Months,102416.09809743868,paved,,City,Local,,,FALCONER DR,OAKMONT DR
01KP4C836TDJJKCNYWHWYSR6CD,{0D6E4623-1641-47BB-B652-12B2766A919E},N RYAN ST,75,B,4.5,asphalt,2,927.5199497707365,60,20,6 Years and 4 Months,70160.25905765785,paved,,City,Local,,,E GLENN AV,S RYAN ST
01KP4C8ANZH9K9MTSXVS8NMYC8,{4139A5A3-65BE-4D29-A812-8ECFE46EEEC8},BOWDEN DR,75,B,'-4.83,asphalt,2,1594.311968592454,60,20,6 Years and 4 Months,120598.31248138635,paved,,City,Local,,,S BROOKWOOD DR,S BROOKWOOD DR
01KP4C82F9D094WR1CZ8MJK1GS,{EA243787-EBD5-4A17-A5BD-5425AAF2ED74},S BROOKWOOD DR,75,B,'-8.25,asphalt,2,413.6372594272258,50,20,6 Years and 4 Months,26073.92010318048,paved,,City,Local,,,MCKINLEY AV,E MAGNOLIA AV
01KP4C82GKXMBA3AEBAGHM8QKM,{F0D8F9D0-F76A-4C16-9FEC-E47F534775A3},ROCKY HILLS DR,75,B,0.79,asphalt,2,1958.9661700618956,60,20,6 Years and 4 Months,148181.79814968197,paved,,City,Local,,,HONEYSUCKLE DR,COUNTRY SQUIRE RD
01KP4C7Z582YFGP24E9F1EYMNV,{31FD16AB-6DAB-475A-9FEE-29994A492F4E},RICHLAND RD,75,B,4,asphalt,2,817.1295289798561,24,8,2 Years and 6 Months,24724.004891133358,paved,,City,Local,,,DUNFORD AV,JUDD AV
01KP4C7YW2YSEJ66HW0F8G716D,{8AD3B0E9-AB91-42E1-ACE7-BEA56F7D5BE0},TERRACE ACRES DR,75,B,4.25,asphalt,2,410.3085101439104,50,20,6 Years and 4 Months,25864.09001442864,paved,,City,Local,,,TERRACE ACRES CIR,GREEN ST
01KP4C7RGHPX7H9SY4DTBJWKA7,{25A1C4A6-3D60-45FC-95CD-DEB018C73DB0},KENNESAW LN,75,B,34.5,asphalt,2,294.1955839891741,50,30,9 Years and 6 Months,18544.82877646044,paved,,City,Local,,,SHADOW BEND LN,
01KP4C7R2G8MEJY429A2062B1E,{6B508E85-7CF1-4F49-B38F-799E646A2CE9},TETBURY CT,75,B,'-2.5,asphalt,2,464.5220499865991,50,20,6 Years and 4 Months,29281.479222369548,paved,,City,Local,,,COTSWOLD WAY,
01KP4C82MYD3SSRZ02Z029DNXF,{0F169C6A-0C85-4F52-BA35-53A6297E1A26},FRAZIER ST,75,B,0.44,asphalt,2,315.1626735104896,40,20,6 Years and 4 Months,15893.203392743259,paved,,City,Local,,,BRAGG AV,GRANT AV
01KP4C82KSBANTW3FHE2BVKX8K,{93A03376-D82A-4E08-9465-6F94F082A892},MOORES MILL RD,75,B,'-14.06,asphalt,2,378.84220986854143,80,30,9 Years and 6 Months,38208.94288102718,paved,,City,Arterial,,,MOORES MILL DR,HAMILTON RD
01KP4C860A36H80PA4PQ3KR3V6,{6C5AEB14-23E6-42C7-8BCD-7523530DB9BD},ANTLER RIDGE DR,75,B,8.75,asphalt,2,404.1707324068037,50,20,6 Years and 4 Months,25477.19081064316,paved,,City,Local,,,WILL BUECHNER PKWY,ANTLER RIDGE CT
01KP4C8ACH69RMZPT5DE6F9WCT,{FBB3F499-4AA4-4DBE-93D6-F7DC8E709106},ARBOR RIDGE DR,75,B,'-8.25,asphalt,2,235.07172116108345,50,20,6 Years and 4 Months,14817.913851761155,paved,,City,Cul-de-sac,,,RAVENWOOD DR,
01KP4C7YW6H93RRCE3JFKNP43S,{5D75BA34-7E5E-4DE1-AA48-44E5CF066056},TERRACE ACRES DR,75,B,16,asphalt,2,645.8457412239187,50,20,6 Years and 4 Months,40711.3476164363,paved,,City,Local,,,TERRACE ACRES CIR,TERRACE ACRES CIR
01KP4C8DRV8HAMZ89RBNPJ43Y8,{C40546FF-E46F-487B-A444-A123D52867C1},,75,B,9.13,concrete,2,296.21763501297926,24,30,9 Years and 6 Months,5247.283820229918,paved,,City,Driveway,,,,
01KP4C8DNMM3P8ZB3D3VMTN40M,{50A68D5B-0EE0-4874-877B-DD61E5B374B3},RICHLAND RD,75,B,'-2,asphalt,2,477.57052792506613,80,30,9 Years and 6 Months,48166.39895929951,paved,,City,Arterial,,,WILL BUECHNER PKWY,
01KP4C7R6BGRXDS2NB6BQM854R,{D9A7CE2A-1995-473B-A559-6D864611ADDE},MARA VISTA DR,75,B,'-1.25,asphalt,2,351.44152176726806,50,20,6 Years and 4 Months,22153.367354258145,paved,,City,Cul-de-sac,,,,
01KP4C835YFDAJ12TFF8TB1BHC,{E8641560-E450-46F6-8688-8496876867AF},SPENCER AV,75,B,7.64,asphalt,2,1858.637855079176,50,20,6 Years and 4 Months,117160.56479338378,paved,,City,Local,,,,N DONAHUE DR
01KP4C85RJDSGER7YDDJ1VJ4BK,{C0818E3D-87EE-40CA-9F36-BDBBB87689F3},RICHLAND RD,75,B,'-11.15,asphalt,2,1383.9510015315648,80,30,9 Years and 6 Months,139581.34386875495,paved,,City,Arterial,,,,WILL BUECHNER PKWY
01KP4C7RHENB4BPF6Y4FHYJYTH,{7BC0F11A-DB43-480C-864E-A2C4BA1FDF79},WINCHESTER LN,74,B,'-5,asphalt,2,921.8124100588789,60,20,6 Years and 2 Months,68179.0016811167,paved,,City,Local,,,,RETRIEVER CV
01KP4C7YX4E7H23ZDACTZ2WQW1,{ABE3971E-A975-4B38-919D-A58C72F4DB88},OLD MILL RD,74,B,'-0.69,asphalt,2,428.70185708154713,50,20,6 Years and 2 Months,26423.004937264242,paved,,City,Residential Collector,,,CARTER ST,E UNIVERSITY DR
01KP4C8A7SH3W1F6XG5XZG2DKR,{C46A3738-9AF5-48EC-A0E7-C2C35D70568C},TIVOLI VILLAGE DR,74,B,'-5.06,asphalt,2,529.5691227380319,24,28,8 Years and 7 Months,15667.176408318308,paved,,City,Local,,,DOLCE ELLA LN,MONTIANO LN
01KP4C7Z9Q0FNYQ5RSMPRJ315M,{459F16C1-E5DC-475D-A0FE-5FBB0D67290D},TURN LAKE DR,74,B,1.38,asphalt,2,147.1361221016673,50,8,2 Years and 5 Months,9068.723208266254,paved,,City,Local,,,YARBROUGH FARMS BLVD,
01KP4C82PA6ABSJ71TJB44XZFC,{BD720526-5FA6-44C2-BF93-27D78BDF67A5},PUMPHREY AV,74,B,'-0.33,asphalt,2,762.3678507049278,80,12,3 Years and 8 Months,75181.57115650119,paved,,City,Arterial,,,WEBSTER RD,TEAGUE CT
01KP4C7W3CJ9G2V0VYXA1R0HJZ,{A3AD7761-701F-4893-A97A-591D269F8EA5},LOCKE CT,74,B,0.88,asphalt,2,278.57180426324436,50,20,6 Years and 2 Months,17169.751046891713,paved,,City,Cul-de-sac,,,SAINT JAMES DR,
01KP4C8AFBT3CBDT5SABKSP7B9,{E52C3CE2-3DF8-4CB9-9409-F444E87751B4},FLAGSTONE PL,74,B,'-4.5,asphalt,2,1181.0704094007435,50,28,8 Years and 7 Months,72795.18094766804,paved,,City,Local,,,CAPRI WAY,
01KP4C7YV469AH5ENHKSJDVWG2,{0920CC66-6560-4569-B510-B951790444D7},SALMON ST,74,B,'-2.94,asphalt,2,450.2800136021357,50,20,6 Years and 2 Months,27752.97290185861,paved,,City,Local,,,BROOKSIDE DR,
01KP4C82KQJ24CSW7N9J6VDP87,{8F21272D-25FD-4717-B98D-B07C1B7C929A},GOODMAN ST,74,B,7.54,asphalt,2,576.0857271613708,50,20,6 Years and 2 Months,35506.99807250162,paved,,City,Local,,,HAZELWOOD CT,S GAY ST
01KP4C85NFECCZMX5GWN091VM4,{D1D04F04-2294-4B30-8516-22330FC97DA8},CLUB CREEK CT,74,B,0,asphalt,2,521.4321485225895,50,30,9 Years and 3 Months,32138.429090685957,paved,,City,Local,,,CLUB CREEK DR,CLUB CREEK DR
01KP4C839VSKK83H7CDK1Q777E,{E63F83EE-90B4-4133-8CBC-8107DCD8DCDC},MONTICELLO DR,74,B,'-3.25,asphalt,2,360.6874519733695,60,6,1 Years and 10 Months,26677.130971668452,paved,,City,Residential Collector,,,HAMPSHIRE CT,ANNANDALE LN
01KP4C85PTDYX4R7GB0DS6905H,{56B660AE-CCA9-457A-B978-902D5D68FC6B},ALEX AV,74,B,'-6.81,asphalt,2,487.19181560879406,50,20,6 Years and 2 Months,30028.02888903091,paved,,City,Local,,,EAST LAKE BLVD,
01KP4C7R6GE2318QS7QJ60B1EB,{45418131-AA0D-4B3C-8618-199B329E1EE5},JEMISON PL,74,B,1.44,asphalt,2,382.5483941462281,50,6,1 Years and 10 Months,23578.339912219104,paved,,City,Cul-de-sac,,,GREY OAK TRL,
01KP4C7QRQ3ZB6HF41Z4XAADNA,{A62A48C0-9FE6-4756-A1F3-63C127EC9273},E GLENN AV,74,B,13.59,asphalt,2,879.5744614848115,62,30,9 Years and 3 Months,67223.50263638808,paved,,City,Arterial,,,BURTON ST,N ROSS ST
01KP4C7R17FHKGTRDF1M249XEJ,{C3D78F8D-8CF8-4E67-863E-414DEC94B97D},TULIP CT,74,B,'-7.75,asphalt,2,431.08812991760925,50,20,6 Years and 2 Months,26570.0826741282,paved,,City,Cul-de-sac,,,PULL CART LN,
01KP4C7R1F54NGS2FH2310DHS5,{970478B8-D164-4E85-833E-5CDDE55F304C},ANDERS CT,74,B,2,asphalt,2,600.8724787705321,50,20,6 Years and 2 Months,37034.72754072977,paved,,City,Local,,,SAUGAHATCHEE RD,BAGWELL LN
01KP4C831ZM3RDAN5QF65BGBW9,{44CFB0AD-0E3D-4F44-B383-3DEB5D736C81},PRESERVE DR,74,B,'-5.37,asphalt,2,331.3376007924412,50,6,1 Years and 10 Months,20421.96672820713,paved,,City,Local,,,CARDINAL LN,CONSERVATION DR
01KP4C8ASG8WEHDRZKPB7S3NN8,{74C14351-22DB-440B-8F69-D7F37968AFE9},E FARMVILLE RD,74,B,8.5,asphalt,2,191.0882880147295,80,22,6 Years and 9 Months,18844.33834568113,paved,,City,Arterial,,,,N COLLEGE ST
01KP4C7RF5HKMX6ECYQ8W667EY,{AD239BC0-0871-4DB8-808D-F3DF975B060A},NORTHGATE BLVD,74,B,'-5,asphalt,2,59.96828811731763,24,20,6 Years and 2 Months,1774.1475257870045,paved,,City,Local,,,,CAP CT
01KP4C7ZP0MGBKWRFNFH17NP5F,{E88047D9-DCED-4FD8-8408-593CFBB630A1},E THACH AV,74,B,'-7.75,asphalt,2,378.44785046326075,60,6,1 Years and 10 Months,27990.723873311264,paved,,City,Collector,,,COVE CT,S DEAN RD
01KP4C7R7S7H93EY02122JVJJA,{CC1DCC19-05F8-4013-9A16-AE7735C8B111},RUTH WAY,74,B,6,asphalt,2,192.9062411357581,50,20,6 Years and 2 Months,11889.760862383313,paved,,City,Local,,,N DONAHUE DR,CAMERON CT
01KP4C7QZ7CBPW8HVXR6YMV293,{20A58F87-D2FC-45E2-8C6C-08E768FDBE5E},YARBROUGH FARMS BLVD,74,B,'-2.5,asphalt,2,306.5252206406196,24,30,9 Years and 3 Months,9068.475670457337,paved,,City,Residential Collector,,,N DONAHUE DR,CLUB CREEK DR
01KP4C831ARV2GE23N8V9S94AW,{85E314E4-6777-4408-8EB9-9DB5B75C8D11},TRAILRIDGE RD,74,B,'-0.96,asphalt,2,737.2033685571537,60,26,8 Years,54524.96533537957,paved,,City,Local,,,KEYSTONE DR,ROANOKE LN
01KP4C8AFWM0WKMK06M5ZX77S1,{F157560F-B51D-48F8-9A24-3926848B8E7E},TALCOTT CT,74,B,1.5,asphalt,2,336.94285667473434,50,20,6 Years and 2 Months,20767.446229650694,paved,,City,Cul-de-sac,,,PIEDMONT DR,
01KP4C82JDWXW6HYKKWZT71X8D,{6E811F19-B86A-4895-8525-3D49192C599B},E VETERANS BLVD,74,B,'-5.44,asphalt,2,319.0164228827831,60,20,6 Years and 2 Months,23595.06228673994,paved,,City,Collector,,,LONGVIEW CT,
01KP4C8ACQBG5M338V7MHHW2SD,{D92DFDF0-7BD0-4675-8E04-C14E2B3F26D2},FURLONG TRL,74,B,'-5.5,asphalt,2,1143.9443686795535,50,20,6 Years and 2 Months,70506.92037432866,paved,,City,Cul-de-sac,,,SADDLEBACK CT,
01KP4C85R54QD5XS3VWMTM4Q81,{47AFACD2-6429-4043-9869-17A38ADE0AA8},WATERSTONE CIR,74,B,4.07,asphalt,2,1027.9446163714233,50,20,6 Years and 2 Months,63357.284847146606,paved,,City,Local,,,DEER RUN RD,LUNDY CHASE DR
01KP4C8AQPEAA8JN5DEEV4GDZK,{BBC1BC96-4D5B-4D92-856E-26D7A20C993D},WOODWARD OAKS TRL,74,B,'-8.33,asphalt,2,668.7332552814589,24,6,1 Years and 10 Months,19784.314135298322,paved,,City,Local,,,JAMES BURT PKWY,BURTS GAP LOOP
01KP4C831H9X2HQAM5245X5H47,{308A1FD5-A0F7-46FE-B51A-B415BE3AD72E},WINGFIELD XING,74,B,'-0.62,asphalt,2,443.9287719495451,50,20,6 Years and 2 Months,27361.514626667988,paved,,City,Local,,,YEARLING CT,ROANOKE LN
01KP4C8AAK5NY2AKXH50ME1QAE,{3A78A581-61B8-4896-929B-C930A893B50F},NORFOLK DR,74,B,2,asphalt,2,505.8282930484335,50,6,1 Years and 10 Months,31176.686696937573,paved,,City,Local,,,ARLINGTON CT,
01KP4C8ABSS3QHDR43F4CTFWSZ,{46429E9A-4FBD-431C-A237-81C48E9FA198},NEWTON WAY,74,B,1.33,asphalt,2,702.572821776857,50,20,6 Years and 2 Months,43303.02011046882,paved,,City,Local,,,TURING LN,BRIDGEWATER BLVD
01KP4C85T2C7K1EQDMVHF8A5H4,{9D2874A9-754B-4951-936E-61C63EAE3DBB},CARPENTER WAY,74,B,0.63,asphalt,2,209.74025393935506,50,20,6 Years and 2 Months,12927.323905500247,paved,,City,Local,,,FORREST POINTE DR,OLIVIA WAY
01KP4C7R5G3S0BWQ02M3SX6ANN,{C86F606E-31DF-4395-BB7A-E609008198DD},STARR CT,74,B,0.75,asphalt,2,302.9406954852339,50,20,6 Years and 2 Months,18671.725723320054,paved,,City,Local,,,NEW ARBOR TRL,EDEN GATE XING
01KP4C7W43AVWV48VJ82JFQF7Z,{0D9420C0-53E6-4DEF-8DCB-1C45A2DCE136},FIELD STONE LN,74,B,'-0.75,asphalt,2,216.5365896519977,50,20,6 Years and 2 Months,13346.215517757257,paved,,City,Local,,,WALKER CIR,
01KP4C7W7XEYTBDN8BRSPYQJ0J,{74B7E845-2EA9-40E9-818F-3167F69632C6},ARROWHEAD CIR,74,B,15.13,asphalt,2,475.0099504168561,50,20,6 Years and 2 Months,29277.20059474051,paved,,City,Cul-de-sac,,,MONTROSE RD,
01KP4C82FFDA80QWNF1NA22TEW,{A3C63370-CB75-4495-B7C2-5858D5199B70},MCKINLEY AV,74,B,'-13.17,asphalt,2,614.5885477174294,50,20,6 Years and 2 Months,37880.11636169489,paved,,City,Local,,,OAK ST,GREEN ST
01KP4C7W34CKF82Y7MMZ5B3MG7,{83019A37-A883-49E1-9228-C5C6EA69931A},SAINT JAMES DR,74,B,'-6.87,asphalt,2,382.6299365708725,60,20,6 Years and 2 Months,28300.03892770853,paved,,City,Local,,,LOCKE CT,SAINT PATRICK CT
01KP4C8ACX9VESNDD8Z9M81M0F,{4010218A-8939-494F-AF04-AED8C7A0D04B},WESTOVER ST,74,B,12.25,asphalt,2,355.61280087614773,50,30,9 Years and 3 Months,21918.166758763204,paved,,City,Local,,,GOLF MILL CT,LONG DRIVE CT
01KP4C82HDME9FZCB7RVBSG9N4,{58F6061C-A9F5-440F-8EB2-2299E065C614},KEYSTONE DR,74,B,'-1.94,asphalt,2,308.558146168803,60,20,6 Years and 2 Months,22821.548220446897,paved,,City,Residential Collector,,,COBBLE HILL CT,PIEDMONT DR
01KP4C85V6JHSR7RVAT3DTJWB9,{153B9198-0E49-493D-88CB-BDD1EBD5F632},N CAMDEN DR,74,B,1.38,asphalt,2,509.39113672396815,50,30,9 Years and 3 Months,31396.28228411378,paved,,City,Local,,,N DONAHUE DR,FELICITY LN
01KP4C85QRCPTVDK68MBJ8R11N,{99547DEC-03F2-4840-910B-57FE8E000F7D},SHADOWWOOD LN,74,B,'-1.4,asphalt,2,1375.8242813142547,50,20,6 Years and 2 Months,84798.82038640081,paved,,City,Local,,,MRS JAMES RD,SHADOW PL
01KP4C7YZRRZVPFT9QJKPMP4V0,{34C5ABEE-16C5-4E05-954D-82E0358E3891},OAK ST,74,B,18.5,asphalt,2,469.27647770973124,50,20,6 Years and 2 Months,28923.818459474383,paved,,City,Local,,,E SAMFORD AV,FLOWERS AV
01KP4C7VZMK3WZB080WM0GZHAG,{91DE65C4-AC60-4123-9E28-E3ABE5A00F2B},ENTERPRISE DR,74,B,12,asphalt,2,482.52241207683113,80,20,6 Years and 2 Months,47584.36891668153,paved,,City,Local Commercial,,,BROWN CT,TECHNOLOGY PKWY
01KP4C8AB600YZ35THKX8HXKNP,{2A359A1C-4951-4C88-8797-F7A8C8BB2DCE},ARBOR WAY,74,B,'-2.12,asphalt,2,366.98766591894037,50,20,6 Years and 2 Months,22619.255662908654,paved,,City,Local,,,WHITE ST,ARBOR DR
01KP4C8A8V833312YDQSA8CSSF,{9355F131-35C1-4503-A7C0-33D447D00E64},WOODWARD WAY,74,B,'-0.87,asphalt,2,643.2999179432393,50,20,6 Years and 2 Months,39649.73938688251,paved,,City,Local,,,BRIGHTON LN,
01KP4C7REA22TH0CKC5EGXAS3Q,{7E40305E-4171-4795-8902-61E431447B2C},CANTERA CT,74,B,'-2.85,asphalt,2,1675.8048440330308,50,30,9 Years and 3 Months,103288.09856159138,paved,,City,Local,,,COLLIER CT,SOPHIA CT
01KP4C85K8G6T5HSBKR3AYH0AZ,{764AED04-4086-470E-BB92-53B3D6635340},COX RD,74,B,6.31,asphalt,2,539.6339479706742,80,12,3 Years and 8 Months,53216.47288813023,paved,,City,Arterial,,,,
01KP4C861A56ZJ31HMXGKWV9J2,{B0804F7C-B38F-4C51-AB87-727611542661},COX RD,74,B,'-1.17,asphalt,2,604.3828871089036,24,30,9 Years and 3 Months,17880.523814429504,paved,,City,Arterial,,,BEEHIVE RD,CHESTNUT DR
01KP4C7ZE9E1XRCCXMC1KM2A9C,{96EDC34F-D6F9-4118-868F-360E466CEFEA},S CAMDEN CT,74,B,1.63,asphalt,2,388.34081038313127,50,6,1 Years and 10 Months,23935.355027265054,paved,,City,Cul-de-sac,,,N DONAHUE DR,
01KP4C8DYQNHZ3N9MBBJ6Z5GSS,{EE7F4FB5-684D-4897-BA7B-48C3E49DF7C0},COPPER MEADOWS DR,74,B,'-5,asphalt,2,642.5730516863035,50,20,6 Years and 2 Months,39604.93904282406,paved,,City,Local,,,,HOMESTEAD LN
01KP4C7ZMS5HXE5C37WARXTHK2,{33FC3980-9D21-4B2D-AEF2-8BEE1A3C5F79},SUNDILLA CT,74,B,'-1.75,asphalt,2,733.0828590439987,50,20,6 Years and 2 Months,45183.50383599757,paved,,City,Cul-de-sac,,,TACOMA DR,
01KP4C7Z1RHFDZY1YSMBGE30JF,{3F4D7757-4FF0-4427-BA5B-2A639437C8F6},OAK ST,74,B,4,asphalt,2,351.2390980619401,50,20,6 Years and 2 Months,21648.593932928783,paved,,City,Local,,,MCKINLEY AV,E MAGNOLIA AV
01KP4C85FGCS16E8P3R2RZVJB9,{9F34F894-32D5-4A9F-88EE-27E06BC25116},HARPER AV,74,B,4,asphalt,2,271.488766181765,40,28,8 Years and 7 Months,13386.550845508487,paved,,City,Collector,,,COOK ST,N DEBARDELEBEN ST
01KP4C7R0CEQ4057WAF8ZSK978,{D9E1BA81-EA3A-4098-86DF-0577F4C6968A},HARPER AV,74,B,2.63,asphalt,2,401.71674274205094,40,30,9 Years and 3 Months,19807.823645300112,paved,,City,Collector,,,N ROSS ST,COOK ST
01KP4C85FEKBG6PR2A3WYT4YDK,{61B57BED-6D7F-4B40-82D5-68383AA1C7E9},HARPER AV,74,B,11.67,asphalt,2,706.3468342558712,60,30,9 Years and 3 Months,52242.75728410567,paved,,City,Collector,,,VILLAGE DR,N DEAN RD
01KP4C82P1PEFFVJKHSX5KFYBY,{4AEFC979-ECCA-4E72-A686-932E848E89B6},VARNER AV,74,B,'-6.25,asphalt,2,203.98185811576678,60,20,6 Years and 2 Months,15086.886763114715,paved,,City,Local,,,JOCKISH ST,VARNER CT
01KP4C8ARHR451XJ6MBAN8YGGF,{26A5E493-8C5C-42BA-A185-AB3A92EBAFE1},HUNTERS HILL LN,74,B,'-1.75,asphalt,2,524.8987580352803,60,20,6 Years and 2 Months,38822.511951447486,paved,,City,Cul-de-sac,,,BLACKBERRY LN,
01KP4C85FBGD1CR0Z5XFFKAF0A,{1B145BDA-3434-420B-9994-29A7EBBE8D3E},GENTRY DR,74,B,'-6.6,asphalt,2,646.4669005482499,50,10,3 Years and 1 Months,39844.936108394504,paved,,City,Local,,,OPELIKA RD,HARVARD DR
01KP4C896RNVE4P9PGGC5K9AZV,{6FD0A60E-93DD-4835-A50F-F9AF08E3C3EC},FALLS CREST DR,74,B,'-4.87,asphalt,2,464.85135021087285,50,6,1 Years and 10 Months,28651.07607728284,paved,,City,Local,,,,
01KP4C82VTXBXK7KS648D06KT9,{471898FB-3096-48A5-9119-69B8AB12AF7C},TURN LAKE DR,74,B,3.63,asphalt,2,118.92821695219241,50,20,6 Years and 2 Months,7330.131213101001,paved,,City,Local,,,,
01KP4C836DZZ343Y6FZHHQSMBA,{C2BD0E9F-38BF-4E05-817C-EC50D7D6FD30},FORESTDALE DR,74,B,5.5,asphalt,2,518.6023431624005,50,20,6 Years and 2 Months,31964.014261898417,paved,,City,Local,,,DELWOOD DR,MOORES MILL RD
01KP4C82GTSS56A24JXGZQ4V40,{B128E227-FA23-4169-A584-7F554623AB04},PLACID WOOD RD,74,B,1.26,asphalt,2,2717.7210422378935,60,20,6 Years and 2 Months,201007.82489542366,paved,,City,Local,,,SOCIETY HILL RD,WHISPER RIDGE RD
01KP4C7R5VBE3K8JBDGHRR2EXV,{75770F51-9256-4D0C-915F-083109BA753E},MONROE DR,74,B,'-1.7,asphalt,2,685.2745443761762,50,20,6 Years and 2 Months,42236.84215575701,paved,,City,Cul-de-sac,,,WATTS WAY,
01KP4C82HAVAW5RCPSMWE5D9J4,{BE7534FF-4F8B-48DF-A09C-3284ADE03040},DRESDEN LN,74,B,2.5,asphalt,2,168.76264364457737,50,20,6 Years and 2 Months,10401.672147172918,paved,,City,Local,,,,STANTON DR
01KP4C85J7EN6Q6AN32KYNP2FE,{B073957F-8E5C-4FCA-AE76-90C2D57416B8},FOREST PARK CIR,74,B,'-6.67,asphalt,2,741.1472897399385,50,20,6 Years and 2 Months,45680.55438190765,paved,,City,Cul-de-sac,,,,
01KP4C836F8RJAKZNME584W7FJ,{073514CD-64EE-4AA4-A66A-871186C540B6},SHERWOOD DR,74,B,1.5,asphalt,2,1761.1578664376088,24,20,6 Years and 2 Months,52103.43615525513,paved,,City,Local,,,MOORES MILL RD,MOORES MILL RD
01KP4C85REQXKST0SWCEFFFBC7,{2D81FC0D-DC55-4D41-84E6-25D8F15DAF33},EASTON CT,74,B,'-2.75,asphalt,2,489.35824677505605,50,20,6 Years and 2 Months,30161.55670202449,paved,,City,Local,,,,
01KP4C83AHP8ST77S56DRXMD8J,{1B0D71CA-AEE9-438C-8E6C-E11145EA1553},CARRINGTON CT,74,B,7,asphalt,2,250.5477299635598,50,20,6 Years and 2 Months,15442.489451563539,paved,,City,Cul-de-sac,,,BENTLEY CT,
01KP4C8AARPJ3W2AJ7JN3YSKG7,{267E8612-A2E3-4D94-B80B-E569CD0A463F},ARBOR DR,74,B,'-9.75,asphalt,2,731.810414780655,50,20,6 Years and 2 Months,45105.07683481402,paved,,City,Local,,,WHITE ST,ARBOR WAY
01KP4C8DTEYP14Z8GEXWNP92V7,{0C044C45-5C08-4584-88C4-5C378179D61B},HARPER AV,74,B,'-3.5,asphalt,2,189.62967055327294,50,28,8 Years and 7 Months,11687.809694577123,paved,,City,Collector,,,N DEBARDELEBEN ST,
01KP4C7Z3G632QD0WS7YQN584Q,{E05EB6D8-0528-412B-AD30-D16E5AB3BE1D},N COLLEGE ST,74,B,15,asphalt,2,263.1675566369096,105,20,6 Years and 2 Months,34062.65408070399,paved,,City,Arterial,,,TICHENOR AV,E GLENN AV
01KP4C8DT4Q9FYW0SH8Q4SCM97,{C69947E2-7C52-4548-87D6-373D8DA87A14},N GAY ST,74,B,12,asphalt,2,47.75370385995769,50,26,8 Years,2943.295747431995,paved,,City,Collector,,,,
01KP4C85Z94YMVAFJFYZN2RMZM,{07DAA229-FBCE-4ED9-84F5-203FA86A19D6},GRAYSTONE LN,74,B,'-1.25,asphalt,2,375.72028486139004,60,20,6 Years and 2 Months,27788.987926033864,paved,,City,Cul-de-sac,,,WINDY HILL RD,
01KP4C83634FPCXTJ9NATGH0MY,{A0E6A18B-EB01-4573-90E0-B4CE3EF27EDB},SEHOY CIR,74,B,'-8.62,asphalt,2,284.6954311735551,50,20,6 Years and 2 Months,17547.180305506583,paved,,City,Cul-de-sac,,,CARY DR,
01KP4C8DYRXYCV5ZA6Q7T1X4Y4,{AD4FA9A6-85EC-4ABF-8172-B49EE6945549},HOMESTEAD LN,74,B,'-5,asphalt,2,300.3961445960465,50,20,6 Years and 2 Months,18514.89253121347,paved,,City,Cul-de-sac,,,,COPPER MEADOWS DR
01KP4C7ZB9QX8H6GJQ48YC7R1A,{E9FE0476-9A5B-49E4-A6D5-C5C0DAB4D228},KIMBERLY DR,74,B,'-9.7,asphalt,2,1321.645623689297,60,20,6 Years and 2 Months,97751.42774829602,paved,,City,Local,,,JOY DR,FERNDALE DR
01KP4C82Y9GDHVBT34XVGZZYNF,{2E9C0E73-552F-427D-8A84-946280192491},TULANE RD,74,B,'-6.5,asphalt,2,143.06739164880594,50,20,6 Years and 2 Months,8817.947329719262,paved,,City,Local,,,WAYNEWOOD CT,
01KP4C7YWF834TZFCNZ6GTPRS2,{FE2C2165-1CCD-4F32-BCE4-5C37A7B90475},PINKSTON CT,74,B,'-5.75,asphalt,2,586.4290185413743,60,20,6 Years and 2 Months,43373.40721897441,paved,,City,Cul-de-sac,,,E UNIVERSITY DR,
01KP4C7YWXJ7210DDTVW9TCZ3P,{0F932F0B-62CC-40F6-9CA4-A40FCECFF678},WINDY HILL RD,74,B,4.56,asphalt,2,357.6193592399924,60,20,6 Years and 2 Months,26450.20898912172,paved,,City,Local,,,WINDY HILL CIR,GRAYSTONE LN
01KP4C8ABTYGRWPEET411Z65NG,{7C1953F9-47C9-4C5B-A25D-FAA0D355BF09},BRIDGEWATER BLVD,74,B,0.13,asphalt,2,268.12966269728986,50,30,9 Years and 3 Months,16526.1504802155,paved,,City,Local,,,CARY CREEK PKWY,TURING LN
01KP4C7YTSN82YJF98A2QWMZR4,{D5F6DFAE-DDED-4001-8CC2-E6515D9F7FC6},HEARD AV,74,B,'-4.5,asphalt,2,533.3825616858524,50,20,6 Years and 2 Months,32874.991857558176,paved,,City,Local,,,S DEAN RD,HEARD CT
01KP4C7ZPDWJXEF7X7C5WR6W74,{A247C923-7AD7-4E97-92F0-7F4311830AF2},TICHENOR AV,74,B,'-10.5,asphalt,2,562.4200410377761,48,20,6 Years and 2 Months,33278.126009138046,paved,,City,Local,,,N COLLEGE ST,N GAY ST
01KP4C82FFDEZ5BFWJ9VWP26AX,{AF483CEA-E5F9-473C-A63C-27BA64979952},EASTWOOD ST,74,B,'-1.87,asphalt,2,492.7422049574974,60,20,6 Years and 2 Months,36444.152035237385,paved,,City,Local,,,CARTER ST,OLD MILL RD
01KP4C82FSK3CV4SRVH6QDSD3W,{88CC3FBA-9D69-4B63-99E9-D00247C50259},GUNSTON CT,74,B,'-1,asphalt,2,532.4910746521651,50,20,6 Years and 2 Months,32820.045124989796,paved,,City,Cul-de-sac,,,DEER RUN RD,
01KP4C82G99HM5NQA9G7PZ481B,{5E3D8049-0BD9-4C83-B3A3-9714BEA5EEB1},TERRACE ACRES CIR,74,B,21.67,asphalt,2,667.1739842802106,50,20,6 Years and 2 Months,41121.215570794564,paved,,City,Local,,,,TERRACE ACRES DR
01KP4C82K1VQF6VCAFETYQA8DJ,{F152F16C-317C-4EAA-97A0-06E6C3ECDA7A},SOUTHVIEW DR,74,B,7.5,asphalt,2,547.5397931927714,40,20,6 Years and 2 Months,26998.057358317852,paved,,City,Collector,,,THREAT CT,
01KP4C82K038HQYF6YCCK6TMPR,{38C57A34-93A3-4DF8-9229-C4B96BF21A96},N SAGEWOOD CT,74,B,'-6.06,asphalt,2,296.16326796487715,50,20,6 Years and 2 Months,18253.999515993935,paved,,City,Cul-de-sac,,,MOSSWOOD PL,
01KP4C8AP4TA4WM9KT79SN4ENA,{2F6F564C-0871-40EA-A124-2C8FA0D375C9},S BROOKWOOD DR,74,B,8,asphalt,2,34.51243260781165,24,20,6 Years and 2 Months,1021.0421014562486,paved,,City,Local,,,BOWDEN DR,
01KP4C82N6HAZKQQ6FFQQZJQDV,{0E070A65-4C51-4424-8D18-8E5D3D74F43D},WRIGHTS MILL RD,74,B,'-0.25,asphalt,2,1091.7061143086764,50,20,6 Years and 2 Months,67287.21971207285,paved,,City,Collector,,,,VIRGINIA AV
01KP4C832ZWNGGA612147H0J81,{778F4706-2565-414B-879D-851806E58607},BARKLEY CREST LN,74,B,'-5.5,asphalt,2,123.58031290648809,50,20,6 Years and 2 Months,7616.862778030051,paved,,City,Local,,,BARKLEY CREST CIR,
01KP4C82ZHB24SDETE7G78BF6B,{7D59D85C-6025-49B2-ABD8-DE5C3A42A229},TURTLE CREEK CT,74,B,1.13,asphalt,2,434.09468945499697,50,20,6 Years and 2 Months,26755.391732599255,paved,,City,Cul-de-sac,,,BIRMINGHAM HWY,
01KP4C831KN78ZH3TDXMEJD1YN,{A96C886B-2A39-4977-B23C-DA2B3D11BB09},YEARLING CT,74,B,'-6.37,asphalt,2,457.21464496969736,50,20,6 Years and 2 Months,28180.388355830706,paved,,City,Cul-de-sac,,,WINGFIELD XING,
01KP4C831YB5ADGGCV8V0SKN0Y,{BD0FDADE-690E-4455-89DF-D4383DCFCC0C},CARDINAL LN,74,B,'-2,asphalt,2,635.8733823250601,50,28,8 Years and 7 Months,39192.00545346362,paved,,City,Cul-de-sac,,,PRESERVE DR,
01KP4C839RJQCYJNC4NQMC9Y04,{1BE7DBB4-A7D6-43A5-8400-FED198B5BEE0},AUTUMN RIDGE WAY,74,B,'-5.11,asphalt,2,1775.4988534016943,50,30,9 Years and 3 Months,109432.73091680599,paved,,City,Local,,,REDTAIL LN,
01KP4C85GV9T0M6KXF0N8SY886,{84CD7938-BA74-4031-B285-F5BA6B4F98E0},SHELL TOOMER PKWY,74,B,'-3.83,asphalt,2,309.14436123774806,24,20,6 Years and 2 Months,9145.962321418481,paved,,City,Local,,,S COLLEGE ST,
01KP4C85J0ZSHESCT1SD5F1M0P,{C84926AE-E33D-4D5B-BA7D-422C8B650C12},SEQUOIA DR,74,B,'-1.75,asphalt,2,1002.5078393440099,50,30,9 Years and 3 Months,61789.491113853815,paved,,City,Local,,,MOHICAN DR,COVEY DR
01KP4C85NGHHF8ZVMWXT76CJFK,{C01A536F-232F-46E5-BBD2-370F063809BD},AUTUMN RIDGE WAY,74,B,0.44,asphalt,2,372.97199381732503,50,20,6 Years and 2 Months,22988.099237978935,paved,,City,Local,,,REDTAIL LN,
01KP4C85PY4QCCF7D7D6YVH1KG,{F1888E17-EDB1-4A56-8FF4-66FD6562236B},SIENA PL,74,B,'-1.44,asphalt,2,475.84052173577544,50,28,8 Years and 7 Months,29328.392792063747,paved,,City,Local,,,TUSCANY HILLS DR,CANAL CT
01KP4C85SWQ2GYWEFETAH593XS,{7F3506BE-9682-4433-A119-6F7234E5AEE1},CARPENTER WAY,74,B,'-0.5,asphalt,2,176.67125814452012,50,20,6 Years and 2 Months,10889.118974209072,paved,,City,Local,,,MADELINE LN,FORREST POINTE DR
01KP4C896KS7N4ZHC48V0DX4NV,{5F1D5E5C-9D80-433E-8B80-24BCF508D7AD},DAKOTA DR,74,B,7.25,asphalt,2,1105.6236871338224,60,20,6 Years and 2 Months,81774.03385029775,paved,,City,Local,,,RICHLAND RD,MONTANA WAY
01KP4C8A83WVSH182BXX230S52,{0FAFBDC1-73D2-429F-992B-84878727DCB2},ELLA GRACE DR,74,B,'-3.81,asphalt,2,923.6291972950623,50,6,1 Years and 10 Months,56927.81227137661,paved,,City,Cul-de-sac,,,CLUB CREEK DR,
01KP4C8A87S4ACG55PCC2J9YF7,{B783DE75-C508-4998-8EE7-CC891F92FC2C},SOPHIA CT,74,B,0.96,asphalt,2,673.393988286047,50,30,9 Years and 3 Months,41504.58502404318,paved,,City,Local,,,SOPHIA WAY,SOPHIA WAY
01KP4C8A8VR8ZN86E0H3R74M3R,{95C2EA6E-9DC0-48E4-9D02-6DB24268F64E},BRIGHTON LN,74,B,'-2.58,asphalt,2,760.6845479154983,50,20,6 Years and 2 Months,46884.73173898223,paved,,City,Local,,,WESTOVER ST,WOODWARD WAY
01KP4C8A8WGJQFBSH31B81H980,{38CBB56E-751A-4173-9B70-29C6FD58EC59},BROOKSHIRE CT,74,B,4.83,asphalt,2,301.60975795987747,50,20,6 Years and 2 Months,18589.69349457467,paved,,City,Cul-de-sac,,,MIMMS TRL,
01KP4C8AC1E8JQZKANFF7R02QV,{C07442EE-F08E-467E-BACD-1CD6F92A69FF},WRIGHT ST,74,B,0.88,asphalt,2,915.3585845365569,60,20,6 Years and 2 Months,67701.66445248477,paved,,City,Local,,,W MAGNOLIA AV,W GLENN AV
01KP4C8ACKN3SFS1DS169JQEV8,{558A36FB-E975-4DB0-8022-805EF15C1F43},CINDY LN,74,B,'-9.62,asphalt,2,319.01431559362334,50,20,6 Years and 2 Months,19662.422023016494,paved,,City,Local,,,CRESCENT BLVD,WATERFALL RD
01KP4C8AD3KT2YE6PYSDGF7SMH,{24A8320D-6AAE-4718-AD71-BA579DC1D71D},ARMISTEAD LN,74,B,2,asphalt,2,296.25700379480327,50,20,6 Years and 2 Months,18259.776916432085,paved,,City,Cul-de-sac,,,TRAILRIDGE RD,
01KP4C8AD8RBNQ4VK29K7S5XDG,{25BA146A-C8EF-4CFE-ADDA-51DD79368205},WINGFIELD XING,74,B,17,asphalt,2,167.76989246234825,50,20,6 Years and 2 Months,10340.484006846003,paved,,City,Local,,,ARMISTEAD LN,
01KP4C8ADBFZRZ16AA6ZZ19BH8,{62473C5E-0B95-42D6-BB53-AB819CCDC7D4},ARMISTEAD LN,74,B,0.25,asphalt,2,635.8694662963283,50,20,6 Years and 2 Months,39191.76408934354,paved,,City,Cul-de-sac,,,KENNESAW LN,
01KP4C8AFDMCK4Q0907Z0DN67G,{7644903D-410F-4F44-B099-4572AB1B1F61},TUSCANY PL,74,B,'-3.69,asphalt,2,949.4556220336519,50,30,9 Years and 3 Months,58519.62191042333,paved,,City,Local,,,VINCENTE DR,
01KP4C8AFY1DYABAVPWZQQC55V,{4A52C86A-FE8A-4E3D-88E6-F14AB25906A3},JACK HAMPTON DR,74,B,9.33,asphalt,2,638.6274044513559,50,20,6 Years and 2 Months,39361.749388644675,paved,,City,Local,,,NISSA CT,
01KP4C8AGA9PNG92WKM207NNP7,{2E3425FD-DB0E-4E41-914D-70F9CE1F83F2},SUMMERLIN DR,74,B,3.25,asphalt,2,561.3217301019599,50,14,4 Years and 4 Months,34597.02028549063,paved,,City,Local,,,BARKLEY CREST LN,SUMMERLIN CIR
01KP4C8DN0TP0AJ9TJAWBJ3HT8,{7134AFDE-7D99-4D03-8866-3561DE7FC135},GREY OAK CIR,74,B,15.67,asphalt,2,461.09423193945656,50,20,6 Years and 2 Months,28419.506390808092,paved,,City,Local,,,,
01KP4C8DPST17GSVSZY0GH4TCY,{569E708F-8286-45E9-8B47-C08595E98596},PEMBROKE PL,74,B,'-1,asphalt,2,151.2244202760701,50,20,6 Years and 2 Months,9320.705141777464,paved,,City,Local,,,,EDEN GATE XING
01KP4C8DXTNJH1E1VS7RY2D9QK,{E7ABC7E1-FE6E-454D-AC83-97A99232982B},GREEN BRIAR LN,74,B,'-0.27,asphalt,2,1419.7377812865584,60,20,6 Years and 2 Months,105006.51056639438,paved,,City,Local,,,WHIPPOORWILL ST,WINCHESTER LN
01KP4C8DYASD4YJAGRH7BBYT1X,{D3E61155-3EB3-41D6-ADE4-22C518D8DEF0},STILLWATER DR,74,B,2,asphalt,2,1227.2963244402097,50,20,6 Years and 2 Months,75644.31155240213,paved,,City,Local,,,KENAI PASS,TIGER LILY DR
01KP4C8DYGRJTS9HSY1J00N97B,{4CBE6C18-B78A-4888-8226-D297030F864A},W FARMVILLE RD,74,B,1.75,asphalt,2,454.78814486031587,80,20,6 Years and 2 Months,44849.32994266937,paved,,City,Arterial,,,NATURES TRL,PARTRIDGE LN
01KP4C8DYJE3TMDFHA54YX4XVZ,{CD6E8DA2-CF0A-4984-B52A-59C3EECA20EA},COTSWOLD WAY,74,B,2,asphalt,2,287.7287571950553,60,20,6 Years and 2 Months,21280.966936921897,paved,,City,Residential Collector,,,TETBURY CT,BANBURY ST
01KP4C85T9WR9E4D7TQHCS403S,{B853AD86-139A-4D18-90B2-9A4E0F01D18F},ALEX AV,74,B,0.44,asphalt,2,1020.0794239838019,50,20,6 Years and 2 Months,62872.51433855718,paved,,City,Local,,,MARLEY LN,LESTER CT
01KP4C8A8PN98AN2B5HHNF0YDP,{E91AD9DB-F833-4A06-AA44-756709142140},OGLETREE RD,74,B,3.5,asphalt,2,427.0315205620108,80,30,9 Years and 3 Months,42112.08620551842,paved,,City,Collector,,,,MOORES MILL RD
01KP4C861V1B3WC99FT6JH6K94,{3143BC39-F2B8-4004-8578-9CC97D173A25},LAFAYETTE PL,74,B,'-5.94,asphalt,2,452.6710069379597,50,30,9 Years and 3 Months,27900.341586350754,paved,,City,Local,,,ARLINGTON CT,
01KP4C85KSREDJ16QVAZ73BZSR,{1A998D87-5C1E-4212-AE8D-F524E0070D39},GARDNER DR,74,B,4.16,asphalt,2,873.8547703551386,50,20,6 Years and 2 Months,53859.969417285756,paved,,City,Local,,,,AUBURN DR
01KP4C85RCBQX24M8PMM13KSFZ,{D7DC0887-449A-47AA-822A-ACE2921E882A},N DONAHUE DR,74,B,'-23.25,asphalt,2,515.7599160240785,24,26,8 Years,15258.634315592353,paved,,City,Arterial,,,MARTIN LUTHER KING DR,
01KP4C896NF0H8CXHB9RHGHKXD,{C602672F-6D4A-4A6D-BA61-722F4BB7D164},BRIAR CLIFF LN,74,B,'-2.75,asphalt,2,253.70898768051003,50,20,6 Years and 2 Months,15637.333320054293,paved,,City,Local,,,GROVE HILL RD,FIELDCREST LN
01KP4C8E5KH5VSNW93FCGTQE97,{B1340A21-18DC-4A7B-8C6B-8BB259D5BBC8},CHERINGTON DR,74,B,7.38,asphalt,2,897.7022316656358,50,20,6 Years and 2 Months,55329.80580250262,paved,,City,Local,,,,COTSWOLD WAY
01KP4C8AKDA3R3VW0DXBKE68SM,{89CDAFBC-393B-4A16-B4FF-1AB94E956A8C},OGLETREE RD,74,B,'-0.62,asphalt,2,716.3509561849402,80,26,8 Years,70643.57492993328,paved,,City,Collector,,,,WHITE OAK LN
01KP4C82WCG1FBHB2VPWPWP4WN,{9FBF1888-9777-445E-9FC5-0C2BC4802175},RAINTREE AV,74,B,'-1.31,asphalt,2,301.2563890674346,60,20,6 Years and 2 Months,22281.496357120923,paved,,City,Local,,,,DEWEY ST
01KP4C8DT2RY1EZNJHX2PTQX6B,{A7ED567E-A786-41BD-B067-71881B3D98F5},RAINTREE AV,74,B,0.25,asphalt,2,231.1061309887287,60,20,6 Years and 2 Months,17093.049650080637,paved,,City,Local,,,,N DONAHUE DR
01KP4C85R3VTQNFFY8QJJ20QGK,{471FBA8F-43EC-4169-8F2A-D6CF51002246},WATERSTONE CIR,74,B,'-7.2,asphalt,2,963.8614182034486,50,20,6 Years and 2 Months,59407.5220140316,paved,,City,Local,,,LUNDY CHASE DR,DEER RUN RD
01KP4C85Z7DMTW1N3E4SN3DDMM,{5839DFE9-307C-4232-B0EE-FA224B5E1370},ANDREWS AV,74,B,0.08,asphalt,2,571.1509807724851,50,20,6 Years and 2 Months,35202.8453704692,paved,,City,Local,,,YARBROUGH FARMS BLVD,STILL HUNT LN
01KP4C8DWGVD4GBKZ8T0627ZK3,{216C3684-7982-41C1-B52B-6958900355D0},HOGAN DR,74,B,'-2.19,asphalt,2,1051.4636594218118,50,20,6 Years and 2 Months,64806.879198966584,paved,,City,Local,,,,OAKMONT DR
01KP4C7QVN49Z12EHSY29YCCVF,{0F646548-72BB-49AB-8E04-4E1D451B7E34},ARMSTRONG ST,74,B,'-15.5,asphalt,2,270.35734364033715,50,8,2 Years and 5 Months,16663.45341834014,paved,,City,Local,,,MILLER AV,CASEY AV
01KP4C8AQXVB6ZPJC4DPEH78JJ,{625DAF32-276B-473D-B577-3B75E848FC42},PETER ST,74,B,'-14.25,asphalt,2,195.14006720857088,50,20,6 Years and 2 Months,12027.442555093343,paved,,City,Cul-de-sac,,,PIPER AV,
01KP4C7W07KTTXKRYS7N24ZJK1,{F4287D4E-471F-4CFD-A58D-1AAB30DDED81},SPRINGHILL DR,74,B,'-1.83,asphalt,2,1171.628071462133,50,20,6 Years and 2 Months,72213.20319821368,paved,,City,Cul-de-sac,,,JENNIFER DR,
01KP4C8DTJPFJYA9W9KQT6F1XN,{5C4AB432-B8B7-44F1-8EF2-6CDD524F2CA3},FONTAINE DR,74,B,'-11.75,asphalt,2,546.9627828955768,50,20,6 Years and 2 Months,33712.0077140242,paved,,City,Local,,,,S GAY ST
01KP4C8AB7Z5JY4064NZV2W7KQ,{BE0A54C4-E101-4D03-9A5E-172ABF773EA6},PRESERVE DR,74,B,'-0.44,asphalt,2,1074.5149211077805,50,30,9 Years and 3 Months,66227.64188351604,paved,,City,Local,,,CONSERVATION DR,TEALE LN
01KP4C7R9ZK6DDM8YEZHFFY4WE,{C74A09EA-EA01-44EC-AC59-C45CA1CB34A8},WIRE RD,74,B,'-1.33,asphalt,2,1550.3858173913295,80,30,9 Years and 3 Months,152892.65089347382,paved,,City,Arterial,,,,HARVEST GATE LN
01KP4C7R675KJJNS5KHXG1FZ4R,{9DEF5B42-9BD7-4A59-BDC0-F71B67803FDB},FAIRWAY DR,74,B,7.81,asphalt,2,2558.393499770707,50,20,6 Years and 2 Months,157686.38031126437,paved,,City,Local,,,RAYMER PL,ROCK FENCE RD
01KP4C7RMD7QAS93WECFJK4FDZ,{867BEA1A-C94C-4606-95F4-95EEF9CBD6ED},W FARMVILLE RD,74,B,15.5,asphalt,2,3094.2765981565503,80,30,9 Years and 3 Months,305144.7880797939,paved,,City,Arterial,,,,AUBURN LAKES RD
01KP4C8DNAH0X98REMYA1AW6ZG,{F5F3E01C-B47B-4C59-8318-B4A4AE81B081},W FARMVILLE RD,74,B,33,asphalt,2,472.50252774717865,80,30,9 Years and 3 Months,46596.24927599478,paved,,City,Arterial,,,,
01KP4C7R6EQA1427W2CDBJNXKP,{8457C728-F8EC-4DBE-9305-B451975F0FD9},AVALON CT,74,B,'-8.12,asphalt,2,269.5529814792554,50,20,6 Years and 2 Months,16613.87662038014,paved,,City,Cul-de-sac,,,RAVENWOOD DR,
01KP4C7ZEHEXCVVFHAF5V9QF44,{A3417EF3-E9E0-4002-B306-CFE1772B026A},W FARMVILLE RD,74,B,20.8,asphalt,2,1228.9309258888827,80,30,9 Years and 3 Months,121192.09613273726,paved,,City,Arterial,,,,
01KP4C838SWMG1WKTFEANPM2T7,{D7F0C17E-162A-4F8E-A022-05B8558FB8E0},GROVE HILL RD,74,B,'-0.33,asphalt,2,694.180326696356,60,30,9 Years and 3 Months,51342.89921070382,paved,,City,Residential Collector,,,FIELD STONE LN,STANTON DR
01KP4C7RA3YTJERXZENAF377Y1,{B95E63D1-3ECA-41D3-BA04-C2FC98AA45CE},GREEN BRIAR LN,74,B,1.54,asphalt,2,1419.9332679224794,60,20,6 Years and 2 Months,105020.96913034262,paved,,City,Local,,,MRS JAMES RD,WHIPPOORWILL ST
01KP4C7Z3AWC4G3PPB6BVQKD07,{06AF4FA0-34AC-4EC8-AE81-874CE35EB7BC},E GLENN AV,74,B,7.25,asphalt,2,364.9327047571028,80,10,3 Years and 1 Months,35988.15727166553,paved,,City,Arterial,,,N RYAN ST,SUMMER HILL RD
01KP4C8AC0T01JBD8NVQ369VZ6,{D4B2996A-95F8-4D9D-A8E3-F511DBC8C4F2},OVERBROOK LN,74,B,9,asphalt,2,397.3515185305111,50,20,6 Years and 2 Months,24490.729308793245,paved,,City,Local,,,CHAMPIONS BLVD,OVERBROOK CIR
01KP4C82QXZG0TGF5WKPJXXPJK,{AC2C0AC9-94BB-45DE-95BD-1700CBB8B92B},E GLENN AV,74,B,5.75,asphalt,2,349.0345704016845,150,20,6 Years and 2 Months,64538.154136654324,paved,,City,Arterial,,,IVY LN,PRATHERS LAKE DR
01KP4C82YJ9AGEQ4VMZ00ZEG5B,{C48E961A-2992-4189-9472-ED707040F19C},E MAGNOLIA AV,74,B,3.5,asphalt,2,1066.9562986563703,60,20,6 Years and 2 Months,78914.12014633686,paved,,City,Local,,,S BROOKWOOD DR,S DEAN RD
01KP4C82R9NREKR3G992YY7RX6,{C6F405F7-95DE-44E1-9538-8F889CD6A88B},RICHLAND RD,74,B,'-13.5,asphalt,2,642.1562323876659,24,30,9 Years and 3 Months,18998.039240848047,paved,,City,Local,,,MARTIN LUTHER KING DR,COMBS AV
01KP4C7Z2PAYJ4QV8X81JDQ7TA,{BBA0B6D1-9402-4617-865E-415A4C903EA3},SCOTTWOODS DR,74,B,'-1.5,asphalt,2,202.82305245696006,60,20,6 Years and 2 Months,15001.179289340495,paved,,City,Local,,,WEST LN,SAUGAHATCHEE RD
01KP4C8AAWPCGSRVNWRHA02323,{4D8652B9-E2CA-42BD-A979-A8420F05D202},N DONAHUE DR,74,B,8.94,asphalt,2,866.4239429280292,24,20,6 Years and 2 Months,25632.94606011076,paved,,City,Arterial,,,MIRACLE RD,JAMES BURT PKWY
01KP4C7QWHA0MEEJ0QFH44HXH7,{07F22ECF-390F-4DB2-B1A4-8470E3426745},FERNDALE DR,74,B,4,asphalt,2,483.2910144228496,60,20,6 Years and 2 Months,35745.12398102714,paved,,City,Local,,,CANTERBURY CT,KIMBERLY DR
01KP4C7YV6Y7TP5GFF9BMYZ7MB,{59ECF95C-7B11-4B70-8779-A820A5CA6800},CAMELLIA DR,74,B,18,asphalt,2,1106.410675159935,50,28,8 Years and 7 Months,68193.53415311153,paved,,City,Local,,,SALMON ST,WRIGHTS MILL RD
01KP4C7R9BY4607CAJGA327AE3,{43E684F5-5BEB-4C45-A2D0-268F4A59C8C9},COX RD,74,B,'-3.62,asphalt,2,536.6068657584353,80,26,8 Years,52917.95453307948,paved,,City,Arterial,,,LEE RD 50,BLACK SWANN RD
01KP4C8APVEK3GXQV02DSJC3MR,{1AE7A34F-5C38-437D-9088-49A4CBCFE538},GRAYMOOR LN,74,B,18.5,asphalt,2,192.4133645786679,50,20,6 Years and 2 Months,11859.382454904242,paved,,City,Local,,,PRESERVE DR,
01KP4C8E5MKZEHFED2NXYB5736,{FD43FEA1-2608-4D89-AAEC-85757553BC86},BIRDIE LN,74,B,6.38,asphalt,2,355.71791986066324,50,20,6 Years and 2 Months,21924.64575903104,paved,,City,Local,,,TITLEIST WAY,YARBROUGH FARMS BLVD
01KP4C85K73PFJN221EC4P66FV,{BB764EDE-2929-418C-ABE9-6FCBAFE80C2F},COX RD,74,B,0,asphalt,2,403.72232646422617,80,30,9 Years and 3 Months,39813.42968026896,paved,,City,Arterial,,,SUNSET DR,
01KP4C8ACZ9FZCQ22TG784S413,{052CFE9A-D9CB-420A-B62D-31E7CB0CDFD6},WATERFALL RD,74,B,2.13,asphalt,2,686.8532374344586,50,30,9 Years and 3 Months,42334.144777111156,paved,,City,Local,,,,CINDY LN
01KP4C8AG7DVKE9XAPBYBDRBQ4,{6BA03F86-A7C3-4894-B059-C7607BB01249},INDIAN HILL RD,74,B,3.5,asphalt,2,1019.977287470404,60,20,6 Years and 2 Months,75439.46299519198,paved,,City,Local,,,E GLENN AV,COMANCHE DR
01KP4C8A8786AQ0FM545YMXCM3,{6F58E8D7-6F67-466D-9557-DBA8F7787262},SOPHIA WAY,74,B,'-5.37,asphalt,2,1072.5841143306407,50,28,8 Years and 7 Months,66108.63676104567,paved,,City,Local,,,SOPHIA CT,SOPHIA CT
01KP4C85F7YZDP8MJ7Z63K64FC,{6EF652AF-8C01-441E-BD30-996368D56AC0},W MAGNOLIA AV,74,B,8.25,asphalt,2,516.5772626465517,72,20,6 Years and 2 Months,45848.44596243566,paved,,City,Collector,,,COX ST,S DONAHUE DR
01KP4C82M33P2Z6A52JFGCR4S0,{5C56B346-B42F-442F-B8B0-E525783B029E},CAMELLIA DR,74,B,6.33,asphalt,2,640.0966767047693,50,26,8 Years,39452.30786737491,paved,,City,Local,,,S GAY ST,SALMON ST
01KP4C82TB6Z4PFC752CQ41R06,{50B2E72D-5DB1-43AF-B001-39C91F709476},E UNIVERSITY DR,74,B,18.5,asphalt,2,1002.0563502877718,90,20,6 Years and 2 Months,111170.99451906909,paved,,City,Arterial,,,SAUGAHATCHEE RD,INDIAN PINES DR
01KP4C85V63F13W44WXSP1GYH5,{A72C6C17-A653-49B7-91BD-97AB56A0602D},WESTOVER ST,74,B,'-6.37,asphalt,2,234.51972742753853,50,30,9 Years and 3 Months,14454.604787319558,paved,,City,Local,,,MILL CREEK RD,MIMMS LN
01KP4C7QSP9QGESBE8QQA7Q4TW,{DD7A44B4-45F4-4F0F-939A-C07E63EAFFAF},OPELIKA RD,74,B,30,asphalt,2,90.18645902059365,100,22,6 Years and 9 Months,11117.270488157623,paved,,City,Arterial,,,OLD STAGE RD,TEMPLE ST
01KP4C860V6WDRKFH755RPTH0C,{707E71F1-06E3-4666-A7B7-7C7169505161},COVINGTON RDG,74,B,'-3.97,asphalt,2,2355.266871280552,50,20,6 Years and 2 Months,145166.68668543466,paved,,City,Local,,,,
01KP4C85PBKT7HC667E53MJSSN,{9C817508-383F-4A2C-9A7C-F5ED13A82972},YUKON DR,74,B,0.1,asphalt,2,581.8891504009212,50,20,6 Years and 2 Months,35864.69160328216,paved,,City,Local,,,KENAI PASS,
01KP4C7Z60GVY46JVPGZ5Q33HM,{F492BBCD-2008-4D90-B1FB-CBC915531807},BURKE PL,74,B,'-3.62,asphalt,2,480.16177476104855,60,20,6 Years and 2 Months,35513.67945518383,paved,,City,Local,,,BURKE CT,
01KP4C7R5KC0C33HAP16NYVJ83,{A83D4D64-F609-4063-988B-AD572FBE7082},STARR CT,74,B,'-6.5,asphalt,2,125.06972322558228,50,20,6 Years and 2 Months,7708.662464840253,paved,,City,Local,,,,SHERIDAN GLEN XING
01KP4C839TEWZ02C763W2FS65V,{FFF2EED3-0A31-41B6-A185-77B814669D60},MONTICELLO DR,74,B,'-6.25,asphalt,2,642.517459161111,60,8,2 Years and 5 Months,47521.81512233512,paved,,City,Residential Collector,,,ANNANDALE LN,LEXINGTON WAY
01KP4C85NJP8TV5954NGSEJ3TA,{E893787A-6288-491F-95B1-8D0B15600F7F},LEXINGTON WAY,74,B,'-1,asphalt,2,344.97006867736076,50,28,8 Years and 7 Months,21262.202804352255,paved,,City,Local,,,MONTICELLO DR,BENNINGTON CT
01KP4C839JJXNWJ47ZBM7MR7W2,{7AAA776E-37C7-4088-B8B1-94008B75B911},ELLIS ST,74,B,'-2,asphalt,2,339.03642043189654,50,20,6 Years and 2 Months,20896.482865667527,paved,,City,Local,,,ZELLARS CT,
01KP4C839N4H1PWRT37BTNKE99,{0C764AF5-419E-4CC5-9F99-D5DB6A7FE9C6},FALLS CREST DR,74,B,'-3.25,asphalt,2,238.53834518889235,50,6,1 Years and 10 Months,14702.29197410268,paved,,City,Local,,,FALLS CREST PL,
01KP4C897FSHFZJTCE5HPZ9GK0,{B8459826-D2A9-4FD6-B17B-FDC68E2764DE},FALLS CREST DR,74,B,'-9.17,asphalt,2,1094.6007685992777,50,6,1 Years and 10 Months,67465.6314995396,paved,,City,Cul-de-sac,,,,
01KP4C82P4DSWJ9VAYAAS9PPW3,{01981CA1-293F-4DE8-9C83-B868D46C388E},OAK ST,74,B,9.58,asphalt,2,624.3937375095582,50,20,6 Years and 2 Months,38484.45845634308,paved,,City,Local,,,FLOWERS AV,TISDALE CIR
01KP4C85Q8HXRXSBX5F7G6ZK6M,{199EBC52-9B77-4694-8BCE-C81360F25C21},SOCIETY HILL RD,74,B,16,asphalt,2,1852.8634380543997,80,20,6 Years and 2 Months,182721.7455229266,paved,,City,Arterial,,,MCCURRY LN,CRESS LAKE RD
01KP4C7Z6EZN2G0J0N6EYXGRK2,{9FC0D232-42D9-4EDC-B6EA-30B066682F73},BYRD ST,74,B,24.5,asphalt,2,557.7542827351064,50,20,6 Years and 2 Months,34377.14095016537,paved,,City,Local,,,TUCKER AV,ZELLARS AV
01KP4C85FAYWRV6XD6BGKHZBKF,{17E923EA-B01F-43CC-A01D-1E018D977104},WEDGEWOOD CT,74,B,'-7,asphalt,2,451.2192772771145,50,10,3 Years and 1 Months,27810.864343921192,paved,,City,Local,,,PIEDMONT DR,SHADOW BEND LN
01KP4C8AD0A3DSPDPSS7HE6GN7,{D9B6CE28-8CBC-4F79-AAF9-E695342B0516},CRESCENT BLVD,74,B,7,asphalt,2,593.2148357498945,50,12,3 Years and 8 Months,36562.74932090222,paved,,City,Local,,,N DONAHUE DR,WATERFALL RD
01KP4C8ABW2VN790AX0F08HJYV,{0E16DC96-607F-4024-97B1-E563CCF25841},TURING LN,74,B,2.75,asphalt,2,593.6552479602143,50,30,9 Years and 3 Months,36589.89409253193,paved,,City,Local,,,BRIDGEWATER BLVD,NEWTON WAY
01KP4C8DWR8QSDJ42J94YR2CRK,{635C9D1B-A33D-4A7C-A60B-6631B79C5B67},DARDEN AV,74,B,'-2.62,asphalt,2,379.88547136565614,50,20,6 Years and 2 Months,23414.21087798163,paved,,City,Local,,,LYNN ST,FOSTER ST
01KP4C82NE4TZ4701S0C9N8NJA,{11368B23-1B49-4BF6-87C0-7EDE7CBB8064},E SAMFORD AV,74,B,'-6.25,asphalt,2,553.0697258115717,60,6,1 Years and 10 Months,40906.090387168246,paved,,City,Arterial,,,S BROOKWOOD DR,S BROOKWOOD DR
01KP4C82F9906WWZ65Z1FNARVD,{E4BB23DF-865D-4D60-A315-1D7BF08A5D70},S BROOKWOOD DR,74,B,'-2.87,asphalt,2,389.6696777721212,50,20,6 Years and 2 Months,24017.259663319786,paved,,City,Local,,,E THACH AV,MCKINLEY AV
01KP4C7R7M9YXH0ACECGGFXWYY,{A5005A58-720A-432B-84A1-AB311B233F9F},RUTH WAY,74,B,'-0.25,asphalt,2,1029.5867242027466,50,20,6 Years and 2 Months,63458.496033004194,paved,,City,Cul-de-sac,,,CAMERON CT,
01KP4C860WYMZT4JCRJMGDJAJ6,{4561FB12-BB5D-485B-AEAE-2503729904F5},LIVE OAK DR,74,B,'-4.36,asphalt,2,1888.7935187066435,50,30,9 Years and 3 Months,116415.63862123645,paved,,City,Local,,,PERSIMMON DR,TIMBERWOOD DR
01KP4C7QWF3EJQZWKCX2RTQ9ND,{E709DC2C-15E7-4099-B28D-2CCDCA9C0B68},OPELIKA RD,74,B,14.83,asphalt,2,773.6238094505454,100,14,4 Years and 4 Months,95364.48419353866,paved,,City,Arterial,,,E UNIVERSITY DR,RONALD LN
01KP4C83172F82E62PTF4MW19V,{7EA00B7C-395E-4739-A8EB-4260A0A1D6DF},KEYSTONE DR,74,B,13.5,asphalt,2,347.13112338856547,60,30,9 Years and 3 Months,25674.479087958087,paved,,City,Residential Collector,,,FIRESTONE CT,ROANOKE LN
01KP4C85J53YE6SYYFASY1F5RD,{875C0D0C-8E50-4924-84AB-4591EF6E2D3E},PINEDALE DR,74,B,2.08,asphalt,2,415.12764716621336,45,20,6 Years and 2 Months,23027.723627805808,paved,,City,Local,,,,
01KP4C8DWPDR2YQ3XPX2ZP1CD0,{2814B3BD-5139-45F2-A3D4-02F74A710195},DARDEN AV,74,B,0.56,asphalt,2,944.155337673668,50,20,6 Years and 2 Months,58192.93930455321,paved,,City,Local,,,BOYKIN ST,LYNN ST
01KP4C85FMF3K6A1DZAYEXWPBB,{89FC4F3E-06AE-4B73-AB2F-DDEDB03100D7},FLORENCE DR,74,B,19.66,asphalt,2,984.4692452967987,50,20,6 Years and 2 Months,60677.68380138842,paved,,City,Local,,,SUMMER HILL RD,VILLAGE DR
01KP4C8615YTPJ9EPWE5T57TRD,{7EDE03A7-AFD5-4A81-99A2-91246CDCF477},WESTON ST,74,B,4.75,asphalt,2,130.20872908458114,50,20,6 Years and 2 Months,8025.404683102039,paved,,City,Local,,,SUDELEY CT,
01KP4C7R39WPMBNN13KD8EGQER,{F2FC7AA4-F2F9-474F-A7F5-D0B12B79CC25},CHURCHILL CIR,74,B,'-24,asphalt,2,918.5395286094038,50,20,6 Years and 2 Months,56614.11094587801,paved,,City,Local,,,,COTSWOLD WAY
01KP4C85Z5C92K81TMNKB3CSZZ,{C39530DC-79ED-42BB-A2A4-1F429D91F4C4},MORGAN DR,74,B,'-6.87,asphalt,2,301.76636360486737,50,20,6 Years and 2 Months,18599.3458710746,paved,,City,Cul-de-sac,,,,MOYLE LN
01KP4C85TV90PV0Z3Y5Q5YQ0WZ,{ABD79CCB-B8C3-4786-AB85-79A57C25FCF1},COTSWOLD WAY,74,B,2.25,asphalt,2,428.8202534341875,60,20,6 Years and 2 Months,31716.362744475242,paved,,City,Residential Collector,,,CHURCHILL CIR,CHURCHILL CIR
01KP4C7QSB3ER75F868A6YKNJ3,{9488E665-5C69-4F53-8498-AEED350AA4A9},PRIDE AV,74,B,'-3.12,asphalt,2,479.3184892245343,60,20,6 Years and 2 Months,35451.30845064508,paved,,City,Local,,,N DONAHUE DR,BOOKER ST
01KP4C7W2G9EFS5Z1YDHD80AE0,{C21E3631-4E55-4099-9AA4-F1BD051928F5},KENTWOOD DR,74,B,'-2.64,asphalt,2,1753.0140389039966,24,20,6 Years and 2 Months,51862.50295667975,paved,,City,Local,,,WINDWAY RD,
01KP4C7Z5TXF5CDSB0KJ69BW2M,{00D9757A-8349-4754-9F86-28CC2778D3DA},CARLISLE DR,74,B,'-18.67,asphalt,2,1383.3470716715274,24,20,6 Years and 2 Months,40925.99374705174,paved,,City,Local,,,CLARK AV,N DONAHUE DR
01KP4C7VN8095ATR8738GKPTEH,{5D7B29B5-C5CE-4CF1-99D8-D48C399CE512},CARY DR,74,B,8.13,asphalt,2,977.061459057282,60,30,9 Years and 3 Months,72265.3265813224,paved,,City,Local,,,THORNAPPLE LN,HICKORY LN
01KP4C7YRRJ4RN266P74EQENKM,{EAC001E9-D6E6-4C16-BE0D-A9595554F7E3},COX RD,74,B,'-2.06,asphalt,2,427.1544327059308,80,12,3 Years and 8 Months,42124.20729389534,paved,,City,Arterial,,,SUMMIT LN,FIELDVIEW DR
01KP4C7W1RSJTAPG5JNX6X77YE,{680AA56F-CEC9-4766-B455-F44B71F58176},OAK KNOLL CIR,74,B,'-1.54,asphalt,2,747.1150642004981,60,20,6 Years and 2 Months,55258.0532245816,paved,,City,Cul-de-sac,,,OGLETREE RD,
01KP4C82MQNMG7FX4VMGES59KV,{391548F9-3A4F-4C3B-8717-EC19DD443436},TERRACE ACRES DR,74,B,6.5,asphalt,2,685.9495436572133,50,20,6 Years and 2 Months,42278.44568287237,paved,,City,Local,,,S DEAN RD,TERRACE ACRES CIR
01KP4C8ARXYXDP083TB635AYDJ,{795DE5CD-B266-456B-8E45-FDB6F2D9E333},ROTHBARD LN,74,B,'-2.62,asphalt,2,513.3664400724172,50,20,6 Years and 2 Months,31641.29979049517,paved,,City,Cul-de-sac,,,ACADEMY DR,
01KP4C7YZ11SASMN0SC6QS9TVE,{157A50B1-7AD9-44E8-8129-78D3F4B00AA6},MOORES MILL RD,74,B,'-1.75,asphalt,2,556.7273499114556,50,20,6 Years and 2 Months,34313.84602708226,paved,,City,Arterial,,,GODFREY LN,SHERWOOD DR
01KP4C82MQHE8R7BCF1N1ZH9NN,{B8071ED3-27E7-447B-A4A2-89F575779CC3},MOORES MILL RD,74,B,2.83,asphalt,2,677.1712144297313,60,20,6 Years and 2 Months,50084.87286915518,paved,,City,Arterial,,,SHERWOOD DR,FORESTDALE DR
01KP4C82X54NN5HDFJNM5X1BVA,{F139B214-6FAB-4FBD-A13C-D840EA29DD53},MARTIN LUTHER KING DR,74,B,2.67,asphalt,2,670.2252110109199,24,6,1 Years and 10 Months,19828.453290326874,paved,,City,Arterial,,,JONES ST,VICKERSTAFF ST
01KP4C7REYAZ8W2BHEBSND0Y5E,{5DEAA337-35DD-4D18-BDAB-E9C2930A12BA},LARKHILL LN,73,B,'-9.85,asphalt,2,1586.9290241500294,50,20,6 Years,95587.28435544959,paved,,City,Cul-de-sac,,,CONIFER LN,
01KP4C7ZH4DEMA2CPFN9D9X2P2,{E4D6EBCE-10DD-4F26-9170-B7CA0950C4BA},PERSIMMON DR,73,B,'-6.62,asphalt,2,415.6203853986202,50,20,6 Years,25034.531071292284,paved,,City,Local,,,,MONET LN
01KP4C7Z6RQ8XHFE64591Y30K4,{F1069468-4053-4295-868B-31F0FC1DC592},PLEASANT AV,73,B,'-12.75,asphalt,2,268.23938969767374,60,30,9 Years,19388.598553433283,paved,,City,Local,,,LINDSEY CT,TRACY CT
01KP4C7RAESG5TGN0Z01MVD38Z,{80EF382B-E722-4EFA-BBC9-6975F4A3A3C2},HATCHER DR,73,B,'-14,asphalt,2,355.235187870019,50,20,6 Years,21397.281415392932,paved,,City,Local,,,BOTTLE WAY,BRADLEY LN
01KP4C83AKVGWWQSQ0KHG85TMK,{2B847FB9-CB2D-4572-BCB0-271559798263},SOLAMERE LN,73,B,'-1.25,asphalt,2,662.1033433483587,60,20,6 Years,47857.460231832076,paved,,City,Residential Collector,,,KENAI PASS,
01KP4C7YRHFFY9WPH8E1CE1GY2,{639CB594-F9C2-4ADB-A1FC-69906B7CEDF1},OLD CREEK TRL,73,B,'-5.62,asphalt,2,454.0701568061953,50,20,6 Years,27350.519484766817,paved,,City,Local,,,SPRINGWOOD DR,
01KP4C8A8H6X6TFG3AQBRWR8Q5,{D3237B2A-2B85-4431-BBAA-26CE5D24F875},MIMMS TRL,73,B,'-9,asphalt,2,161.58396901785838,60,20,6 Years,11679.443170105105,paved,,City,Local,,,ALBANS LN,MIMMS LN
01KP4C85VB4A9SN4YHGEEVMPZX,{4B2345B0-253C-43CF-AD0E-687977B8DC86},SANDHILL RD,73,B,'-3.79,asphalt,2,840.6819477967022,80,8,2 Years and 5 Months,81020.38911495963,paved,,City,Arterial,,,S COLLEGE ST,GOLF CLUB DR
01KP4C7ZAT1C5981VXG8WF8TMX,{6EE3D893-1509-4384-A46F-798B83283530},CANTERBURY CT,73,B,'-0.17,asphalt,2,299.4800180788219,50,20,6 Years,18038.917438168402,paved,,City,Cul-de-sac,,,FERNDALE DR,
01KP4C8E5JTTKM85DFW2Q53EB7,{4D70F70B-A556-4DEE-97D4-E0E1C2C133E5},COTSWOLD WAY,73,B,20.67,asphalt,2,706.0552493777412,60,20,6 Years,51034.345858593966,paved,,City,Residential Collector,,,,GLASCO ST
01KP4C7RA61J3BHP63QSNYZVMX,{0C72DDBF-E53E-4099-9964-9CA292134232},PRESSFIELD PATH,73,B,'-20,asphalt,2,100.99291572727864,50,20,6 Years,6083.220110414138,paved,,City,Cul-de-sac,,,ACADEMY DR,
01KP4C85NNCV9VPZTQAC07DDCR,{33F0EA64-9B3F-4F56-BD89-814DC0D7B805},BENNINGTON CT,73,B,15.88,asphalt,2,466.72659298285674,50,30,9 Years,28112.868868598347,paved,,City,Local,,,LEXINGTON WAY,
01KP4C861SF6DH0Q1YZCJ3N49F,{9220F559-C6F8-4373-A2B4-5D9979DD9232},CREEKVIEW CT,73,B,'-3.75,asphalt,2,603.9741370833875,50,20,6 Years,36379.85486820928,paved,,City,Cul-de-sac,,,PARKERSONS WAY,
01KP4C8AJ58Q7WFNZBGRW15TT6,{94087ED2-6753-462D-A708-88E10B4F96BE},COX RD,73,B,2.19,asphalt,2,970.2318349296314,80,24,7 Years and 2 Months,93505.7080787103,paved,,City,Arterial,,,,W LONGLEAF DR
01KP4C82KD5C59MTV8AK0QWPDQ,{84E81B6E-597A-4CAB-B989-24C04A9D91A1},SUMMERTREES DR,73,B,'-5.75,asphalt,2,422.00291620821633,60,20,6 Years,30502.772691069124,paved,,City,Local,,,E UNIVERSITY DR,MORNING GLORY CIR
01KP4C8ACJDRQBWHK0J5V04Z11,{5B61A0EE-8A7A-483A-AA87-765FA6004A2F},SEQUOIA DR,73,B,'-1.25,asphalt,2,1368.735935489951,50,30,9 Years,82444.61414603954,paved,,City,Local,,,COVEY DR,FINN TER
01KP4C7QZG81XAV939GMPETTG9,{4C2D9E9A-AAA7-4B5E-9216-1ADAC870760C},PEMBROKE PL,73,B,9.75,asphalt,2,250.18105211347418,50,20,6 Years,15069.437262025493,paved,,City,Local,,,EDEN GATE XING,
01KP4C832MDXV59C43607XYJZP,{D28C826C-42CC-4BCF-A418-A1473C76B31D},BETH ANNE PL,73,B,2.5,asphalt,2,529.025349538112,50,20,6 Years,31865.380081900803,paved,,City,Cul-de-sac,,,STANFIELD DR,
01KP4C7QVXRZPC09DVMPD6K16W,{207A3CA4-ECA6-465F-BDEF-F6652FE958AA},GENELDA AV,73,B,2.75,asphalt,2,530.8712665279843,24,20,6 Years,15348.75229453004,paved,,City,Local,,,TOOMER ST,THOMAS ST
01KP4C82G7KWWZQXYSN1GBTZ4C,{DAE1AB42-78DD-4704-B3A1-2EEC19B9D13A},MILLERS POINT RD,73,B,7,asphalt,2,508.33681847727644,50,20,6 Years,30619.224474867373,paved,,City,Local,,,BROOKEVIEW CT,WOODLEY RD
01KP4C7R7FNEFC1Z1JZC8SGWAB,{DFB33FE4-351E-4F56-82DF-AD19A678E8B3},CEDARBROOK DR,73,B,'-3.12,asphalt,2,275.20076170931,60,20,6 Years,19891.77315231246,paved,,City,Local,,,JENKINS DR,
01KP4C8ABXKEN10XXTS73T80H2,{28EBE295-5F49-4EDE-AF21-0D3881240121},TURING LN,73,B,12,asphalt,2,266.01261211058073,50,30,9 Years,16023.037457248036,paved,,City,Cul-de-sac,,,BRIDGEWATER BLVD,
01KP4C7R9KYXBHZZ68Y0WWHX0K,{E56FD9AE-B144-48A9-A016-788F6AA69061},BRIDGE ST,73,B,8.5,asphalt,2,982.1169344408229,50,20,6 Years,59156.95614237005,paved,,City,Local,,,OXBURY ST,RIDGECREST DR
01KP4C7R10W0XJCHWDFS8WQ48P,{C0460F9D-EB09-40D0-B79F-C0B8780EC5BF},TULIP CT,73,B,6,asphalt,2,439.43644336206614,50,20,6 Years,26469.07053092382,paved,,City,Cul-de-sac,,,PULL CART LN,
01KP4C8E5TCZG360CWXSJ8SSZ2,{2103508A-1750-4D58-8611-BBD5B3DDCF04},YARBROUGH FARMS BLVD,73,B,6.5,asphalt,2,186.66861898831152,60,30,9 Years,13492.585560112288,paved,,City,Residential Collector,,,SPYGLASS CT,ANDREWS AV
01KP4C82SD7VP75PC0PWTFM3G8,{38A134C9-5615-4187-B10E-52B4706293E8},ZELLARS AV,73,B,'-4.83,asphalt,2,630.7580528200053,50,20,6 Years,37993.16064982088,paved,,City,Local,,,FOSTER ST,VICKERSTAFF ST
01KP4C7YVAE8G78NPZTR7V1V76,{9DC48F90-6E85-47DF-BBA8-B35CBC519385},E UNIVERSITY DR,73,B,'-5.62,asphalt,2,450.79814591767393,80,14,4 Years and 2 Months,43445.49242466267,paved,,City,Arterial,,,MOORES MILL RD,GREEN ST
01KP4C896K7BZETTFZ03EV3DN5,{20829815-4D1D-47BD-A3E9-C37BEE447BB8},CLOVERBROOK CIR,73,B,'-19.8,asphalt,2,1764.6356149998187,50,20,6 Years,106291.28571461211,paved,,City,Local,,,,S DONAHUE DR
01KP4C8DXNFA1Q886Z34H5B4JB,{D7CB7298-3E4E-4259-A8A8-9F69B8F258CF},FINN TER,73,B,'-1.33,asphalt,2,511.82546225084957,50,26,7 Years and 9 Months,30829.359886927163,paved,,City,Local,,,FORREST CV,BLUEBIRD DR
01KP4C839ZNFTBNYMR7TJACZQB,{BFC9C087-BF2D-499D-B9AA-FE457A45858B},MONTICELLO DR,73,B,2.25,asphalt,2,332.5886615734649,60,28,8 Years and 5 Months,24039.8252096363,paved,,City,Residential Collector,,,COLUMBIA DR,CONCORDE CT
01KP4C8DYA3NGMY39NBZ8CRZSY,{2B72C31C-6F82-44E8-80B3-613A8831FD95},OLD SAMFORD BLVD,73,B,18,asphalt,2,1265.9163257751775,80,20,6 Years,122002.1835488344,paved,,City,Residential Collector,,,,BLAKENEY LN
01KP4C7QWVKAH9GR19MPB8EMJ2,{2EDBA100-D8CC-41F2-AE6A-173CAE830CDC},BRENTON LN,73,B,9.67,asphalt,2,314.1063994439195,50,30,9 Years,18919.924750631955,paved,,City,Local,,,BRENTON XING,
01KP4C82F8M0DQ17SGVFHZ5D0T,{F299060E-8E31-407F-9B6C-9EED46B3FFD4},CHARLESTON PL,73,B,4.25,asphalt,2,217.16377017984385,60,20,6 Years,15696.804131237373,paved,,City,Local,,,KINGS WAY,QUEENS WAY
01KP4C7R2SCYP51258BW9TTP3C,{B87B6885-97C8-4060-A547-6829E4A302B0},SAUGAHATCHEE RD,73,B,10.75,asphalt,2,498.3024688369662,50,20,6 Years,30014.814184429804,paved,,City,Local,,,OPELIKA RD,SHERIDAN GLEN XING
01KP4C7ZDWFDTBVF82P3FTYZNZ,{26794BA0-5257-4E74-8C42-B49BFB564720},N ASHE CT,73,B,3.38,asphalt,2,521.5390726416047,50,20,6 Years,31414.450728678243,paved,,City,Cul-de-sac,,,ASHETON LN,
01KP4C82QMMMD4P5M8ZW4KTV04,{889D8560-2A51-463E-ABFF-0FDAC9BEECD6},ALICE ST,73,B,4.75,asphalt,2,253.4448235392811,60,20,6 Years,18319.233221441653,paved,,City,Local,,,E GLENN AV,ALICE CIR
01KP4C82YYVW5NGXAGNDNFCK2D,{3B7F0906-D7D3-4227-ABD9-D32DDDFA8D29},COMMERCE DR,73,B,3,asphalt,2,70.49280939593226,60,20,6 Years,5095.287399146931,paved,,City,Collector,,,,SPARKMAN DR
01KP4C8AQP0T9XH1H2AY866532,{F88920F3-80FF-4306-A0F2-DB91C98DE5DB},GLASCO ST,73,B,24.5,asphalt,2,287.2209080808049,50,30,9 Years,17300.500649835467,paved,,City,Local,,,OXBURY ST,
01KP4C8A7T6CD5KAS3CNVM91FS,{C98DBE0E-CB5C-4042-A4B3-1E4323567AAF},GRAZIA WAY,73,B,'-5.12,asphalt,2,522.6878235473813,50,20,6 Years,31483.644736609913,paved,,City,Local,,,DOLCE ELLA LN,
01KP4C7R2PX8EM049WQ2QK4NNX,{2E597A31-9A00-498C-8963-90AE210C97FF},SOPHIA CT,73,B,'-3.75,asphalt,2,129.67078693979815,50,12,3 Years and 7 Months,7810.606646663476,paved,,City,Local,,,TUSCANY HILLS DR,SOPHIA WAY
01KP4C7RCYT6P99Y5GKHT9J6V0,{5AB11658-788D-4C7A-B1E4-154A66804B6C},BLUEBIRD DR,73,B,9.25,asphalt,2,322.103280106155,50,20,6 Years,19401.609875917962,paved,,City,Local,,,BEAVER DR,FINN TER
01KP4C861NJMKAP2BWEVZ2G4JW,{83174B0C-F263-4BC7-AA7E-5913B3D58ABE},EARLS LN,73,B,'-4,asphalt,2,299.60024846070496,30,20,6 Years,10827.695646154856,paved,,City,Alley,,,MIMMS TRL,DEEVES LN
01KP4C7ZA2SS9MVCJC2X0VFBF3,{56264193-E18C-416C-9573-106ED52A3EA0},S CEDARBROOK DR,73,B,15.25,asphalt,2,480.4601474583397,60,30,9 Years,34728.117039381614,paved,,City,Local,,,N COLLEGE ST,FELTON LN
01KP4C8ARJZRJWR9MFS2PRMK57,{249768E1-0746-410D-8C70-E5EE5E714274},PRESSFIELD PATH,73,B,'-3.92,asphalt,2,681.8516305565038,50,20,6 Years,41070.73769927448,paved,,City,Local,,,ACADEMY DR,PRESSFIELD CT
01KP4C7Z45Z5WQBEGBFZATSZCB,{E01CEE22-CEB5-4CA7-8F01-25EF27A78EB2},MARTIN LUTHER KING DR,73,B,9.33,asphalt,2,574.1511056618843,24,10,3 Years,16600.075491127125,paved,,City,Arterial,,,MARY BROOKS DR,BOYKIN ST
01KP4C8DNVGF45MW7CGAN9BVC7,{F1A8EE27-4562-4226-883A-51157851EB06},BEDELL AV,73,B,3.75,asphalt,2,239.91499800591473,50,6,1 Years and 10 Months,14451.070455284838,paved,,City,Residential Collector,,,LUNSFORD DR,
01KP4C85G132D01S9B372BXB2Y,{609074FB-7238-47D8-9254-EB5DC86D35DC},PIERCE CHAPEL RD,73,B,9.45,asphalt,2,1206.1316294888106,80,20,6 Years,116240.45716832166,paved,,City,Local,,,WESTMINSTER CT,TARA LN
01KP4C7R3D25YVVT0CM70S88M5,{42167B9B-13CC-44DF-8114-F3C252EDACF0},CHURCHILL CIR,73,B,'-4.5,asphalt,2,276.15535908194164,50,20,6 Years,16633.976966288854,paved,,City,Local,,,WINSTON CT,
01KP4C8AR8415GFTNJJEK063FB,{00CDBE92-EE65-4EAD-A608-019A83D3227F},FARMVILLE LAKES DR,73,B,6.13,asphalt,2,345.82706127107923,50,30,9 Years,20830.591123149647,paved,,City,Local,,,FARMVILLE LAKES CT,GRAHAM CIR
01KP4C7ZB92786AJ3ZF0PS2HY3,{F8EB961B-0BCA-4017-8A6F-EED499782B17},SUMMERTREES DR,73,B,6.5,asphalt,2,495.138897427767,60,20,6 Years,35789.11106693369,paved,,City,Local,,,MORNING GLORY CIR,CAMBRIDGE CIR
01KP4C7YW7HXRK138WZH1091PV,{31D0EAD9-8589-4A87-B762-2261CD1B1392},HEARD AV,73,B,'-3.12,asphalt,2,1043.2316270894526,60,20,6 Years,75405.7755599562,paved,,City,Local,,,SHERWOOD DR,DUMAS DR
01KP4C835QZ0EPJC294CVWEDKJ,{BD5EE2C8-F697-422B-A21E-785C71EF72CD},ALABAMA ST,73,B,13.5,asphalt,2,656.0522984913558,60,6,1 Years and 10 Months,47420.084946668045,paved,,City,Local,,,PUMPHREY AV,
01KP4C85XHF9DPCQ80JEYKE50R,{75B85204-E93F-4846-910E-8C86A4D56F48},LILLIE LN,73,B,'-1.44,asphalt,2,289.03119897818254,50,20,6 Years,17409.541941626325,paved,,City,Local,,,TOWN CREEK DR,
01KP4C85GXBN472J0S8JT32787,{55720274-9A5B-401A-959A-25B7DC01F7ED},MERIMONT BLVD,73,B,'-3.67,asphalt,2,600.6208769664316,50,30,9 Years,36177.87417251375,paved,,City,Local,,,ARLINGTON CT,HERITAGE RIDGE LN
01KP4C7R9NAWK9PPGZD4DGBKRJ,{B34131C3-C777-4710-9D1A-A98BCCC64B75},RIDGECREST DR,73,B,5.13,asphalt,2,380.77714738509565,50,20,6 Years,22935.77904824749,paved,,City,Local,,,BRIDGE ST,MANLEY ST
01KP4C8A8AAW6F4Z0ERQF4AG1M,{DDA435E1-2D29-45D7-8439-5093037ADC99},MIMMS LN,73,B,'-7.12,asphalt,2,741.2326225420848,50,20,6 Years,44647.4999109774,paved,,City,Local,,,WESTOVER ST,WOODWARD WAY
01KP4C85TTWX2P9HZPVAYZP75V,{C9358E6A-3877-4773-8E61-4EC1AC3549CE},PIEDMONT DR,73,B,11.33,asphalt,2,596.5545765516074,60,30,9 Years,43119.53294036595,paved,,City,Residential Collector,,,SUTHERLAND LN,SCARSBORO LN
01KP4C82KSKNVACWDSYNFPD6KG,{0346E351-3557-443B-A570-C0519C524137},E UNIVERSITY DR,73,B,5.63,asphalt,2,143.7729837130197,80,12,3 Years and 7 Months,13856.06425257096,paved,,City,Arterial,,,HAZELWOOD CT,WRIGHTS MILL RD
01KP4C832WZCQ7XPEW0ZPA2MMH,{FA27D8EE-36B4-4680-820E-6709626FB09B},HAMILTON HILLS DR,73,B,'-4.78,asphalt,2,1045.8880853957799,60,20,6 Years,75597.78689629781,paved,,City,Local,,,HAMILTON RD,HAMILTON HILLS LN
01KP4C7ZKV64B9813XHMHZTFNW,{BA8B0499-971D-4655-9B92-0B11965EB83F},MARY LN,73,B,'-18.5,asphalt,2,400.97404106222285,60,6,1 Years and 10 Months,28982.78556801657,paved,,City,Local,,,N ROSS ST,CAUTHEN CT
01KP4C85NGWQMP3ZVQ58W0KNTV,{6FDED370-126E-4800-92A5-E8D1DEE51562},CLUB CREEK DR,73,B,0.75,asphalt,2,179.27673124760688,50,6,1 Years and 10 Months,10798.577395267559,paved,,City,Local,,,CLUB CREEK CT,CLUB CREEK CT
01KP4C85TFQAVX1C644DPRY03V,{7592AB9B-382D-4B99-A7C4-F92402E68213},AUBURN EXCHANGE DR,73,B,9.38,asphalt,2,302.7167199393845,80,20,6 Years,29174.20375847567,paved,,City,Local,,,BENT CREEK RD,
01KP4C7ZNTYZ4AYZRXZ17YM5MJ,{947039CB-BA62-4231-8B58-C80D71C4E016},E THACH AV,73,B,'-6.67,asphalt,2,564.3346903842502,24,20,6 Years,16316.259553033393,paved,,City,Collector,,,S COLLEGE ST,S GAY ST
01KP4C8AAD331634H0AZWPQ2D3,{60B37719-5388-44F6-A5D1-857BC079E2EF},SOPHIA CT,73,B,7.88,asphalt,2,238.72715679842452,50,20,6 Years,14379.521877155896,paved,,City,Local,,,TUSCANY HILLS DR,BLASTED ROCK RD
01KP4C85NDC682YFYRD6Z3PMCE,{E4FC7057-78AD-4DC5-A69E-7F5898907849},FALLS CREST DR,73,B,'-11.25,asphalt,2,209.09985589578275,50,6,1 Years and 10 Months,12594.94727238923,paved,,City,Local,,,FALLS CREST PL,
01KP4C7RN6HKKZR90S611N21TS,{2D22A14D-A62E-4926-AC2C-00C1C258440B},SHELTON MILL RD,73,B,'-9,asphalt,2,138.5146438519078,80,30,9 Years,13349.293835099099,paved,,City,Arterial,,,ASBURY HILL LN,GRACE RIDGE DR
01KP4C83938ZCRFSAYWPV8PP3T,{40A7155E-C164-4371-A182-43CB5CE53D35},CANTERA CT,73,B,'-8.06,asphalt,2,460.84432837717833,50,30,9 Years,27758.555795385673,paved,,City,Local,,,QUARRY PL,COLLIER CT
01KP4C7RBD0KGTX811WQETFD8E,{7728867E-49A7-410C-89C6-5455A59453D3},RICHLAND RD,73,B,'-11.5,asphalt,2,272.169560456242,80,10,3 Years,26230.233385176492,paved,,City,Arterial,,,,SENTELL YARBROUGH BLVD
01KP4C82SZ182BXCSYE8F8XA1Y,{9BF3EC5F-8DBC-4131-ACFA-647169405A28},N DONAHUE DR,73,B,16.25,asphalt,2,488.44931032985613,24,24,7 Years and 2 Months,14122.232536184541,paved,,City,Arterial,,,CARY DR,SPENCER AV
01KP4C7R2KJ0ZNX88075DH61SG,{8B4D64DC-D196-43BE-B773-EA402FE4E7C2},COTSWOLD WAY,73,B,1.97,asphalt,2,964.6084281839701,60,26,7 Years and 9 Months,69722.81586383087,paved,,City,Residential Collector,,,SALFORD ST,HEYWOOD ST
01KP4C7QR7FWEPT93PNHQYVX46,{60AD82BF-E065-4847-864A-BFDA35ACF009},MITCHAM AV,73,B,'-7.67,asphalt,2,568.0140113252495,24,30,9 Years,16422.63748172564,paved,,City,Collector,,,N COLLEGE ST,N GAY ST
01KP4C8ARJRWGB3SBQHD1DJMW7,{9AA2A265-FF67-4CA0-A171-FB948E46A95F},HUNTERS HILL LN,73,B,'-3,asphalt,2,631.7684788294534,60,20,6 Years,45664.827334058435,paved,,City,Cul-de-sac,,,BLACKBERRY LN,
01KP4C7YZNFSWCH528M39VRVPA,{78E0FF1E-1EF7-4CEA-9AE0-0E0CD4BD3682},DENSON DR,73,B,'-3.33,asphalt,2,406.5422955211617,50,20,6 Years,24487.720252840136,paved,,City,Local,,,CONREY DR,E SAMFORD AV
01KP4C7ZE1GHMPTT2YTXBVX7HQ,{952A17CB-653D-4C88-918E-E6D9058BB70C},QUAIL HOLW,73,B,'-10.25,asphalt,2,436.05998672609593,60,14,4 Years and 2 Months,31518.831135787663,paved,,City,Local,,,TURKEY TRL,
01KP4C85TK5RRHK1CD5PN6DBVV,{05F4A50B-B684-40A3-95EA-A4FD8BFC36F7},OAKDALE DR,73,B,'-0.56,asphalt,2,1083.2173913531967,50,20,6 Years,65246.65390218322,paved,,City,Local,,,TUTTON DR,KARLEE CT
01KP4C7ZP6TPXNNS9NH06A2YEY,{0D80FA29-4861-4EFF-ADFA-D48260E94E61},HARPER AV,73,B,4.25,asphalt,2,279.0033284972054,60,20,6 Years,20166.62630123372,paved,,City,Collector,,,SUMMER HILL RD,HARPER CIR
01KP4C82FF87KDYF74BBBM6TDC,{C13C2FDF-5DDA-4AB0-883E-3C96E4E0D75A},MCKINLEY AV,73,B,'-13.33,asphalt,2,761.61141563103,55,20,6 Years,50462.498593848184,paved,,City,Local,,,MAPLE ST,OAK ST
01KP4C82HGDSHBTS8GDDRNNKJH,{DE1A5499-93F1-4170-BDD1-F33E371FE128},CORE DR,73,B,'-3.5,asphalt,2,664.0344312643259,50,20,6 Years,39997.53425460795,paved,,City,Local,,,MORGAN DR,DELLIA DR
01KP4C7YTBWERZB3JDY3EB46N8,{04DFE816-FDC9-40E4-BA36-6A1443FF23CE},WILD GINGER LN,73,B,'-2.53,asphalt,2,1152.96832118176,60,20,6 Years,83337.6483200854,paved,,City,Local,,,E UNIVERSITY DR,MARSHALL CIR
01KP4C82KQF7JCCAX00RXC8049,{2A5168C9-E058-409D-8A9D-595631F27A59},HAZELWOOD CT,73,B,'-0.5,asphalt,2,235.8219497875204,50,20,6 Years,14204.529269145922,paved,,City,Local,,,E UNIVERSITY DR,JARRETT CIR
01KP4C82KQBGKVRTJJS48XQVTG,{A72F923B-AF3B-4523-8110-FBB501C0953A},JARRETT CIR,73,B,'-6,asphalt,2,176.6167451949978,50,20,6 Years,10638.355457598698,paved,,City,Cul-de-sac,,,HAZELWOOD CT,
01KP4C82SYWHT4S76D01D57R0J,{2663C256-A7A1-4C4D-98B8-2868D90AAFAD},SCOTTWOODS DR,73,B,'-6.6,asphalt,2,921.5179483313296,60,20,6 Years,66608.19494152977,paved,,City,Local,,,EAST LN,WEST LN
01KP4C82YJT38C7VC3RDNC8C8B,{C402104D-B11F-41CA-887D-38C350612E93},E MAGNOLIA AV,73,B,'-5.75,asphalt,2,520.3418755880168,60,20,6 Years,37610.806331192885,paved,,City,Local,,,S DEAN RD,MAPLE ST
01KP4C8305ZVM2MG4D3HNH5WY1,{647BC383-75DD-4FD7-85B1-2FD11EB839FE},LAKE ST,73,B,'-6,asphalt,2,1476.7367262260254,24,20,6 Years,42695.97479501875,paved,,City,Local,,,S COLLEGE ST,
01KP4C8309BTV3KH67FHWVDYTG,{DB9BA85C-1F37-449F-B6B9-67E1E12BE493},FIRESTONE CT,73,B,'-6.92,asphalt,2,673.1030331801051,50,20,6 Years,40543.773573971484,paved,,City,Cul-de-sac,,,KEYSTONE DR,
01KP4C8322MXC1KCV5JSERWT6C,{CCDFF635-2918-46DF-A6F6-E198D2896652},NOTTINGHAM DR,73,B,5.5,asphalt,2,169.1999605600143,24,20,6 Years,4891.973716838966,paved,,City,Local,,,BENT CREEK RD,WESTBURY CT
01KP4C8331XPYJ7YQG4EJX609G,{BA5B6F39-254A-4CCB-A403-0F8E7C9A561D},BARKLEY CREST CIR,73,B,1.92,asphalt,2,1165.054880117944,50,20,6 Years,70176.06359250107,paved,,City,Local,,,BARKLEY CREST LN,BARKLEY CREST LN
01KP4C836WPYBMB36VXK4BMVCF,{2363F1B1-0B57-4184-97BD-7F7AB31C5C8B},MERCER CIR,73,B,'-1.87,asphalt,2,337.60282160252376,50,20,6 Years,20335.21122660598,paved,,City,Cul-de-sac,,,N DEAN RD,
01KP4C85G572J34DB91KZYZ5TM,{551787DA-4896-4A55-8A76-BF40B33E6547},JOYE PASS,73,B,'-3.87,asphalt,2,252.49992351118848,50,20,6 Years,15209.112456255276,paved,,City,Local,,,CORE DR,DELLIA DR
01KP4C85G7Q1CJ0QY1DHDAFAV8,{51BDC11D-BAF4-4A9F-A720-FB21FADA5AC0},PERSIMMON DR,73,B,'-2.58,asphalt,2,642.7467395924631,50,20,6 Years,38715.288731246015,paved,,City,Local,,,LIVE OAK DR,
01KP4C8APD2CVM07T2H3CH16HZ,{D861D00F-0874-47AA-9C43-7E10B4362E32},CARY CREEK PKWY,73,B,0,asphalt,2,412.8002364836083,24,30,9 Years,11935.037694447026,paved,,City,Collector,,,,BRIDGEWATER BLVD
01KP4C85HYFPBHK3YWPZG63MEB,{14A16AD1-D2DA-4C58-88FF-15A361C97464},ETHAN CT,73,B,'-0.33,asphalt,2,323.8523644343202,50,20,6 Years,19506.96444344661,paved,,City,Cul-de-sac,,,DOWNS WAY,
01KP4C85R2EM6DF1G7KXZ66Z70,{20358767-E939-47E8-9B85-E3566ED4889C},HUNTER CT,73,B,4.83,asphalt,2,1125.8430405723227,50,20,6 Years,67814.1726700289,paved,,City,Local,,,LUNDY CHASE DR,
01KP4C85S1NA2T44GHPQ9T4WMT,{59B218C1-A2FA-45F4-9F65-14D4AC827DD2},PHILMORE CT,73,B,'-5.87,asphalt,2,470.01617429275285,50,20,6 Years,28311.013926943233,paved,,City,Cul-de-sac,,,SUTHERLAND LN,
01KP4C7RMYPX0JQXQQK5RX6VG4,{AE268DD6-B36D-4F2C-8239-2867EAD7AEC2},SHELTON MILL RD,73,B,6.5,asphalt,2,1239.1149901425683,80,30,9 Years,119419.21546269231,paved,,City,Arterial,,,,SHELTON COVE LN
01KP4C85JH3QP94Q54WJFDD51V,{1EE37B32-1D46-485A-8AA9-3C6EAA96DF29},CAROLINA CT,73,B,'-1.5,asphalt,2,198.85968790051868,50,20,6 Years,11978.139693023704,paved,,City,Local,,,QUEENS WAY,
01KP4C8A80BPFX7WT0KFM7S167,{EA92F858-B7D0-4F54-8B10-46525A2FEB50},KARLA CT,73,B,'-7.25,asphalt,2,182.89578079663502,50,20,6 Years,11016.567685365568,paved,,City,Cul-de-sac,,,N CAMDEN DR,
01KP4C8A8WMPF711G5ERKJNMSJ,{30FF63F4-977D-43B4-BB7C-9D176F4E3776},JANABROOKE LN,73,B,1.94,asphalt,2,311.117297365343,50,20,6 Years,18739.878796462464,paved,,City,Local,,,SAINT JAMES DR,JEROME CT
01KP4C8AB3D008GZGW0WCWNAY1,{7E7FC26A-481D-42D2-BD9D-35583E6CE045},FARMSTONE CT,73,B,'-3.25,asphalt,2,222.5993660816887,50,20,6 Years,13408.078483150603,paved,,City,Cul-de-sac,,,FARMSTONE RDG,
01KP4C8AB4RM3ABNAD3BSS7805,{740FCA54-E4F8-401E-A0C9-629558386C12},FARMSTONE RDG,73,B,2.67,asphalt,2,621.7697324410595,50,30,9 Years,37451.75701874143,paved,,City,Cul-de-sac,,,FARMSTONE CT,
01KP4C8ABAMXBNA7PKCJZ2ZMSK,{7419B2A3-486A-4BC3-913D-CA9F83359C14},E SAMFORD AV,73,B,'-2,asphalt,2,424.65098816668814,80,20,6 Years,40925.570472267675,paved,,City,Arterial,,,,E GLENN AV
01KP4C8AD5FSQD73HP4HQ1GDX3,{D1D75D9B-57C1-4594-9742-FD7570B8C4A6},WINGFIELD XING,73,B,'-3.75,asphalt,2,231.43672709338082,50,20,6 Years,13940.389208533441,paved,,City,Local,,,KEYSTONE DR,
01KP4C7YVQSWP0QXSMRKDNHSFN,{975D4116-5686-41CB-A5D2-C17ED45C91CC},S GAY ST,73,B,1.17,asphalt,2,414.79062312804353,50,6,1 Years and 10 Months,24984.55106531973,paved,,City,Collector,,,VIRGINIA AV,FONTAINE DR
01KP4C8ADGPGAY3ETDA708GYZX,{724A8973-2974-47FE-8523-EF9F4CF02C54},DOWNS WAY,73,B,5,asphalt,2,174.71149883703995,60,20,6 Years,12628.313527844903,paved,,City,Residential Collector,,,LOGAN CT,
01KP4C8AFHJ3XC3RXEH06VEWDS,{2C538527-9CB5-4B52-BD35-C68515BEBDD7},SCARSBORO LN,73,B,'-4.25,asphalt,2,226.5363755150024,60,30,9 Years,16374.264971153434,paved,,City,Local,,,PIEDMONT DR,SEAGRAVE CT
01KP4C85PY0E0WJAH6Z8MAW5GQ,{C64B54F9-187F-4CC4-9D99-D5F0A71AA783},CANAL CT,73,B,'-12.67,asphalt,2,303.52044589351306,50,30,9 Years,18282.289080228707,paved,,City,Local,,,SIENA PL,
01KP4C8AS7JFX5TJJ45M8D696G,{2EFBDCE2-534D-44E5-9B2A-544BD5361CE3},BOTTLE WAY,73,B,'-9.5,asphalt,2,194.8988905279221,50,20,6 Years,11739.564521124325,paved,,City,Local,,,NORTHGATE BLVD,
01KP4C8DXSVTWGWSWPVK7W0D4Y,{8D83156E-7C95-4521-8914-96EE39CACACB},KENNESAW LN,73,B,'-12.33,asphalt,2,728.0089761184101,50,20,6 Years,43850.98511310058,paved,,City,Local,,,,FORGE ST
01KP4C8DYEEM0NX4TCFX505Z65,{A9012063-CE01-4322-9638-2F01F142BD74},PRESERVE DR,73,B,'-14.5,asphalt,2,394.17815284932607,60,20,6 Years,28491.572295713904,paved,,City,Local,,,GRAYMOOR LN,DALBY PL
01KP4C8DYCB4FFMJYB3VHGCFBY,{6D3C36B6-A1FC-4353-A2CA-776D5B7C8437},BLAKENEY LN,73,B,'-20,asphalt,2,350.1929457845753,50,20,6 Years,21093.5663653336,paved,,City,Local,,,OLD SAMFORD BLVD,KENNESAW LN
01KP4C82PWKMXAGSHW2YXKTMCM,{64398C31-E43C-4C89-AC06-C0884A2031C7},OAK ST,73,B,'-1.37,asphalt,2,405.139460260447,50,20,6 Years,24403.22169560843,paved,,City,Local,,,ALAN AV,MCKINLEY AV
01KP4C7RGFE9RJHZ5CPGRM8HB7,{26CD3526-7D1A-4E17-A4D4-F4FEFD43EAAF},KENNESAW LN,73,B,'-5.5,asphalt,2,501.7205693156792,50,20,6 Years,30220.7004827091,paved,,City,Local,,,FORGE ST,SHADOW BEND LN
01KP4C7QRYHKHK86V4DYPXZREG,{DB6F611F-67C3-46C7-9F41-5C90AA3A44D5},BOYKIN ST,73,B,14.5,asphalt,2,363.874478232695,50,20,6 Years,21917.661528151104,paved,,City,Local,,,CARVER AV,CLARK AV
01KP4C861BHGTTBZY5B0VHYX1T,{A6766833-3EA4-45CE-BF47-1956145163D6},EAST LAKE BLVD,73,B,'-7.37,asphalt,2,464.9325126331392,50,20,6 Years,28004.80400499373,paved,,City,Local,,,MARIE LOOP,ALYSA CT
01KP4C8A8TF7ENAAKBZQ5PYRKR,{B3DB86BC-6CFE-4562-95F9-079BC4108B50},WOODWARD WAY,73,B,'-4.06,asphalt,2,360.3827980865295,50,20,6 Years,21707.343222839016,paved,,City,Local,,,MIMMS LN,BRIGHTON LN
01KP4C7ZHXFA1CGKNXCJRZNZT2,{6163D503-DE33-4DE5-AB9B-E0632F7D4CEC},BENT CREEK RD,73,B,'-7.37,asphalt,2,1466.3458187088909,80,20,6 Years,141318.49639480794,paved,,City,Collector,,,GRAYSTONE LN,HAMILTON RD
01KP4C83AVDWSBD8XF092RE4W5,{1391A9CC-1E45-42D4-85D0-0B10B495D668},FELICITY LN,73,B,'-6.75,asphalt,2,474.4685770002732,50,16,4 Years and 9 Months,28579.200517012487,paved,,City,Local,,,N CAMDEN DR,
01KP4C85GAPBWBV0QWVYYVNCCD,{E1AAF183-415C-4F27-921A-DBE69043C98B},AUBURN DR,73,B,'-12,asphalt,2,280.8142537254476,24,20,6 Years,8119.008680568702,paved,,City,Local,,,E THACH AV,
01KP4C82ZMMYJNM13NQ87JQA9F,{875E56F8-7624-4B9A-82B3-9A9EA4B9485F},SOLAMERE CT,73,B,'-11.75,asphalt,2,280.803721165055,50,20,6 Years,16913.96699827131,paved,,City,Local,,,SOLAMERE LN,DENALI LN
01KP4C85TB13HQZ95HZS3AJQQT,{76BFF217-612A-4DC3-9614-D39D2FEA86FB},ALEX AV,73,B,'-5.08,asphalt,2,691.4852297872216,50,20,6 Years,41651.00913865174,paved,,City,Local,,,,MARLEY LN
01KP4C7W3XS8FS6VGNJ3QTDSW8,{20934E39-4CEA-4714-873D-8F6F837894F5},GROVE HILL RD,73,B,0.13,asphalt,2,637.6142985134657,24,30,9 Years,18434.947499306465,paved,,City,Residential Collector,,,WINDWAY RD,FIELD STONE LN
01KP4C7Z8N28TASCN5QYKX9YF3,{63E4D2A6-FB25-43A1-9238-CD5422DC9F55},CARY DR,73,B,5.56,asphalt,2,1070.030771195248,60,6,1 Years and 10 Months,77342.84321891746,paved,,City,Local,,,SEHOY CIR,THORNAPPLE LN
01KP4C85Z6MAMFS015ETRX4QRS,{2FC57425-3A99-4E8D-99DF-E69E9B475408},MERIMONT BLVD,73,B,1.81,asphalt,2,329.11977358638643,50,30,9 Years,19824.242235189522,paved,,City,Local,,,LAMB LN,
01KP4C8DRQSQXFAGDKH9XWJ9NF,{7A2B909C-871B-433F-8281-5EE096663CF0},WIRE RD,73,B,'-1.81,asphalt,2,298.1214157330734,80,24,7 Years and 2 Months,28731.33313912584,paved,,City,Arterial,,,WEBSTER RD,
01KP4C8DRTE91KQ75JF336BG1D,{7CC188AC-18A3-49C4-B91E-D8946AAAA74C},WIRE RD,73,B,1.08,asphalt,2,389.1397398824984,80,30,9 Years,37503.18801064408,paved,,City,Arterial,,,,
01KP4C7YZ9VZKRZ2PHEMV6PVC5,{F6CC0AD2-3271-439B-910B-A43D5C1D4C18},S COLLEGE ST,73,B,7.33,asphalt,2,711.7915139082057,80,22,6 Years and 7 Months,68598.62469595336,paved,,City,Arterial,,,W SAMFORD AV,REESE AV
01KP4C82FBSXX5KQREWZACQ757,{1C0A8073-AAC3-4B47-B3AA-44EB313A9120},LAKEVIEW DR,73,B,'-4.12,asphalt,2,425.28319714274426,50,20,6 Years,25616.562100911568,paved,,City,Local,,,SHORT ST,N DEAN RD
01KP4C85FV0MMF089KAJCSAZTN,{C4FAC84F-4F53-4735-BB3E-F9BB75EB97F1},E UNIVERSITY DR,73,B,'-8.37,asphalt,2,361.07698230230017,80,20,6 Years,34798.65088486739,paved,,City,Arterial,,,PINKSTON CT,OLD MILL RD
01KP4C839K7NV5YAQ19QFDYC5K,{BF933A55-70F9-44A9-9BDD-A65725F2E65B},FALLS CREST PL,73,B,'-8.71,asphalt,2,1618.5069504401536,50,6,1 Years and 10 Months,97489.35317750432,paved,,City,Local,,,FALLS CREST DR,FALLS CREST DR
01KP4C7YV886Q684YM7A99WWW0,{9361904C-8AD7-417D-90F2-AF96429735AD},WINDING WAY,73,B,5.08,asphalt,2,598.8014439191659,50,20,6 Years,36068.282211305625,paved,,City,Cul-de-sac,,,STONERIDGE DR,
01KP4C82MBF2YCQVZ9657HMPG5,{1593D850-D459-4B9E-A208-7BC479EE0AD8},STONERIDGE DR,73,B,'-4.46,asphalt,2,1412.010694897348,50,20,6 Years,85051.23149939222,paved,,City,Local,,,MOORES MILL RD,WINDING WAY
01KP4C7Z3A24RRWEG27KMKAQC8,{4E68EC42-2F6C-48AE-BC7E-34DEA9E097DF},E GLENN AV,73,B,4.75,asphalt,2,682.7380489730349,100,6,1 Years and 10 Months,82248.26067747377,paved,,City,Arterial,,,SUMMER HILL RD,CHARLESTON PL
01KP4C839RJKX64WN72H9PD5ZK,{5A7FA009-31DF-46B3-B698-8E2FEF4F2B10},FALLS CREST DR,73,B,'-9.12,asphalt,2,877.8695874232658,50,6,1 Years and 10 Months,52877.708204356146,paved,,City,Local,,,FALLS CREST PL,
01KP4C831SN7G6QCGHGCB3YWBC,{D9567698-D107-4739-AED8-75EBD5969040},KEYSTONE DR,73,B,0.67,asphalt,2,746.4551345857534,60,28,8 Years and 5 Months,53954.488037510244,paved,,City,Residential Collector,,,WINGFIELD XING,TRAILRIDGE RD
01KP4C7Z3BQMWNDHGW6K6H2K6K,{87CE4672-4EB4-4381-B679-6D2E440A9ABD},W GLENN AV,73,B,7.56,asphalt,2,390.62074147464403,50,20,6 Years,23528.699344617547,paved,,City,Collector,,,HEMLOCK DR,
01KP4C7Z1JYF310SVM6KRQBP7K,{F96D32EB-2640-49FC-B17B-3D770F58636E},W MAGNOLIA AV,73,B,'-13.17,asphalt,2,699.5548057630095,50,20,6 Years,42137.07300268539,paved,,City,Collector,,,BEECH ST,BYRD ST
01KP4C82R1VJPKG4189XS00Z3V,{9DB34031-83E9-4324-97AF-80FCAFEC745D},W GLENN AV,73,B,'-7.17,asphalt,2,507.1636046855684,50,20,6 Years,30548.556966358097,paved,,City,Collector,,,,
01KP4C82Y7KHJB6QNQZ7Y47MQH,{23C94676-D414-41D8-A4E2-979DE7FBAEFE},SOCOPATOY CT,73,B,0.17,asphalt,2,278.51137195458773,50,20,6 Years,16775.88934483606,paved,,City,Cul-de-sac,,,TULLAHOMA DR,
01KP4C7QYTZ4QBSE628V8MVA83,{9AD9929A-265E-4545-BDA0-EF9653D617A3},COTSWOLD WAY,73,B,'-5.31,asphalt,2,310.9975848294266,60,20,6 Years,22479.20161964698,paved,,City,Residential Collector,,,HEYWOOD ST,TETBURY CT
01KP4C7YS618C557HVF2Q7X5R9,{CE83BCDF-1448-415A-AAF7-9879E6491AA1},GROVE HILL RD,73,B,'-1.37,asphalt,2,358.5551805678071,80,20,6 Years,34555.61324342059,paved,,City,Collector,,,OGLETREE RD,
01KP4C8AB62AA8D605858B98T6,{B316CAC7-F14C-4FFB-AE24-4A55BE02CD22},PRESERVE DR,73,B,0.89,asphalt,2,938.3372861149755,50,26,7 Years and 9 Months,56519.92724579054,paved,,City,Local,,,TEALE LN,CARDINAL LN
01KP4C831XKY34AJEWT9551M31,{152AA48B-D25D-4403-9E09-889A8855E761},CONSERVATION DR,73,B,'-6.78,asphalt,2,1304.6691617939418,60,30,9 Years,94302.72955652497,paved,,City,Residential Collector,,,PRESERVE DR,PRESERVE DR
01KP4C85G7RAE269QMPXW1XR6Y,{28208DE5-B406-4797-A400-B52B03DC4EAC},DEERFIELD DR,73,B,2.58,asphalt,2,590.238036824291,50,20,6 Years,35552.47286093616,paved,,City,Local,,,WIMBERLY RD,SOMERSET CT
01KP4C8AQHMKCAGG3TR3AN5886,{61ADA9A4-7DED-40DE-BF77-B03BE06906D6},WATERFALL RD,73,B,'-3,asphalt,2,531.3396864444894,50,12,3 Years and 7 Months,32004.78214500358,paved,,City,Local,,,CRESCENT BLVD,
01KP4C8ACT7FFWPF6GWF32PSEG,{5800AC60-FE7E-4368-A68F-F961C7FCD1D3},COVEY DR,73,B,8.43,asphalt,2,2046.4739956094131,50,28,8 Years and 5 Months,123267.57452125112,paved,,City,Local,,,QUAIL CT,
01KP4C7W10W371Q76J0TV3VARB,{7D86A46B-FB98-429D-92FD-E8B1460F0480},ROBIN DR,73,B,18.94,asphalt,2,1091.057901101122,60,20,6 Years,78862.70419435206,paved,,City,Cul-de-sac,,,MOCKINGBIRD LN,
01KP4C7RAAB8P5TMJ4C9JE47FC,{9692993D-5F36-4294-9A11-45F6AFA9E6B4},RIDGECREST DR,73,B,12.5,asphalt,2,216.16003957948163,50,20,6 Years,13020.21127292441,paved,,City,Local,,,MANLEY ST,
01KP4C8E5DDYMQ2ZX2P1WPJ7EE,{0D437D33-B895-40B0-A5F1-D3EB4C2B1E15},CHERINGTON DR,73,B,7.25,asphalt,2,417.3190179010561,50,20,6 Years,25136.84671714337,paved,,City,Local,,,BARNSLEY ST,
01KP4C82Q014R0F6GCDX0AS5JB,{C956D109-5291-4B41-A5A7-5B16F9314EF3},W MAGNOLIA AV,73,B,'-11,asphalt,2,494.63521461230425,24,10,3 Years,14301.081757333648,paved,,City,Collector,,,VILLAGE VIEW LN,WIRE RD
01KP4C7Z45S2EP27CXCMVA2G4P,{365C6CAE-7D18-4323-865D-592E5102AE76},MARTIN LUTHER KING DR,73,B,8.67,asphalt,2,1333.3525466744777,24,6,1 Years and 10 Months,38550.396773279805,paved,,City,Arterial,,,BOYKIN ST,FOSTER ST
01KP4C861TG9ZMPSBDWDG0YPZN,{DCFD6F64-9AF8-4114-AAF8-35070951D962},ARLINGTON CT,73,B,'-5.25,asphalt,2,311.17889726418395,50,10,3 Years,18743.589212591458,paved,,City,Local,,,LAFAYETTE PL,NORFOLK DR
01KP4C7Z7JX4YP7RN5A60EQV7J,{BD256B59-0E11-4007-8A1E-34D336E64D5C},DAVIS CT,73,B,'-1.75,asphalt,2,200.95949062216556,50,20,6 Years,12104.619476800995,paved,,City,Cul-de-sac,,,LUNSFORD DR,
01KP4C8AQS6XJP0R2BEXAFHZ70,{F0001E04-4739-4193-932D-010850C00C15},MANLEY ST,73,B,14.5,asphalt,2,287.57708596403234,50,20,6 Years,17321.954713682724,paved,,City,Cul-de-sac,,,RIDGECREST DR,
01KP4C836A0JZKVEJEZD7HQGM3,{C2E6EE19-2A10-471D-89D9-460841436388},GARDNER DR,73,B,'-0.62,asphalt,2,198.59618193405313,50,20,6 Years,11962.267641178541,paved,,City,Local,,,CHEWACLA DR,
01KP4C8ANT2ESVKM25T6MNS2BB,{59761A73-21A1-46D3-BC83-2011186D203D},S BROOKWOOD DR,73,B,'-5.19,asphalt,2,454.23896014357655,60,20,6 Years,32832.82464771118,paved,,City,Local,,,,HOMEWOOD DR
01KP4C7VMTFPQFFB6YQBQP1W6W,{112E8860-420A-4738-B3B5-505A295F506A},BEDELL AV,73,B,10.75,asphalt,2,242.31467865570164,50,20,6 Years,14595.613124265456,paved,,City,Residential Collector,,,,FOSTER ST
01KP4C8DPMVBX6BG7A7TMR7VJT,{812B581A-E925-4185-A532-B71621D25A37},OGLETREE RD,73,B,4.5,asphalt,2,189.80371604570837,70,30,9 Years,16005.72558809893,paved,,City,Collector,,,,EAST LAKE BLVD
01KP4C82N77AFWAHDR8K81ZG7Q,{47D6C7E7-B0A7-4BD3-80F2-9807F91BC16E},NORMAN CIR,73,B,'-3.25,asphalt,2,148.21022498646678,50,20,6 Years,8927.31351218087,paved,,City,Cul-de-sac,,,NORMAN RD,
01KP4C82HNTKPMBZ2MDASZW3AC,{0FC7CF71-70B9-4308-A8C2-65F9E285671F},BENT BROOKE DR,73,B,7,asphalt,2,220.3826419288371,50,20,6 Years,13274.55603903896,paved,,City,Local,,,MOORES MILL RD,GLENN BROOKE DR
01KP4C83AD2SH0BETN3Q7HSRCD,{0CEFC696-08CD-46C0-9D90-A7655401D9EB},OXBURY ST,73,B,1.38,asphalt,2,886.7290158685948,50,30,9 Years,53411.34814233889,paved,,City,Local,,,HEYWOOD ST,GLASCO ST
01KP4C82M9RGW4NMHX12JXQPV8,{AF7A2EBC-BD39-46AE-B7DA-968404FE6EAD},WEBSTER RD,73,B,'-11,asphalt,2,568.8591855527218,80,12,3 Years and 7 Months,54823.57826987153,paved,,City,Collector,,,,
01KP4C7Z56PG194TEYP6C6AV86,{2B721242-9177-4766-8ED1-D2C4C62D10DC},SANDERS ST,73,B,'-5.06,asphalt,2,428.97995555372364,50,12,3 Years and 7 Months,25839.233116468138,paved,,City,Residential Collector,,,CECIL LN,W DRAKE AV
01KP4C7YT1F56TDY43YW028PH5,{EF13BE21-6B8C-4A01-80B8-6D8EF41E1F02},WEBSTER RD,73,B,'-7.5,asphalt,2,640.6547062933506,80,24,7 Years and 2 Months,61742.8430909636,paved,,City,Collector,,,,
01KP4C7W3ZMH3RGRQC1XKB1EVW,{9DDD0085-E46B-47D2-BBCF-00C6E6E21EF6},WALKER CIR,73,B,'-4.87,asphalt,2,590.0821512271867,50,20,6 Years,35543.08322808518,paved,,City,Cul-de-sac,,,FIELD STONE LN,
01KP4C85M4HC03MNA1881Z4SNH,{792AAEDE-A4D9-4618-8BDB-059B4547E724},SHELTON MILL RD,73,B,6.19,asphalt,2,2136.655426566112,80,30,9 Years,205919.31885617148,paved,,City,Arterial,,,E UNIVERSITY DR,ASBURY HILL LN
01KP4C7Z9K0ADRKE7MZFZ3178R,{9AAF413D-A9BA-4575-80F7-E4495B920487},JENKINS DR,73,B,3.08,asphalt,2,802.5168526945138,60,20,6 Years,58006.68241452392,paved,,City,Local,,,CEDARBROOK DR,CHARLES AV
01KP4C82VYGRRCJEYZF4BZP7ZB,{C4D3EFAE-5DC1-42BC-98B4-CFF55933634F},OWENS RD,73,B,3.83,asphalt,2,1150.6774221934613,60,28,8 Years and 5 Months,83172.0599594026,paved,,City,Local,,,CEDARBROOK DR,SHUG JORDAN PKWY
01KP4C82MMHS2D2PM05H5FM0QY,{2CF82E00-44EC-4132-9D12-3882048B5BBB},MOORES MILL RD,73,B,19.36,asphalt,2,1804.320808637835,80,8,2 Years and 5 Months,173890.70193215046,paved,,City,Arterial,,,S DEAN RD,E UNIVERSITY DR
01KP4C7RMTNWDYGT3EEE4GFB01,{A1E91B64-FB84-433B-A100-FC66307DCA56},SHELTON MILL RD,73,B,0.77,asphalt,2,3019.496276912202,80,26,7 Years and 9 Months,291002.75547460513,paved,,City,Arterial,,,BRIDLEWOOD DR,
01KP4C8ARMK88B5T76JVTMXXJR,{0E230475-1144-442E-87C2-7EE3CBA7F035},PRESSFIELD PATH,73,B,0,asphalt,2,276.31663803734386,50,20,6 Years,16643.69146336842,paved,,City,Local,,,PRESSFIELD CT,
01KP4C85REM5EVZWYJM7DCEDQC,{DCD0648F-D735-4CC9-98C1-CFE33A54B9CC},EASTON CT,72,B,26.13,asphalt,2,485.19172008082165,50,20,5 Years and 10 Months,28545.446198088335,paved,,City,Local,,,,
01KP4C7R9SW1VA1M4R8AAHHSEW,{5A4E7C68-C027-4470-815C-5620CC09DB38},LOGAN CT,72,B,1.5,asphalt,2,153.75970670469715,50,20,5 Years and 10 Months,9046.196077793013,paved,,City,Local,,,DOWNS WAY,
01KP4C7VYRAEEC8QRKGFH0H2NH,{59506BCD-31A1-4EDF-A238-4A7D6C1D6710},GOLDEN SEDGE PL,72,B,'-4.37,asphalt,2,378.6162743390195,60,20,5 Years and 10 Months,26730.308968334775,paved,,City,Local,,,CAT TAIL RD,
01KP4C7W2K5VM33F9JS1Q7XJDD,{97A2601D-CE5B-4F2D-A78F-C7061D23B18C},S EVERGREEN DR,72,B,3.13,asphalt,2,627.4357797189581,60,20,5 Years and 10 Months,44296.966048158436,paved,,City,Local,,,ESTATE AV,FORSYTHIA CT
01KP4C8392EAVX3Z0SKR918A7N,{BE0D98EA-F71C-4ABC-BE51-31E7C116F56C},QUARRY PL,72,B,'-3.25,asphalt,2,219.28967386108854,24,20,5 Years and 10 Months,6192.74038983714,paved,,City,Local,,,CANTERA CT,TUSCANY HILLS DR
01KP4C8AGGBWWJD27DWXZH8P0B,{B535C80C-A172-432C-8BBE-4AC8A41F1D58},TOWN CREEK DR,72,B,2.34,asphalt,2,1060.390601205164,50,20,5 Years and 10 Months,62386.313704237145,paved,,City,Local,,,,LILLIE LN
01KP4C82KBV2WGGP30DETXP1A9,{D6D7C3A0-491C-4C3A-ACB4-CBC508C65D1E},JACKSON BLVD,72,B,'-22.5,asphalt,2,130.04252369780633,24,20,5 Years and 10 Months,3672.40086922605,paved,,City,Local,,,VFW RD,
01KP4C85HJJS57B2X7CRE44NBY,{552A2DE8-0D6B-4EC6-AC83-4222BDF2C657},COVEY DR,72,B,'-6.25,asphalt,2,380.7881776853297,50,28,8 Years and 2 Months,22403.037787153564,paved,,City,Local,,,SEQUOIA DR,QUAIL CT
01KP4C7QSMQR2HSM7JB6E12ZEE,{427A5716-5394-4D93-A6EB-DCAAF5E972FA},KENT DR,72,B,'-4.25,asphalt,2,330.2598742850234,60,20,5 Years and 10 Months,23316.34712452265,paved,,City,Local,,,E UNIVERSITY DR,
01KP4C7QW5P8XXQ21Z9J2J00NM,{6DBE4F3A-FB0E-469F-A140-D230372DE729},STEVEN ST,72,B,5,asphalt,2,362.7986301840555,50,20,5 Years and 10 Months,21344.652742495262,paved,,City,Local,,,SAUGAHATCHEE RD,EMILY AV
01KP4C7R3K967Z8JY6FGTGZEZG,{AB103655-B2BB-470A-B955-B031DF75F5DB},CHURCHILL CIR,72,B,21,asphalt,2,417.64666345370676,50,20,5 Years and 10 Months,24571.545366526418,paved,,City,Local,,,COTSWOLD WAY,BRISTOL CT
01KP4C7W7KACARYXPSPMVG9JW4,{D2F95730-EFBF-4644-A519-9190E28B89AC},MONTROSE RD,72,B,'-13,asphalt,2,354.43088605560024,50,20,5 Years and 10 Months,20852.350462937815,paved,,City,Local,,,BEDFORD CT,ARROWHEAD CIR
01KP4C7VYD62551R7W635HMZB8,{411FB248-618C-449E-BEB7-9CC5A0B9BA7B},CHESTNUT CT,72,B,7,asphalt,2,250.123726268193,50,20,5 Years and 10 Months,14715.612562112019,paved,,City,Cul-de-sac,,,TIMBERWOOD DR,
01KP4C8ARSFS58KAKHQFJ5VSHR,{7E40305E-4171-4795-8902-61E431447B2C},CANTERA CT,72,B,'-0.19,asphalt,2,1368.3308172677923,50,30,8 Years and 9 Months,80503.46308258844,paved,,City,Local,,,COLLIER CT,
01KP4C836HYHRJ5JNS39PDRGQG,{492109DB-C6DA-4428-9CF1-C4386DB941CC},MOORES MILL RD,72,B,'-1.4,asphalt,2,1291.3344766194393,60,20,5 Years and 10 Months,91168.21404933243,paved,,City,Arterial,,,SHERWOOD DR,SHERWOOD DR
01KP4C7QXT21DMJMMNQM0XHERK,{12A6EC49-7280-4EAA-9FCB-956BBBD9D1BE},BUCKHEAD RD,72,B,'-2.46,asphalt,2,912.1530165413994,60,18,5 Years and 3 Months,64398.0029678228,paved,,City,Local,,,WILL BUECHNER PKWY,DEER RUN RD
01KP4C8DS0QSYJ3W0Z5FR8YB66,{D182B887-248D-4BCE-9A35-4F0FE914BB5C},STONEGATE DR,72,B,'-1,asphalt,2,389.1163679638318,60,8,2 Years and 4 Months,27471.61557824652,paved,,City,Local,,,,
01KP4C82VFHY1JCPYKJYP91NF5,{B4DF6925-7EBE-4A9B-96CB-2E39D048B40D},OWENS RD,72,B,'-0.83,asphalt,2,1450.1607415335545,60,30,8 Years and 9 Months,102381.34835226895,paved,,City,Local,,,CHARLES AV,JENKINS DR
01KP4C8AQ9RZ5VBVDE98QBA7QM,{C86AF704-E7C1-4764-8197-A8E021787A21},E SAMFORD AV,72,B,'-7.25,asphalt,2,413.48396619831556,80,20,5 Years and 10 Months,38922.62401813477,paved,,City,Arterial,,,SAMFORD VILLAGE CT,SAMFORD TRACE CT
01KP4C85MEKRX3BHGRFMRP7FDW,{329AF335-031E-4621-9B31-E1AE465425AE},S CARY DR,72,B,'-15,asphalt,2,419.2916126884712,60,6,1 Years and 9 Months,29601.98785580607,paved,,City,Local,,,SANDERS ST,
01KP4C7ZEC8NDXM41YCDN7EQRN,{01CCC468-EB9A-4FE1-8549-F3113309B338},N CAMDEN CT,72,B,0.31,asphalt,2,367.26698165966855,50,30,8 Years and 9 Months,21607.540754310496,paved,,City,Cul-de-sac,,,N DONAHUE DR,
01KP4C8323Q10FEMBGQWNF010J,{EA163DCD-375F-47BF-9EAD-CE0809EABEDF},NOTTINGHAM DR,72,B,0.75,asphalt,2,167.89225796624405,24,20,5 Years and 10 Months,4741.2773649667315,paved,,City,Local,,,BENT CREEK RD,WESTBURY CT
01KP4C8318HHYKQK06SM9267TJ,{EC32653C-A857-4B93-873E-92AAC80E5239},KEYSTONE DR,72,B,15,asphalt,2,351.5464724631448,60,28,8 Years and 2 Months,24819.180955898024,paved,,City,Residential Collector,,,PARSONS CIR,PIEDMONT DR
01KP4C8616JG8ZYDM9NGCD9HN6,{DA8EC5A0-1F58-4F82-AD76-B1800B55AF01},CONCORDE CT,72,B,'-2.12,asphalt,2,365.2622329232334,50,20,5 Years and 10 Months,21489.59470365023,paved,,City,Cul-de-sac,,,MONTICELLO DR,
01KP4C7YTN00F0BASEABW58VB4,{33CDFFB3-8053-427F-AA85-E70A28F6BDEE},JANET DR,72,B,12.4,asphalt,2,1271.8794661817687,60,20,5 Years and 10 Months,89794.69031243287,paved,,City,Local,,,WRIGHTS MILL RD,HOLLON AV
01KP4C82R8RY59MWYF6CWGAB0C,{A1249AD3-E4CA-4C82-BE1F-0732B50E3ACC},IVY LN,72,B,9,asphalt,2,228.30088539663018,50,20,5 Years and 10 Months,13431.702090835079,paved,,City,Local,,,E GLENN AV,KELLIE LN
01KP4C82GTXX4RGQQFHP1XE7HF,{490B5C05-91C7-4A84-A89F-1B15AA28AAEE},ELLINGTON WAY,72,B,'-0.87,asphalt,2,263.4451681551724,50,26,7 Years and 7 Months,15499.357393129307,paved,,City,Cul-de-sac,,,ASHETON LN,
01KP4C8APAFSNHHWGVBBJD2W2Y,{D7CCCE70-70A2-48C7-BE03-1F1183DD14DE},AZALEA DR,72,B,'-11.5,asphalt,2,30.843774507492526,60,20,5 Years and 10 Months,2177.570480228972,paved,,City,Local,,,,PEACHTREE LN
01KP4C82Y2WYV66AK3ETACDTRX,{535E4EE1-F43E-41EF-96D5-12DFF86F6B33},SHADOW BEND LN,72,B,'-8.12,asphalt,2,706.1310098706851,50,18,5 Years and 3 Months,41544.04108072531,paved,,City,Local,,,KEYSTONE DR,WEDGEWOOD CT
01KP4C7ZJC9TX5AR2F04NG5XSB,{9B0DAE50-6150-446D-85FE-C88A94F74D05},KEYSTONE DR,72,B,10.75,asphalt,2,352.36155829397745,60,6,1 Years and 9 Months,24876.726015554803,paved,,City,Residential Collector,,,MRS JAMES RD,SHADOW BEND LN
01KP4C7R6X9X9BGFZVYKJKRRQ8,{D7CAF40C-2992-411F-9BE7-D5FD100FCC3F},CAMERON CT,72,B,'-7.5,asphalt,2,368.2006070928554,50,20,5 Years and 10 Months,21662.469050629657,paved,,City,Cul-de-sac,,,RUTH WAY,
01KP4C7W6H9JX7643JWXNAQ771,{297B1EF1-81CA-4020-BABA-1E7CC7312D42},FERNDALE DR,72,B,'-3.17,asphalt,2,286.25736463468473,60,20,5 Years and 10 Months,20209.769943208747,paved,,City,Local,,,COTTONWOOD CIR,E UNIVERSITY DR
01KP4C85RYG8FC9NCFGCTJHC6C,{2C8DFB83-5F8F-4AF0-AFCE-D55F38114BEF},SUTHERLAND LN,72,B,12.5,asphalt,2,587.4707525582136,50,20,5 Years and 10 Months,34562.86260884156,paved,,City,Local,,,PIEDMONT DR,PHILMORE CT
01KP4C82W4PG790T4A0GA4BEHF,{06A6DC3C-F5CA-4914-BF56-26D4738F403C},OPELIKA RD,72,B,34,asphalt,2,418.9977581032688,24,12,3 Years and 6 Months,11832.49668883631,paved,,City,Arterial,,,PERRY ST,N ROSS ST
01KP4C8DYFCTQ0RKKVHK0S1DVW,{97619F13-27F7-4401-91E1-18C2A299981E},PRESERVE DR,72,B,'-7,asphalt,2,348.8760933066997,50,26,7 Years and 7 Months,20525.543489544165,paved,,City,Cul-de-sac,,,DALBY PL,
01KP4C8972FJ93K1WWS1FJ9R6D,{41A18588-01A5-4DDA-B302-1A0FA0FB5A19},FALLS CREST DR,72,B,'-7,asphalt,2,275.1568524669209,50,6,1 Years and 9 Months,16188.394820137179,paved,,City,Local,,,,
01KP4C8A83CAB79EV2T9PTBRS5,{2D2504AD-6C5F-4BCC-B3E2-2190433C19D0},CLUB CREEK DR,72,B,2.31,asphalt,2,329.7624161208256,50,6,1 Years and 9 Months,19401.022148441905,paved,,City,Cul-de-sac,,,ELLA GRACE DR,
01KP4C7ZDTB6ZY1ZYXV9M4M1YZ,{8BB7984A-064D-4AF7-BAC0-3BE07122D08C},HILLTON CT,72,B,'-0.6,asphalt,2,756.6286405407814,50,8,2 Years and 4 Months,44514.985018482635,paved,,City,Cul-de-sac,,,ASHETON LN,
01KP4C7Z1CVFBYRJ9SRMG6TSAH,{E3DAE69D-0314-4BE0-9F41-219FDDE280B8},ALAN AV,72,B,'-1.12,asphalt,2,325.48965500596927,50,20,5 Years and 10 Months,19149.64136951786,paved,,City,Cul-de-sac,,,,CONE ST
01KP4C832XXN48XQGAARR59EF4,{22454B14-D73E-418D-9FE4-63711E2A4456},HAMILTON HILLS DR,72,B,'-5.75,asphalt,2,713.6598626494376,50,20,5 Years and 10 Months,41986.98858587525,paved,,City,Local,,,HAMILTON HILLS LN,
01KP4C7YTHVNT3C3KXE2YSAPG2,{5AC52D8D-10FF-455A-B797-760075080615},S COLLEGE ST,72,B,14,asphalt,2,544.0296685850977,100,30,8 Years and 9 Months,64014.15767017983,paved,,City,Arterial,,,WOODFIELD DR,
01KP4C85SSX3VPWAQYE5GDD4A9,{75C5E871-576A-41E2-A4D5-08051B3636F6},BENT CREEK RD,72,B,0.97,asphalt,2,1196.7015021121913,24,20,5 Years and 10 Months,33794.85041964828,paved,,City,Local,,,E GLENN AV,
01KP4C82M26QRY6BSDBQ6ARFSE,{D6DCA528-6919-4D87-9D14-D8720E100438},S GAY ST,72,B,'-5.17,asphalt,2,557.9146329049582,60,6,1 Years and 9 Months,39388.77308309005,paved,,City,Collector,,,BROOKSIDE DR,CAMELLIA DR
01KP4C85NCS1711NCCS86N99Y4,{F3B2B38C-84EF-4DF8-BD1F-33EC916E9FED},FALLS CREST DR,72,B,'-5,asphalt,2,612.1434751834222,50,10,2 Years and 11 Months,36014.44112329133,paved,,City,Local,,,CLUB CREEK DR,FALLS CREST PL
01KP4C7ZHP7FEY1V2ARHCHWQSR,{87028BCF-9E32-4BAD-9B77-E997885AFA33},HAMILTON RD,72,B,'-19,asphalt,2,1003.967261177868,80,20,5 Years and 10 Months,94506.78485220998,paved,,City,Collector,,,BONNY GLEN RD,
01KP4C7Z48RXWWMR0405X5GHRP,{52804243-428C-48A1-8DD5-5F9EE501DAD7},IVY LN,72,B,'-1.75,asphalt,2,408.4074841049323,50,20,5 Years and 10 Months,24027.973648173516,paved,,City,Local,,,KELLIE LN,
01KP4C8AAQRTYYS181VWWNV56A,{078A5C6E-F81B-4209-A1A2-A96C7E0E9726},RAVENWOOD DR,72,B,3,asphalt,2,206.85593713774014,50,20,5 Years and 10 Months,12170.02430160371,paved,,City,Local,,,MARA VISTA DR,AVALON CT
01KP4C83212DEHA9DVWX6SJMNK,{0AA781C0-C1E7-4124-AC99-511381954BBB},BENT CREEK RD,72,B,'-15.5,asphalt,2,455.3638062228709,80,20,5 Years and 10 Months,42864.91295911291,paved,,City,Collector,,,NOTTINGHAM DR,WINDY HILL RD
01KP4C7ZCZQBN1N9GKZ878XHDQ,{1F419706-8E76-4B79-9879-4DE93DB668CC},MALL BLVD,72,B,0.25,asphalt,2,779.0895374642686,60,22,6 Years and 5 Months,55003.72134497736,paved,,City,Local Commercial,,,FINANCIAL CIR,COMMERCE DR
01KP4C7ZDH1JQ3PXQAF6EE2MSA,{322B1E59-338B-4397-A750-9464339E4733},PIEDMONT DR,72,B,16.5,asphalt,2,301.22752384107787,60,30,8 Years and 9 Months,21266.663183180095,paved,,City,Residential Collector,,,HIGHRIDGE LN,QUAIL HOLW
01KP4C7ZEDPQ9CJ0409TGYGTG5,{81712D31-0676-4D0C-878B-3842402FFFB8},STONE POINTE DR,72,B,'-2,asphalt,2,494.262768956286,50,6,1 Years and 9 Months,29079.12624026149,paved,,City,Cul-de-sac,,,HIGHRIDGE LN,
01KP4C8ATJ4KGVHYYPZ6PPEQMJ,{82ED88A6-7263-4337-A3C9-C8C3CE6598C4},CARY CREEK PKWY,72,B,2.88,asphalt,2,864.943902776658,24,30,8 Years and 9 Months,24426.015814412818,paved,,City,Collector,,,LEGACY LN,
01KP4C82MH2CZV6J9GHP6056YX,{8749F6FE-F434-4FBF-88A9-C91358D19215},HEARD AV,72,B,7.8,asphalt,2,1211.6635815588559,60,20,5 Years and 10 Months,85543.44885805521,paved,,City,Local,,,JANET DR,S DEAN RD
01KP4C7ZPEY9DE9VPECEC2YHZM,{8663AFC8-CD53-4A4E-BC55-E3C8A1988723},BURTON ST,72,B,'-4,asphalt,2,650.5552172023744,37,20,5 Years and 10 Months,28323.005639600713,paved,,City,Local,,,TICHENOR AV,E MAGNOLIA AV
01KP4C85X7NMCJMAC3XDP3833M,{6BD52B93-CD30-46EC-9B1B-1E6284A17049},COX RD,72,B,4.5,asphalt,2,154.2015889482897,80,10,2 Years and 11 Months,14515.509572998999,paved,,City,Arterial,,,W LONGLEAF DR,SUNSET DR
01KP4C82FFAMR6Q1Y425W5QR1H,{5500A3B6-6382-474C-98D1-8E5C26FA345C},MCKINLEY AV,72,B,'-6.25,asphalt,2,495.7531371899411,55,20,5 Years and 10 Months,32083.490528475686,paved,,City,Local,,,S DEAN RD,MAPLE ST
01KP4C82KMV23891FBRJVW7GYY,{3BF04A67-0AFA-430D-9C56-4EC5DBFCE080},WINDSOR DR,72,B,5.25,asphalt,2,462.5352672736274,60,6,1 Years and 9 Months,32654.989869518093,paved,,City,Local,,,E UNIVERSITY DR,WINDSOR CT
01KP4C82MHC1TQA9FQVJPNTY3Y,{2A26255A-F1DC-42A0-984D-686CEC215486},JANET DR,72,B,9,asphalt,2,492.7087897190146,24,20,5 Years and 10 Months,13914.096221664971,paved,,City,Local,,,BRENDA AV,HEARD AV
01KP4C82S9W2S82MWPZGY4J0C1,{2530F711-807F-4408-ADAE-A38F876895B5},ALBERTA ST,72,B,'-7.83,asphalt,2,579.210768055206,24,20,5 Years and 10 Months,16356.912089879015,paved,,City,Local,,,JUDD AV,ALBERTA CT
01KP4C82W4E78VF2P4ZGD231V7,{B17FE806-BE05-439C-A811-A0AAAB490AAA},WILLIAMS AV,72,B,'-4.12,asphalt,2,447.7825750818987,24,20,5 Years and 10 Months,12645.379920312815,paved,,City,Local,,,FRAZIER ST,
01KP4C82X5NZQ61AMXH9RCM9HW,{0075E605-7727-4397-AD4C-9771A741A9E2},SAINT JAMES DR,72,B,'-5.4,asphalt,2,559.0746001246208,60,20,5 Years and 10 Months,39470.66676879823,paved,,City,Local,,,SAINT PATRICK CT,JANABROOKE LN
01KP4C830CB1ZESTK8HJSECXPA,{48993F48-5FB9-4521-BF4D-AAEE929E55DA},HICKORY LN,72,B,7.5,asphalt,2,195.384787187111,60,30,8 Years and 9 Months,13794.165975410035,paved,,City,Local,,,N CEDARBROOK DR,
01KP4C830MBR9ZTBJ20YSBP8BY,{9DFEE274-B6CA-404F-97AA-19116CF59B82},OAK MEADOW LN,72,B,0.5,asphalt,2,425.760442031297,50,20,5 Years and 10 Months,25048.90600617464,paved,,City,Local,,,N GAY ST,
01KP4C831MEC9EQ7JRNNSRM09B,{C26FCAE5-355A-4D79-B450-14C74907B90E},WATERCREST DR,72,B,1.42,asphalt,2,424.3034212273361,60,8,2 Years and 4 Months,29955.821538649932,paved,,City,Residential Collector,,,WATERCREST CT,
01KP4C831DNYNBT2W45EXPAJ7H,{AEB882D1-E8F9-4633-8862-74FA6B19DA07},TRAILRIDGE RD,72,B,'-2.75,asphalt,2,203.78905051521778,60,24,7 Years,14387.506966374374,paved,,City,Local,,,ROANOKE LN,
01KP4C83AB8GSST60QCXCAX4EA,{F4476956-6174-489F-B550-28B9D79CB802},STARR CT,72,B,'-2.5,asphalt,2,549.1138917359422,50,20,5 Years and 10 Months,32306.2006304646,paved,,City,Local,,,,
01KP4C85FY1HBT7RP73TBYQJ4F,{C18EFF5A-BDFA-412E-A3F5-51A74C6E12D2},POTOMAC CT,72,B,5.33,asphalt,2,281.87407070169235,50,20,5 Years and 10 Months,16583.59115961623,paved,,City,Cul-de-sac,,,POTOMAC DR,
01KP4C85GQZHDRKTQ7SDPF8MKF,{87CED0C6-E174-45BF-9599-93ADDDC1434C},WASHINGTON CT,72,B,'-2.5,asphalt,2,343.4248113733627,40,20,5 Years and 10 Months,16163.861121972934,paved,,City,Local,,,PITTS ST,
01KP4C85KGZVEHYATQDGHPJ89C,{BCAEE9D5-735E-41A0-80CA-BAD7C3CF484E},MEADOWBROOK DR,72,B,'-12,asphalt,2,351.309598664272,50,20,5 Years and 10 Months,20668.71472141467,paved,,City,Local,,,,
01KP4C85PDJ4ZGD190KQFW3QV9,{A161D663-AA6C-4CAB-8519-28ADD219C719},FRONTIER CIR,72,B,0.13,asphalt,2,878.1681204640947,50,20,5 Years and 10 Months,51665.55775397089,paved,,City,Local,,,,
01KP4C7VNVHJTFBWJRFZCHGRT7,{9BF620B0-192B-4A85-96DC-DA2013BEC956},STONERIDGE DR,72,B,'-1.87,asphalt,2,1047.065284799349,50,20,5 Years and 10 Months,61602.34092236169,paved,,City,Local,,,WINDING WAY,
01KP4C8AAMKSJP8TR27DDVG4ZP,{3FBF35B3-FD71-4245-8E28-0B2BDC649533},WESTOVER ST,72,B,8,asphalt,2,206.09609369862167,50,30,8 Years and 9 Months,12125.320179268909,paved,,City,Local,,,MILL CREEK RD,GOLF MILL CT
01KP4C8ACHC9B8F953RQC628ZW,{56F9B10D-7AB0-478D-9241-2FD766F813BC},RAVENWOOD DR,72,B,'-6,asphalt,2,159.7497163878209,50,20,5 Years and 10 Months,9398.60831415013,paved,,City,Local,,,ARBOR RIDGE DR,
01KP4C8AEA78B7MTTM1YX2WNB1,{F96A3E51-5985-45CE-9940-9DB21DF2749A},BLASTED ROCK RD,72,B,2.13,asphalt,2,260.023858082242,50,20,5 Years and 10 Months,15298.070317171903,paved,,City,Local,,,SOPHIA CT,SHOT ROCK CT
01KP4C8AFF4XX57PM8CTBRYGB9,{D21858D6-446F-417D-8D54-DD128D4B3061},JEMISON PL,72,B,'-3.37,asphalt,2,410.6838720556439,50,6,1 Years and 9 Months,24161.901139273716,paved,,City,Cul-de-sac,,,GREY OAK TRL,
01KP4C8APT1C52AXT86CJ011NV,{5C2F44EC-7233-4242-9647-2D7A5A481183},PRESERVE DR,72,B,5,asphalt,2,234.60655359203454,50,20,5 Years and 10 Months,13802.685569664698,paved,,City,Cul-de-sac,,,GRAYMOOR LN,
01KP4C8ARPY0AAGMD44ATRVQ8H,{7E2891F2-467F-4463-83DA-7FB275024437},RIDGECREST DR,72,B,7.63,asphalt,2,175.77280331832233,50,20,5 Years and 10 Months,10341.299928561297,paved,,City,Local,,,BRIDGE ST,
01KP4C8ARR6J8EFZ0K0WZM3ZM0,{DE311B70-C8FD-4ADE-A282-D9AF503F4032},SOPHIA CT,72,B,3.44,asphalt,2,315.6356919177121,50,30,8 Years and 9 Months,18569.899874492065,paved,,City,Cul-de-sac,,,CANTERA CT,
01KP4C8AS7M7FYGH7418DAXHSC,{D5804BDA-35AD-4A89-AB1C-3003BD01910D},NORTHGATE BLVD,72,B,'-6,asphalt,2,228.7869933212252,50,20,5 Years and 10 Months,13460.301440398749,paved,,City,Local,,,BOTTLE WAY,
01KP4C8DTKSQ67XNNPR8FQXYFF,{012BEBE4-EAAC-4E9A-90D0-B56C1435DD6D},WRIGHTS MILL RD,72,B,1.25,asphalt,2,61.92724087873928,50,20,5 Years and 10 Months,3643.3860050324947,paved,,City,Collector,,,REESE AV,
01KP4C8DY36Q0ZQ81XKR3MPTRC,{96991B24-C116-4374-9AFC-D0D0165B33EE},DALBY PL,72,B,1,asphalt,2,470.1032942632487,50,20,5 Years and 10 Months,27657.743812487795,paved,,City,Local,,,CLEMENTS LN,PRESERVE DR
01KP4C82HJ3A1NRSC4NAA7YWTS,{3C4C6574-EE1A-4122-BA33-0874B58D51B9},DELLIA DR,72,B,'-4.33,asphalt,2,642.7653316910679,50,20,5 Years and 10 Months,37816.02701449116,paved,,City,Local,,,JOYE PASS,CORE DR
01KP4C82MC855JGBHB3S5T82VA,{926FA728-0AB3-43F4-8E89-CBA5CF060E02},JANET DR,72,B,'-1.75,asphalt,2,433.71107211601463,60,20,5 Years and 10 Months,30620.001691390633,paved,,City,Local,,,HOLLON AV,BRENDA AV
01KP4C7YS3MKZJ4CD5NGEYZJM3,{773A2D81-0549-4FEF-9195-89E3BFDC945A},DAWN DR,72,B,'-3.69,asphalt,2,884.4567636515608,60,20,5 Years and 10 Months,62442.64751380019,paved,,City,Local,,,LONGWOOD DR,
01KP4C7YWBDNAE74VZAEG1350W,{14B11557-10DE-471C-8607-E7C0D023E799},MOORES MILL DR,72,B,'-7.25,asphalt,2,467.83343951592104,50,20,5 Years and 10 Months,27524.20069152002,paved,,City,Residential Collector,,,PATRICK RD,HIGHLAND RD
01KP4C7Z3VG31HN6J8FHMX8TNV,{59285FE3-DE72-4138-857C-40B39647CE3D},N DONAHUE DR,72,B,8.25,asphalt,2,294.08617643203354,24,30,8 Years and 9 Months,8304.993622440626,paved,,City,Arterial,,,W GLENN AV,RAILROAD AV
01KP4C835517KZTTHB48YYP3TH,{B78B8B5F-D53A-4BB8-AD17-5FA487D3AB7F},BENT CREEK RD,72,B,'-0.12,asphalt,2,931.764601690569,80,20,5 Years and 10 Months,87710.10783913889,paved,,City,Collector,,,WINDY HILL RD,GRAYSTONE LN
01KP4C83557N9A3TZ3VS8T885X,{910011EB-D308-4B7F-B658-4AE26BC229AA},WINDY HILL RD,72,B,5.25,asphalt,2,434.95710618047315,60,20,5 Years and 10 Months,30707.971696341403,paved,,City,Local,,,BENT CREEK RD,WINDY HILL PL
01KP4C85TFJ4S4VSWGF227Z2AC,{CAC28586-423D-4561-AEE9-D630B968F460},DENALI LN,72,B,'-6.3,asphalt,2,1303.5925302292355,50,20,5 Years and 10 Months,76694.69386182004,paved,,City,Local,,,SOLAMERE CT,SOLAMERE CT
01KP4C7VYX5QKBFKHNX9NBZ344,{7B38315E-A608-49A0-B029-D1CF4EDB08ED},HAWKS LNDG,72,B,'-9.06,asphalt,2,504.3971459167125,50,20,5 Years and 10 Months,29675.365418099915,paved,,City,Cul-de-sac,,,BELMONTE DR,
01KP4C85FEK83DCDVAVF3M61D3,{9E01C463-6D8F-43FF-A5F3-39D16F13AB75},HARPER AV,72,B,11.13,asphalt,2,272.9247632053241,60,20,5 Years and 10 Months,19268.488282295883,paved,,City,Collector,,,HARPER CIR,VILLAGE DR
01KP4C861XQPD5ZNGAFEENTNV8,{6DAE2061-428E-4CBE-87D2-73D87240FB88},MERIMONT BLVD,72,B,'-2.62,asphalt,2,907.2606608183386,50,12,3 Years and 6 Months,53377.16887814558,paved,,City,Local,,,BARRINGTON CT,ARLINGTON CT
01KP4C7QVB4P932F0FWC6HCW8E,{434DA820-2690-4061-A010-EDCE065F3A04},MIDTOWNE CT,72,B,1.25,asphalt,2,323.44944833526506,50,20,5 Years and 10 Months,19029.609210391427,paved,,City,Cul-de-sac,,,SAUGAHATCHEE RD,
01KP4C7ZP8FS6SH5QBJK2FPQ87,{230F688A-7BA7-4F32-8C3A-0AF2E357984E},N DEBARDELEBEN ST,72,B,'-2.95,asphalt,2,563.227968844875,50,20,5 Years and 10 Months,33136.57883370681,paved,,City,Local,,,E GLENN AV,HARPER AV
01KP4C82KM9SJF34QJKK1Y0SSZ,{DF6D52A6-C8F6-4DD3-BCA4-5B694986F98B},WIRE RD,72,B,6.92,asphalt,2,788.2008799812686,80,30,8 Years and 9 Months,74195.97616890342,paved,,City,Arterial,,,,HALEY LN
01KP4C7Z36AF3ZMZCQ0NEYJMNS,{B368273A-6374-4519-9496-FC9EBD6C05AF},E GLENN AV,72,B,1.06,asphalt,2,523.301100039035,150,20,5 Years and 10 Months,92362.64415688967,paved,,City,Arterial,,,CHERRY ST,CRAWFORD ST
01KP4C82QVXBKJHW8BBG5H6T9M,{7BDC2A1D-C62A-4DDD-A358-5FE9CF89A4CB},E GLENN AV,72,B,'-2.67,asphalt,2,649.6607353832215,150,20,5 Years and 10 Months,114665.11979513861,paved,,City,Arterial,,,PRATHERS LAKE DR,ALICE ST
01KP4C832C7M94XMPBV93W9TGB,{F1F762CA-2238-45F3-A128-5913F207576D},MARY LN,72,B,1.08,asphalt,2,579.1704077806662,50,20,5 Years and 10 Months,34074.525657762526,paved,,City,Local,,,HARRIS AV,JACK HAMPTON DR
01KP4C7VZTBVQ49VRXPXP1PMT6,{B75F1B93-D270-4238-923B-3D3A3F379DA2},ENTERPRISE DR,72,B,60.94,asphalt,2,1996.2798889841401,80,20,5 Years and 10 Months,187916.48021637372,paved,,City,Local Commercial,,,,BROWN CT
01KP4C7RE70E8MA2WBS82MF1A6,{83265EB5-3C31-4D5E-B5DF-64937AAD3E6C},RICHLAND RD,72,B,1,asphalt,2,154.7377416433638,80,8,2 Years and 4 Months,14565.979413361976,paved,,City,Arterial,,,TANNEHILL ST,
01KP4C7Z311NY63RHW10B9CM8J,{023775B8-0479-45C3-8864-09D6620CC51B},E GLENN AV,72,B,1.92,asphalt,2,658.9559815648443,150,20,5 Years and 10 Months,116305.73074619501,paved,,City,Arterial,,,CRAWFORD ST,LAKEVIEW DR
01KP4C8AR9MJHY3RRGR6AFEZMN,{91F4DACF-A2AE-4BC6-A8D1-20261F9F5A04},WHIPPOORWILL ST,72,B,'-4.5,asphalt,2,2212.098236579472,60,20,5 Years and 10 Months,156174.1355025107,paved,,City,Local,,,GREEN BRIAR LN,
01KP4C7YTFNS0P0VSQG5PVKMHH,{26B1AF79-0437-477B-ADBD-C6D2E8376B5B},MARSHALL CIR,72,B,'-4.56,asphalt,2,415.2707418743551,50,20,5 Years and 10 Months,24431.761980274558,paved,,City,Local,,,WILD GINGER LN,HOLLON AV
01KP4C836EJNPX6REY8TFMDS36,{5992FAAA-FFF4-4CFC-9808-9C26846F4074},FORESTDALE DR,72,B,'-0.07,asphalt,2,819.8475860098566,50,20,5 Years and 10 Months,48234.36631024656,paved,,City,Local,,,DELWOOD DR,DELWOOD DR
01KP4C8AP1J4HBX63NNQR5RCM5,{D7FBA5BC-6E75-4C76-BCDE-6730D4BFD8F5},BOWDEN DR,72,B,'-5.33,asphalt,2,1102.006077495821,60,20,5 Years and 10 Months,77801.62907120495,paved,,City,Local,,,AUBURN DR,S BROOKWOOD DR
01KP4C7ZNH7DB5BR92GZFY7BJJ,{E169E100-621F-4D19-BC1E-5CD62EB448FC},N ROSS ST,72,B,10.5,asphalt,2,555.9266159787976,50,8,2 Years and 4 Months,32707.015906752593,paved,,City,Collector,,,HARPER AV,E GLENN AV
01KP4C7Z9FM8AWY64A0WTBW897,{2BF4AA65-BB2C-4ECD-82D3-EFB77490A82B},SANDERS ST,72,B,16.75,asphalt,2,587.1136302307684,60,14,4 Years and 1 Months,41450.22229429225,paved,,City,Residential Collector,,,RIDGEWOOD CT,LANCASTER AV
01KP4C8AFG7XBT7E2035455660,{B1E63967-1B59-46E6-AA0A-A143109739B1},PHILMORE CT,72,B,0.88,asphalt,2,508.28412307433985,50,20,5 Years and 10 Months,29904.049240873657,paved,,City,Cul-de-sac,,,SUTHERLAND LN,
01KP4C82NEJGSZHEF3ZQZMJFGN,{D726560F-61A6-410C-99A1-217CC99A9B8C},E SAMFORD AV,72,B,'-12,asphalt,2,473.5892487546893,60,6,1 Years and 9 Months,33435.40096208106,paved,,City,Arterial,,,SCOTT ST,S BROOKWOOD DR
01KP4C861TZNHFK3M901522730,{FC6A4E2C-469D-42D4-A64C-06BDB466ABD4},ARLINGTON CT,72,B,'-2.37,asphalt,2,380.55713244683864,50,8,2 Years and 4 Months,22389.444625622342,paved,,City,Local,,,NORFOLK DR,MERIMONT BLVD
01KP4C7ZNWT5MZ9QVRY8XTJR92,{065AF636-CA36-4669-B24C-B4F8A0E4E442},E THACH AV,72,B,'-2.67,asphalt,2,705.5214584247469,58,6,1 Years and 9 Months,48149.48779929423,paved,,City,Collector,,,ARMSTRONG ST,PAYNE ST
01KP4C85FDGW4Q4GSCGRSVW4KV,{B6EEC78F-B3E9-49D1-96C7-406A4A000ECB},CHEWACLA DR,72,B,'-8.05,asphalt,2,1396.572465592137,45,6,1 Years and 9 Months,73948.51205310364,paved,,City,Collector,,,E THACH AV,HILLCREST DR
01KP4C7Z3C1MVG1FXS8W764SXV,{A1FACE8E-7665-4F3C-A8EF-81F1B05F7841},E GLENN AV,72,B,8.06,asphalt,2,380.34967524820024,24,12,3 Years and 6 Months,10741.074829009174,paved,,City,Arterial,,,N ROSS ST,COOK ST
01KP4C8AK7BTF4NQJ17JAK6K6D,{CE2BD401-1DD8-47C4-8071-EF3003834EC4},OGLETREE RD,72,B,1.05,asphalt,2,2873.755113983761,80,30,8 Years and 9 Months,270516.14806300466,paved,,City,Collector,,,PUMPHOUSE RD,
01KP4C8A8P2H8VK1T4MMWN5W1M,{9A976464-59E7-4538-8D5C-0C5B8F9C1829},OGLETREE RD,72,B,0,asphalt,2,743.6168763543888,80,30,8 Years and 9 Months,69999.13529415979,paved,,City,Collector,,,ROCK FENCE RD,OGLETREE VILLAGE LN
01KP4C8ASVXF178J9QHB4QH8TD,{E8868BD0-5B43-4267-B12A-9B430F691029},REYNOLDS DR,72,B,'-2,asphalt,2,156.74262395169055,50,20,5 Years and 10 Months,9221.691042491128,paved,,City,Local,,,ACADEMY DR,
01KP4C85M5NE5TFTCKM2ZJ0C08,{E49883D3-92D5-4640-B963-0F35DF46D223},E UNIVERSITY DR,72,B,'-5.93,asphalt,2,1737.1643452229337,80,20,5 Years and 10 Months,163525.0703636521,paved,,City,Arterial,,,MCKINLEY AV,E GLENN AV
01KP4C85FTKD53S93M45380PPW,{FC61AC2F-F2F0-4D95-AFD8-23866D8B42B9},BROOKEVIEW CT,72,B,0.44,asphalt,2,320.66593323631446,50,20,5 Years and 10 Months,18865.845738736498,paved,,City,Cul-de-sac,,,,
01KP4C7Z5T1N1NAV76QYYCJETF,{DC11F97A-1645-458F-BD58-B4B7640569F9},TUCKER AV,72,B,0.75,asphalt,2,249.43033811925784,50,20,5 Years and 10 Months,14674.818226016332,paved,,City,Local,,,BYRD ST,HOWARD ST
01KP4C7ZJESYDDZJR73JTC59XE,{8CC985CC-6A8F-49D2-B8C4-48FC083562C4},PIEDMONT DR,72,B,11.79,asphalt,2,761.7595008629326,60,10,2 Years and 11 Months,53780.22076092303,paved,,City,Residential Collector,,,KEYSTONE DR,WEDGEWOOD CT
01KP4C85J80DKNKF4WSNAQP1RP,{2973E503-3175-4253-809C-9957B69737AA},S CARY DR,72,B,27.25,asphalt,2,677.9884167860814,50,30,8 Years and 9 Months,39888.31852091445,paved,,City,Local,,,,
01KP4C83AXQGHTXEJKHV8CY1YR,{F097910E-93B6-4DA1-B45C-BB3E6B0221C2},FELICITY LN,72,B,'-5.17,asphalt,2,766.5112264456125,50,20,5 Years and 10 Months,45096.41048921686,paved,,City,Cul-de-sac,,,,
01KP4C7Z386F9K4Y9KP27XSN4X,{1B43E94C-482C-4D34-B746-8CDB452C7906},E GLENN AV,72,B,6.22,asphalt,2,1089.2761988659363,100,14,4 Years and 1 Months,128171.49939989184,paved,,City,Arterial,,,CHARLESTON PL,N DEAN RD
01KP4C8AP1A7S3C5MKBGJTVHXH,{4DDBABF6-2595-4767-9270-F6227BC7CFDB},S BROOKWOOD DR,72,B,'-9,asphalt,2,32.03339946177013,24,20,5 Years and 10 Months,904.6232008003885,paved,,City,Local,,,BOWDEN DR,
01KP4C7Z3W6KGV5K3HKW0NW2BV,{713EFAC8-EE5C-4C94-B28D-01E8873460EA},COMBS AV,72,B,'-1,asphalt,2,618.151069022923,50,20,5 Years and 10 Months,36367.887894181964,paved,,City,Local,,,JORDAN ST,RICHLAND RD
01KP4C8AA9RQRJSEM9MZS0VFKQ,{468021C6-ECD0-4021-B670-E71A787D76A3},W GLENN AV,72,B,16.81,asphalt,2,410.9736348695516,24,20,5 Years and 10 Months,11605.895448716135,paved,,City,Arterial,,,E GLENN AV,WRIGHT ST
01KP4C85RGDSG0EJ9PF274C7AS,{1F62AE81-E1DF-4D21-BCA5-6A6A2016DD32},OGLETREE RD,72,B,1.33,asphalt,2,587.6920585135613,70,30,8 Years and 9 Months,48406.23588623366,paved,,City,Collector,,,EASTON CT,
01KP4C7Z0HP7QWKJ1MD8DKCKXQ,{41EA2B2F-36B2-49D2-81CE-99329BE8B745},PAYNE ST,72,B,'-18,asphalt,2,550.2662461162217,40,20,5 Years and 10 Months,25899.197983870166,paved,,City,Local,,,PINEDALE DR,HARE AV
01KP4C82HD449KN5RYEZ2SA38G,{2784DB68-7D11-4422-8FCC-F0BEE038B7DA},YEAGER LN,72,B,1.83,asphalt,2,654.6751865358958,50,20,5 Years and 10 Months,38516.72347452853,paved,,City,Local,,,DOWNS WAY,
01KP4C831RH6Z72AH38ABVKNFP,{FA8B7839-704A-452E-AFCC-EA1BD210608E},KEYSTONE DR,72,B,3.25,asphalt,2,349.86921539182316,60,30,8 Years and 9 Months,24700.766606662713,paved,,City,Residential Collector,,,ROANOKE LN,WINGFIELD XING
01KP4C7W21N15962CV62DHMHQ3,{C559AFE6-5B2F-4367-A607-3C8CD724B116},FORSYTHIA CT,72,B,13,asphalt,2,318.32333681231296,60,8,2 Years and 4 Months,22473.627578949294,paved,,City,Local,,,WRIGHTS MILL RD,S EVERGREEN DR
01KP4C7Z7ACWTCAAK75XWESNEX,{59D0B4A0-EC61-402B-A75E-95B920CBDF1A},HUTCHINSON CT,72,B,'-1.37,asphalt,2,396.25943156838434,50,20,5 Years and 10 Months,23313.263223939943,paved,,City,Cul-de-sac,,,N DONAHUE DR,
01KP4C82WG04FKAAF453KDAF45,{5DEB0B16-7109-4015-B53D-CB721B31D3DA},FALLEN OAKS CT,72,B,'-4.56,asphalt,2,374.1560410490897,50,28,8 Years and 2 Months,22012.84708172144,paved,,City,Cul-de-sac,,,PIEDMONT DR,
01KP4C7YXAP8YYWA46JM79N162,{B66C4886-B0DF-4BB6-A386-770985A6000F},TALBERT DR,72,B,'-9.5,asphalt,2,474.20831480016193,24,20,5 Years and 10 Months,13391.64280995657,paved,,City,Local,,,FRAZIER ST,GRANT AV
01KP4C8DPK88C5Q6VNNNW868FP,{0C928C7A-C6C9-4465-8C4A-AD1DB3AF38BF},OGLETREE RD,72,B,'-7.5,asphalt,2,63.43870415166926,80,30,8 Years and 9 Months,5971.6966841438,paved,,City,Collector,,,OGLETREE VILLAGE LN,
01KP4C7VNBGDMVVRPSAHBN6ABX,{FEA44EA2-3378-4A13-9D4E-ADCCDE82B88F},CARY DR,72,B,7.67,asphalt,2,1189.380728114922,60,20,5 Years and 10 Months,83970.2794049135,paved,,City,Local,,,HICKORY LN,THORNAPPLE LN
01KP4C7ZGAQGRAE3E9W3D456JH,{10F9FD6C-DFB4-4662-8974-38C0C9CC8604},COX RD,72,B,'-5.75,asphalt,2,585.9999076311376,24,10,2 Years and 11 Months,16548.63739150333,paved,,City,Arterial,,,CHESTNUT DR,MASTERS CT
01KP4C82XZ7NA3CJV6FSW3Z09J,{A9FE8840-D298-4BA7-A3A6-D90225AD2AFA},E GLENN AV,72,B,'-5,asphalt,2,1931.5881963387767,24,20,5 Years and 10 Months,54548.050664607064,paved,,City,Arterial,,,SKYWAY DR,
01KP4C7Z9N64SDFH049P41S4MF,{FB9CC9D2-0C18-4303-8D6A-F63E16CD0E15},OWENS RD,72,B,'-3.25,asphalt,2,790.6172944086366,60,28,8 Years and 2 Months,55817.58098524975,paved,,City,Local,,,CEDARBROOK DR,CHARLES AV
01KP4C85HYB0GQSS9PYZ1PY69M,{01A47600-B5E9-4E30-BFCA-AD421D0F1C43},MRS JAMES RD,72,B,41.13,asphalt,2,8305.087998740592,80,20,5 Years and 10 Months,781785.6169481144,paved,,City,Collector,,,SHADOWWOOD LN,LEE RD 81
01KP4C82FQMAPDSJ6C20HQSTRF,{29A42A73-D4F4-45C4-BB4B-FC690EC5E45D},N DONAHUE DR,72,B,23,asphalt,2,33.33668128820004,24,30,8 Years and 9 Months,941.4278795787692,paved,,City,Arterial,,,CRESCENT BLVD,CRESCENT BLVD
01KP4C8AFGV6G35JBN0B2BV46R,{010A171E-D711-46AF-B08A-BA25846F8B14},SEAGRAVE CT,71,B,'-7.5,asphalt,2,383.2130174578934,50,20,5 Years and 8 Months,22008.89683201623,paved,,City,Cul-de-sac,,,SCARSBORO LN,
01KP4C82H9YFS3GBZJ02GJ0D7S,{0241B43C-72D1-4338-B2C5-AF70DE661B6F},PULL CART LN,71,B,'-3.75,asphalt,2,277.2623967106631,50,20,5 Years and 8 Months,15923.883601561216,paved,,City,Local,,,AUBIE DR,TULIP CT
01KP4C82KVT8CSAPF3Y40QJVJ3,{A7C76877-60AB-4729-B17F-7A4E90526564},PARK LANE RD,71,B,'-10.5,asphalt,2,419.03270610425716,50,20,5 Years and 8 Months,24066.112521614737,paved,,City,Local,,,WOODLEY RD,
01KP4C7QZPH7CQCNZXHVR2TNQZ,{8D34FDB8-0155-42CD-9851-3363F4459C13},PEMBROKE PL,71,B,14.5,asphalt,2,154.41267964508785,50,20,5 Years and 8 Months,8868.312351203795,paved,,City,Local,,,SHERIDAN GLEN XING,NEW ARBOR TRL
01KP4C839705MT0NAWATM5YBB0,{97552D26-E7B2-4EBF-A1DA-9465D5F1EDB8},TUSCANY HILLS DR,71,B,1,asphalt,2,80.40689853128868,24,30,8 Years and 6 Months,2216.626747511126,paved,,City,Residential Collector,,,,
01KP4C8AQGT8AYRRZXJ89MHAV1,{877A7929-0C5F-4ADE-820D-74F49A63E64C},DRIVER LN,71,B,'-21.5,asphalt,2,380.6053835963857,50,28,7 Years and 11 Months,21859.133796787657,paved,,City,Local,,,NICKLAUS CT,IRON ST
01KP4C8399BFXP9PPFYX1G22J4,{0B62A84D-68AB-4A5E-9BDA-48BBE8F67834},TUSCANY HILLS DR,71,B,'-3.75,asphalt,2,85.37777852545139,24,30,8 Years and 6 Months,2353.6620735216343,paved,,City,Residential Collector,,,,
01KP4C8AFHXBDZFK1XH9EYZC70,{45000ABC-0281-4070-8253-577C9E380F7F},SCARSBORO LN,71,B,'-5.53,asphalt,2,942.2717120631465,60,30,8 Years and 6 Months,64940.468993761526,paved,,City,Local,,,SEAGRAVE CT,GARRETT LN
01KP4C7R1GBPDTRPCHHNY81KQP,{E03A366A-8D5B-48DE-8017-384014755AA5},COUNTRY CLUB DR,71,B,4.58,asphalt,2,792.413150327857,50,20,5 Years and 8 Months,45510.29970117092,paved,,City,Local,,,OPELIKA RD,
01KP4C7YWCKZPGMY5AGN0MX2HB,{B350EA54-234D-4072-893A-070A10A379B9},HIGHLAND RD,71,B,'-5.62,asphalt,2,645.443021183099,50,20,5 Years and 8 Months,37069.43192691663,paved,,City,Local,,,MOORES MILL DR,
01KP4C7W6P9RCEJR15BBPPMMHG,{B6D16D51-F7F7-4139-A1D0-F0CA0ED6608A},WINDSOR CT,71,B,9.06,asphalt,2,385.1979717214445,60,6,1 Years and 8 Months,26547.47735583079,paved,,City,Cul-de-sac,,,WINDSOR DR,
01KP4C7RGMGWDS4YJJ3V2Q8B2C,{BA82C07F-1786-46FC-A535-26FAF1CDCEF6},WATERCREST DR,71,B,'-10.62,asphalt,2,283.91769327483837,24,20,5 Years and 8 Months,7826.9348090794965,paved,,City,Residential Collector,,,BETHESDA CT,BIRMINGHAM HWY
01KP4C8ARGFA37HZJ58C673AMY,{04DD8C03-A496-4737-A928-DFC7D6532302},NORTHGATE BLVD,71,B,'-0.42,asphalt,2,614.3307455255232,80,30,8 Years and 6 Months,56452.11987295807,paved,,City,Residential Collector,,,N COLLEGE ST,BOTTLE WAY
01KP4C83AC9MNJBFF8A2N3V54R,{7B0EC2DA-347B-4A3B-B971-A6DC1E2B4874},MONTICELLO DR,71,B,'-3,asphalt,2,245.80416879494794,60,6,1 Years and 8 Months,16940.589214139436,paved,,City,Residential Collector,,,WATERCREST DR,HAMPSHIRE CT
01KP4C85NM7MRFW4SH8YP72ZTX,{73FF9C6C-342F-4446-8CC3-3E9C3AA76ACA},BENNINGTON CT,71,B,1,asphalt,2,348.95721863421414,50,30,8 Years and 6 Months,20041.49930671818,paved,,City,Local,,,LEXINGTON WAY,
01KP4C7RH6VRAZ28N8AKKRKZ02,{470CA837-3833-423B-ACE5-99DF07ACBD34},CEDAR PL,71,B,'-6,asphalt,2,193.90538411406519,50,20,5 Years and 8 Months,11136.478667789148,paved,,City,Local,,,BLUEBIRD DR,
01KP4C7R3FTAE64FB0MWWEGVME,{51D1AF3D-08A6-4873-9F04-B48BD51DD689},BRISTOL CT,71,B,26,asphalt,2,178.2683635041463,50,20,5 Years and 8 Months,10238.404861093288,paved,,City,Cul-de-sac,,,CHURCHILL CIR,
01KP4C7Z5PX937HRC3B2VS08D5,{6C82174D-D995-4245-80BE-7204385CBD19},TUCKER AV,71,B,39,asphalt,2,667.6446388149393,50,20,5 Years and 8 Months,38344.52721257387,paved,,City,Local,,,FOSTER ST,VICKERSTAFF ST
01KP4C8394ABJQ8SA0Z4758B5B,{FED0BA3E-A804-40D5-86D8-A9B942DFE504},QUARRY PL,71,B,'-8.71,asphalt,2,593.2964113633477,24,20,5 Years and 8 Months,16355.769450784252,paved,,City,Local,,,CANTERA CT,
01KP4C7R7D924WXZMT55MC9P0Z,{F3FB1E9F-6172-4BD4-B2AF-545C2C5B04C5},GREY OAK TRL,71,B,2.44,asphalt,2,308.85378446306424,50,26,7 Years and 4 Months,17738.257232277494,paved,,City,Local,,,JAMES BURT PKWY,JEMISON PL
01KP4C7RM8C8SCTV1X0PNJRYQ4,{B11255BA-446B-4156-A48C-AE9682C3977B},MILL CREEK RD,71,B,'-4.5,asphalt,2,342.85681805692525,70,6,1 Years and 8 Months,27567.592931877105,paved,,City,Collector,,,SHELL TOOMER PKWY,FALLING LEAF LN
01KP4C7R8MX0KQDJPBBB0TGCWV,{4AA25C32-747F-4C4B-A073-8A7FCA7D1B52},WHITTINGTON ST,71,B,'-9.5,asphalt,2,138.7460579682381,50,20,5 Years and 8 Months,7968.538480056785,paved,,City,Cul-de-sac,,,SALFORD ST,
01KP4C7ZB7KZNHV4NR1WDRSGWC,{346AC042-18A6-41A1-80AE-907782D45685},JOY DR,71,B,'-10.62,asphalt,2,207.00264235038537,60,20,5 Years and 8 Months,14266.424965414892,paved,,City,Cul-de-sac,,,KIMBERLY DR,
01KP4C82VRK0ZTCC7Z8PXBFKH6,{4D8DE102-4880-447F-AE31-3A34C7B88AE7},TURN LAKE CT,71,B,4.5,asphalt,2,224.4038162429389,50,20,5 Years and 8 Months,12888.081081285927,paved,,City,Cul-de-sac,,,TURN LAKE DR,
01KP4C7R1QBCKT39DM41XZYQE1,{33B0FC26-CA40-46CF-8575-6E8E3AEDCB92},VFW RD,71,B,12.25,asphalt,2,268.0230383656626,50,20,5 Years and 8 Months,15393.243786770774,paved,,City,Local,,,BERRY LN,ARCADIA AV
01KP4C8AR150YJ7Y2SC36DXVY8,{67CBB233-9D48-453E-ADEA-55AAF0726025},IRON ST,71,B,'-2,asphalt,2,530.881629237219,50,30,8 Years and 6 Months,30489.880237897898,paved,,City,Local,,,WESTOVER ST,DRIVER LN
01KP4C85SZJ616DMV3VXC77HPX,{A6FAC325-73FF-406A-B72F-16E281AC6359},CARPENTER WAY,71,B,'-0.75,asphalt,2,335.82443366084743,50,20,5 Years and 8 Months,19287.250112593032,paved,,City,Local,,,WALDROP CT,
01KP4C7Z07NBXJ7CEHWSCXQ7GQ,{5DD769BD-85C4-4529-B753-8DE80A19C4F6},JOCKISH ST,71,B,'-4.67,asphalt,2,757.4825722272687,60,20,5 Years and 8 Months,52204.97746592981,paved,,City,Local,,,VARNER AV,E SAMFORD AV
01KP4C8364C5MD5P2FRANEF558,{EA4A0785-8D80-4A94-87E2-14F817C7B15E},ORCHARD CIR,71,B,2.25,asphalt,2,496.3402336483422,60,20,5 Years and 8 Months,34207.29619805931,paved,,City,Cul-de-sac,,,WILLOW CREEK RD,
01KP4C82KMK6XJ7RP4HE8S6XPM,{6CE4E2FB-40E4-4E88-8118-FA8A437D60BB},S GAY ST,71,B,'-18,asphalt,2,597.3380869937433,60,20,5 Years and 8 Months,41167.97206219261,paved,,City,Local,,,E UNIVERSITY DR,GOODMAN ST
01KP4C7Z0QZEFVTQWRQ0R3AEAF,{07CFC3C6-6E3B-4024-988F-7D4BB8EC0D22},GREEN ST,71,B,'-11.62,asphalt,2,830.4868042392404,60,20,5 Years and 8 Months,57236.35960835488,paved,,City,Local,,,DENSON DR,FLOWERS AV
01KP4C7Z9ZRPGS24HP7SD3721M,{4DEC07CD-1430-4EEC-88D9-CF8C853ED6F4},S CEDARBROOK DR,71,B,5.63,asphalt,2,227.5932602402036,60,20,5 Years and 8 Months,15685.510740268888,paved,,City,Local,,,FELTON LN,SYCAMORE DR
01KP4C8ACHDQZHEPY8VF7SB3NS,{E06549EC-210F-443A-AA3F-DAEE43466980},RAVENWOOD DR,71,B,'-17,asphalt,2,301.32625262121934,50,20,5 Years and 8 Months,17305.931961059156,paved,,City,Local,,,AVALON CT,ARBOR RIDGE DR
01KP4C8AAG0N1W5T9E9Y4H7M21,{9FA509A5-5FCF-4574-B783-C44E5750C22A},FAIRWAY DR,71,B,4.75,asphalt,2,173.85042984642425,50,20,5 Years and 8 Months,9984.67171098134,paved,,City,Local,,,SAINT ANDREWS LN,RAYMER PL
01KP4C85RR7BYAAXSZ8DQBSPC0,{A952D14A-E427-4A55-AD37-C7FD77C41ABF},HYDEN PARK LN,71,B,'-16.92,asphalt,2,857.5771749044676,50,20,5 Years and 8 Months,49252.835128541104,paved,,City,Cul-de-sac,,,PIEDMONT DR,
01KP4C82N94Z0CPG7STGCESG5V,{E8E2695B-6407-48D7-BC99-4357935A95BB},WEBSTER RD,71,B,'-16.25,asphalt,2,494.2237999633308,80,30,8 Years and 6 Months,45415.24480551927,paved,,City,Collector,,,MCMILLAN ST,
01KP4C7VNZXZDQD51JY1KH1FRR,{1121CE1B-9F29-4FB3-8BF4-940B7022505E},WOODBERRY CIR,71,B,'-7.25,asphalt,2,227.67240814875214,50,20,5 Years and 8 Months,13075.80461562258,paved,,City,Cul-de-sac,,,MOORES MILL DR,
01KP4C7W2B3CFHK3D2PQN1FZ47,{DB73B0C7-2F2A-4D72-A706-45B2C813FABD},ORIOLE DR,71,B,7.42,asphalt,2,1439.9203326679728,60,20,5 Years and 8 Months,99237.93797477889,paved,,City,Local,,,ORIOLE CIR,CANARY DR
01KP4C7W06GCF03HXJB1A744KA,{02CBCCB9-F697-4E49-B71A-2F2F4A95F5ED},JENNIFER DR,71,B,'-1.83,asphalt,2,613.8978189302245,24,20,5 Years and 8 Months,16923.701206432645,paved,,City,Local,,,JOHNS CIR,SPRINGHILL DR
01KP4C7Z62G9ZSZBPYKS80VY21,{EEDB9399-42EF-4ED2-924A-778C20B667DD},LYNN ST,71,B,5.38,asphalt,2,363.07221643103406,50,20,5 Years and 8 Months,20852.159477802998,paved,,City,Local,,,CLARK AV,CARVER AV
01KP4C82KN5QK0SNK35Z0Z77W2,{C0243C0D-0E14-43CB-840D-FB41E90DA569},ABERDEEN LN,71,B,'-13,asphalt,2,469.2290761737272,50,20,5 Years and 8 Months,26949.01753754902,paved,,City,Local,,,GROVE HILL RD,MALONE CT
01KP4C82N0J63VHMPJ1CT69FZG,{A6E6EEF6-4754-40A0-A922-0CE32BA4284E},BRAGG AV,71,B,'-18,asphalt,2,444.9285076583231,50,30,8 Years and 6 Months,25553.3741719798,paved,,City,Collector,,,WHITE ST,MARTIN LUTHER KING DR
01KP4C836MTBACNFKRPS6NDDW8,{0418A2D9-7312-49DA-B8AE-6C2E79B84A5B},CHERRY ST,71,B,8.04,asphalt,2,719.2602420919867,60,8,2 Years and 3 Months,49570.730875225345,paved,,City,Local,,,E GLENN AV,BIRCH CIR
01KP4C7QZ5JYNR27SSM1K6T69Q,{40A1537A-7EC7-4531-9D37-A1B4FEF029F3},COTSWOLD WAY,71,B,2.38,asphalt,2,196.650024826881,60,14,4 Years,13552.93242533071,paved,,City,Residential Collector,,,RICHLAND RD,SALFORD ST
01KP4C836147C50DQJSN222WQV,{75895064-FEC7-4822-9BA8-6B9DBFAAAFE2},SPENCER AV,71,B,0.5,asphalt,2,354.3091337647111,50,20,5 Years and 8 Months,20348.873384828028,paved,,City,Local,,,CLARK AV,
01KP4C82TR2ZT3HANCXXHTHA99,{8868978A-C111-4515-8AC0-6424F210DF38},LAUREL DR,71,B,'-7.87,asphalt,2,475.72548331754564,50,20,5 Years and 8 Months,27322.122698630305,paved,,City,Local,,,N COLLEGE ST,FELTON LN
01KP4C8ACPXBKN4T49DT0HQ2FT,{B914DC75-58DE-42A7-8B9B-979023236594},FURLONG TRL,71,B,8.75,asphalt,2,690.617916851523,50,20,5 Years and 8 Months,39663.94091504799,paved,,City,Local,,,FARMVILLE LAKES DR,SADDLEBACK CT
01KP4C7W15VXET5DWSAWTFP7A1,{71AC70C5-96E8-421A-AF21-13B6104BB0DF},MOCKINGBIRD LN,71,B,9.58,asphalt,2,809.1537716546704,60,20,5 Years and 8 Months,55766.10731980022,paved,,City,Local,,,ROBIN DR,HUMMINGBIRD LN
01KP4C8AB68CYW4GE8HBM5Z8JF,{3DBAF557-DC2F-417E-A7DD-AD7283BCCB69},E FARMVILLE RD,71,B,'-5.37,asphalt,2,339.9573146207487,80,28,7 Years and 11 Months,31239.379139721248,paved,,City,Arterial,,,US HWY 280 W,HARVEST DR
01KP4C8ARR9D4CCETDK7BWMCED,{1D00706B-ABF1-472F-92E0-F39A17108294},JAMES BURT PKWY,71,B,'-1,asphalt,2,411.27495668323735,24,30,8 Years and 6 Months,11337.87132966951,paved,,City,Residential Collector,,,CREEKSIDE LN,WOODWARD OAKS TRL
01KP4C7Z74SCZA1B4H9FF71P4Z,{7860C9DF-1090-40EE-ADC5-EDE84E4CCFBA},SAUGAHATCHEE RD,71,B,'-12,asphalt,2,238.40301272019832,60,20,5 Years and 8 Months,16430.508586187763,paved,,City,Local,,,STEVEN ST,E UNIVERSITY DR
01KP4C8APAZQT3B7BNKNJD9YW8,{06AB1749-546C-4744-BBB6-B3031B5F6E22},AZALEA DR,71,B,'-13.75,asphalt,2,28.9747855473892,60,20,5 Years and 8 Months,1996.9146248922088,paved,,City,Local,,,PEACHTREE LN,
01KP4C85FEVPCKR6GYH4HK9JZN,{720E15CD-289B-49B1-B4A0-78789ED04E31},CHEWACLA DR,71,B,'-4.1,asphalt,2,749.8105096557003,60,6,1 Years and 8 Months,51676.22622022357,paved,,City,Collector,,,HILLCREST DR,GARDNER DR
01KP4C7YQQD24ZTTTSDAQ37RRG,{10419EA6-3977-4905-9922-55EA096FA31E},PECAN CT,71,B,3.25,asphalt,2,200.01238900086892,50,6,1 Years and 8 Months,11487.219468291969,paved,,City,Cul-de-sac,,,CHESTNUT DR,
01KP4C7ZEFY6NHYNG9P65JBFVG,{0FAB7103-36AC-4520-AFF7-BED9A768CF24},POST OAK CT,71,B,'-4.87,asphalt,2,662.415401227896,50,6,1 Years and 8 Months,38044.19881734659,paved,,City,Local,,,HIGHRIDGE LN,
01KP4C7W6M112EZHP3W81QA75Y,{704DFC48-A68F-4A9E-AE7D-816F0003BB8E},CRICKET LN,71,B,'-6,asphalt,2,314.6858454774898,60,20,5 Years and 8 Months,21687.848769503376,paved,,City,Cul-de-sac,,,E UNIVERSITY DR,
01KP4C85HXP4KS75XXWQJYQ6PV,{C9B0340B-366A-4C01-8849-227E9FBE5F21},DOWNS WAY,71,B,4.25,asphalt,2,313.8995849561921,60,20,5 Years and 8 Months,21633.660443195084,paved,,City,Residential Collector,,,YEAGER LN,ETHAN LN
01KP4C82G234WXSPF9SY28SJ5A,{EA070F02-6B76-463E-A7A8-0118D946A66F},BENWOOD CIR,71,B,'-2.87,asphalt,2,293.904351493369,50,20,5 Years and 8 Months,16879.673330014008,paved,,City,Cul-de-sac,,,MARTIN LUTHER KING DR,
01KP4C7Z5BZSSGWHRSTRHD2DMM,{39E8F742-8542-4130-AA4D-9ACEE128931F},STAGE RD,71,B,'-10.83,asphalt,2,1481.1528619315811,50,20,5 Years and 8 Months,85066.37051879274,paved,,City,Local,,,N DEAN RD,APACHE ST
01KP4C8AP9V8CRZS7BTYT0AC6K,{08C6BBD4-E4E5-401A-AF01-AAEEC5FCD7A2},AZALEA DR,71,B,'-15.25,asphalt,2,23.04126452748472,60,20,5 Years and 8 Months,1587.982007172792,paved,,City,Local,,,PEACHTREE LN,
01KP4C8DPH7F95B2BGHVQVFYDC,{AD3968EA-1F1F-4C58-9CDE-1680C50FC14A},OGLETREE RD,71,B,'-2.83,asphalt,2,315.2481031211903,80,6,1 Years and 8 Months,28968.798707764996,paved,,City,Collector,,,,
01KP4C835M03YKHS1J013STE7Y,{1A73022D-5ACD-4F66-B994-B87D0273A15C},SOLAMERE LN,71,B,'-2.75,asphalt,2,219.88756925786362,24,20,5 Years and 8 Months,6061.776742607734,paved,,City,Residential Collector,,,MARTIN LUTHER KING DR,SOLAMERE CT
01KP4C8A8Z8QFSTQHHB4KATHYA,{8166D289-9CF3-4C55-A445-9E1CFD8C2ED8},YARBROUGH FARMS BLVD,71,B,'-2.41,asphalt,2,991.5545097960056,50,6,1 Years and 8 Months,56947.49373126026,paved,,City,Residential Collector,,,CLUB VIEW CT,TURN LAKE DR
01KP4C8AAB3CMTZNBWXZ1J0AS6,{7E9270EA-40A9-4081-8601-D97271BE4378},W GLENN AV,71,B,7.75,asphalt,2,693.5803701905977,24,10,2 Years and 10 Months,19120.35942432099,paved,,City,Arterial,,,WRIGHT ST,TOOMER ST
01KP4C82H3ZERKV90AQD519Q14,{C23507F8-5EE5-41F5-A037-164B0450E678},W MAGNOLIA AV,71,B,'-0.5,asphalt,2,257.3803087105216,83,20,5 Years and 8 Months,24538.12795724543,paved,,City,Collector,,,WRIGHT ST,ENGINEERING DR
01KP4C7Z4Z8P3SNM4PQEXX3B5B,{CB5247DD-0250-4239-B034-2399DC59C229},N GAY ST,71,B,5.13,asphalt,2,704.7902243330138,24,6,1 Years and 8 Months,19429.388412898494,paved,,City,Collector,,,OPELIKA RD,
01KP4C82J6PP2M4ZKAY041HEHP,{A4E49B81-3990-4636-B08C-531750BD10A8},KEYSTONE DR,71,B,9.63,asphalt,2,346.28409420071944,60,6,1 Years and 8 Months,23865.569977938147,paved,,City,Residential Collector,,,BLUESTONE CT,KENNESAW LN
01KP4C82N25GHH00AKA8RTJE17,{6C7935E1-77BE-4B76-AD9D-4DA662D7EB95},CHEROKEE RD,71,B,4.84,asphalt,2,1381.2148118277662,50,20,5 Years and 8 Months,79326.67449040976,paved,,City,Local,,,SHELTON MILL RD,BIBB AV
01KP4C8ARJ0JXEM9EGT6ZQ3ZDQ,{E7ABC7E1-FE6E-454D-AC83-97A99232982B},GREEN BRIAR LN,71,B,'-6,asphalt,2,431.6159202403346,60,20,5 Years and 8 Months,29746.558160182678,paved,,City,Local,,,WHIPPOORWILL ST,
01KP4C7R7VCEH175J04YM87287,{83265EB5-3C31-4D5E-B5DF-64937AAD3E6C},RICHLAND RD,71,B,'-1.87,asphalt,2,355.89354304062897,80,14,4 Years,32703.792053504905,paved,,City,Arterial,,,,TANNEHILL ST
01KP4C7Z997RDT90JPFKC5MFW9,{DFA5B3AF-A264-4C82-A63E-4F7371CF74A4},NORTHSTAR CT,71,B,3.44,asphalt,2,324.16627116173265,50,20,5 Years and 8 Months,18617.692232237132,paved,,City,Cul-de-sac,,,NORTHPOINTE DR,
01KP4C7ZBW5S7QW8BTECM81Z8Z,{3F3E40DE-6E27-4A5C-AE1C-9D2C953E5827},CAROLYN CT,71,B,19.25,asphalt,2,184.12334290153703,60,20,5 Years and 8 Months,12689.605437209262,paved,,City,Cul-de-sac,,,E UNIVERSITY DR,
01KP4C82FE247ZB2AZKA030ZEQ,{3D10B7EF-91B6-4017-841D-CD277E600547},EASTWOOD ST,71,B,1.5,asphalt,2,201.4123526181572,60,20,5 Years and 8 Months,13881.147521155188,paved,,City,Local,,,CARTER ST,MCKINLEY AV
01KP4C82H9C0V44TFRNG1MSS6A,{9720B011-77E4-4823-A9D7-588FF24EE5DA},KEYSTONE DR,71,B,'-0.12,asphalt,2,451.01334143564395,60,12,3 Years and 5 Months,31083.409955228926,paved,,City,Residential Collector,,,PIEDMONT DR,BLUESTONE CT
01KP4C82HVDWWS804CX812ERAR,{9A754208-46EE-4B19-8FCC-C1B501157A6D},KENT DR,71,B,'-4.08,asphalt,2,582.7224785688275,50,20,5 Years and 8 Months,33467.23187431206,paved,,City,Local,,,REEDE ST,
01KP4C7Z8KYWV7KJFQER82878R,{F8292C7C-FF66-48DF-8B0B-D7CAA9777227},SANDERS ST,71,B,1.88,asphalt,2,536.7184319900574,50,30,8 Years and 6 Months,30825.102643619444,paved,,City,Residential Collector,,,N CARY DR,LAUREL DR
01KP4C832ZF423NBHX48MF0299,{2D1F0261-FCA2-4013-8964-AB67E5410425},BARKLEY CREST LN,71,B,'-0.06,asphalt,2,475.95257057463664,50,6,1 Years and 8 Months,27335.164896534592,paved,,City,Local,,,BARKLEY CREST DR,BARKLEY CREST CIR
01KP4C82R987JF7Q3EQXRAF4B9,{89CE9EB5-71EA-4B1A-8984-79E4A8594511},KELLIE LN,71,B,3,asphalt,2,148.3596687064729,50,20,5 Years and 8 Months,8520.672560272944,paved,,City,Cul-de-sac,,,IVY LN,
01KP4C82X6QXH1FPQDKE4ASFBM,{23DEE817-FAF2-4B3A-9080-4AC01D0814BB},LUNSFORD DR,71,B,'-9.75,asphalt,2,397.4316374555882,50,6,1 Years and 8 Months,22825.508289264795,paved,,City,Local,,,,
01KP4C8309ESK8DQK4QABQCS73,{CC79D47D-58AE-4137-BE48-CEA2271319AB},NELOCCO DR,71,B,'-1.3,asphalt,2,653.7509596465834,40,20,5 Years and 8 Months,30037.262345920644,paved,,City,Local,,,E SAMFORD AV,
01KP4C85FT8H1B7KRN80T1EJPF,{0DD817BA-0C8C-4E89-AD90-42A25F1A9C55},HAMILTON HILLS CT,71,B,'-1.42,asphalt,2,668.0707850749262,50,20,5 Years and 8 Months,38369.00187456114,paved,,City,Cul-de-sac,,,HAMILTON HILLS LN,
01KP4C85NNTWEJHCEMA2FKKFHT,{5B88B228-F4DD-4545-BFA3-FA6B80323BEC},HAMPSHIRE CT,71,B,8.31,asphalt,2,302.2630830537141,50,20,5 Years and 8 Months,17359.736512049225,paved,,City,Cul-de-sac,,,MONTICELLO DR,
01KP4C85SAVEQCGQXXA7R4FJD9,{7C34160C-37EE-44F8-98A6-6A36D315B8A5},INDIAN HILL RD,71,B,'-3.62,asphalt,2,251.1259726559612,60,20,5 Years and 8 Months,17307.362867855838,paved,,City,Local,,,CREEK NATION DR,
01KP4C85TGZMYZ3W93RWAP4KN9,{08588744-9A51-4885-8DA1-E97C0B706A5F},BLUE CREEK LN,71,B,'-9.62,asphalt,2,382.3781799388284,50,20,5 Years and 8 Months,21960.949993074064,paved,,City,Cul-de-sac,,,,MORGAN DR
01KP4C8ANHH32TQ1B71FZFV4QT,{0875C853-47A0-47D5-855C-86BFFD07FFD0},CARY DR,71,B,5,asphalt,2,1017.8634178362115,60,30,8 Years and 6 Months,70150.17736354041,paved,,City,Local,,,BAYTREE LN,
01KP4C85H2FBR7K8P5JJ2562SV,{06B407B4-ED2D-4DF5-8339-5B529120262D},TALHIEM DR,71,B,18.67,asphalt,2,646.7736378816492,60,20,5 Years and 8 Months,44575.023147910026,paved,,City,Local,,,,TALHIEM ST
01KP4C8615SF4BGAE8WDA6B74S,{E523C479-2EAC-468A-900A-2F446DA10805},MONTICELLO DR,71,B,15.25,asphalt,2,346.4704028727832,24,30,8 Years and 6 Months,9551.364077671982,paved,,City,Residential Collector,,,CONCORDE CT,FARMVILLE LAKES DR
01KP4C8AABVS89MV0Y899QKM6M,{3C3B6F5E-F189-4CE2-B61E-73B029F4AF83},PAM CIR,71,B,7,asphalt,2,335.317364272668,70,20,5 Years and 8 Months,26961.378961768463,paved,,City,Local,,,PAM ST,MIMMS TRL
01KP4C8ABNCENVA1SY0PJE923H,{DECD415D-9619-43E1-BA51-CCB736DD2398},PARSONS CIR,71,B,'-24,asphalt,2,302.84519806871026,50,20,5 Years and 8 Months,17393.16885574779,paved,,City,Cul-de-sac,,,KEYSTONE DR,
01KP4C8ABS22VDB8BTWTV7FM8H,{A2298F62-F5D5-4173-8451-D74DE61FC1FF},BENZ CT,71,B,5.25,asphalt,2,126.39684878162225,50,20,5 Years and 8 Months,7259.292033398489,paved,,City,Cul-de-sac,,,BRIDGEWATER BLVD,
01KP4C8ACP9GTXEP07WEQ3WXMH,{9DC6344F-B8F6-433D-93E1-ABC49B19C909},BONNY GLEN RD,71,B,3.83,asphalt,2,839.4713702828071,50,20,5 Years and 8 Months,48212.97278612329,paved,,City,Local,,,CHAMPIONS BLVD,
01KP4C82MRTRDT8SJ79ZYAAEPK,{6E083C1D-F64C-470E-ABBB-5A570496E40D},S GAY ST,71,B,'-12.17,asphalt,2,732.3498472807995,50,6,1 Years and 8 Months,42060.71166545638,paved,,City,Collector,,,MARION CIR,VIRGINIA AV
01KP4C7YYSTWQ33NTPA6NM1EWW,{24CAF68B-4565-45C0-A687-A83079D2ED2E},S GAY ST,71,B,'-4.75,asphalt,2,399.66445114963244,50,6,1 Years and 8 Months,22953.744450351707,paved,,City,Collector,,,REESE AV,MARION CIR
01KP4C8AFB44SZ5P1CW3RHHAK7,{14E49432-DD3E-4B02-932A-07F143906958},CAPRI WAY,71,B,'-4.75,asphalt,2,299.1514278505316,50,30,8 Years and 6 Months,17181.026251114065,paved,,City,Local,,,TUSCANY HILLS DR,FLAGSTONE PL
01KP4C8AGF9C8YCZES25KZY1KG,{E778B2D0-9950-4E1A-8DBD-393B5CB08659},MOORES MILL RD,71,B,'-4.62,asphalt,2,1001.1545427640405,24,8,2 Years and 3 Months,27599.4470427123,paved,,City,Arterial,,,E UNIVERSITY DR,WEATHERFORD ST
01KP4C8AQPVSH16SXK8WCH368F,{56A89F83-57FE-4E18-B229-6D8BE2C73339},BUCEES BLVD,71,B,'-6,asphalt,2,1174.9203214740987,24,20,5 Years and 8 Months,32389.755833704065,paved,,City,Local Commercial,,,COX RD,
01KP4C8ASBMCSR2MQY7TMFA9HF,{33947C65-A52A-4FD2-A28E-3C0A79BD80BF},CHIPPER CT,71,B,'-4,asphalt,2,227.39173937586705,50,30,8 Years and 6 Months,13059.685095186202,paved,,City,Local,,,MILL CREEK RD,BUNKER DR
01KP4C8DTA8QYEDVRYZZAR7VV5,{D5D0C066-3B09-4E94-898C-3D26E75CB932},NORTH AV,71,B,'-0.5,asphalt,2,152.08904174367058,40,20,5 Years and 8 Months,6987.887940178235,paved,,City,Local,,,N COLLEGE ST,
01KP4C8DTHSNQ2E51BC53WGW3R,{B215F407-6FDA-4D29-AB50-18F07DC5FED6},WOODFIELD DR,71,B,'-0.56,asphalt,2,972.6196644173837,30,20,5 Years and 8 Months,33516.01048360189,paved,,City,Collector,,,S COLLEGE ST,
01KP4C8DVBHS44T4V48EFFGAQ0,{1E5AE8D0-30F6-4DEA-88B4-6AFF99D8B894},SOPHIA CT,71,B,'-4.25,asphalt,2,174.54259916087446,24,30,8 Years and 6 Months,4811.723881248258,paved,,City,Local,,,,CANTERA CT
01KP4C8DVBH00FXQ7ZD24724F2,{D9C9D6FE-675A-4495-A662-9ABDEE809581},CANTERA CT,71,B,1.13,asphalt,2,307.47402676523836,50,30,8 Years and 6 Months,17659.01424354482,paved,,City,Local,,,,SOPHIA CT
01KP4C8DY34EAJKR599PY7Z368,{A83BDD04-CB1B-49E9-9AA0-D7560EAC1D3A},PRESERVE DR,71,B,11,asphalt,2,211.6944730217477,60,20,5 Years and 8 Months,14589.78146687502,paved,,City,Local,,,DALBY PL,
01KP4C8E5JYCWKK76YTCAJF2C3,{7B29E802-7976-4FFB-B0EE-2F40C4E2DDF6},COTSWOLD WAY,71,B,17.63,asphalt,2,337.0936324855678,60,20,5 Years and 8 Months,23232.172109350584,paved,,City,Residential Collector,,,BARNSLEY ST,CHERINGTON DR
01KP4C82KPD2D38KZF0H16NZ44,{658D5693-B207-4B41-BF37-2D5B1F398BCA},S GAY ST,71,B,'-1.75,asphalt,2,376.2586767920565,60,6,1 Years and 8 Months,25931.38966291159,paved,,City,Collector,,,AZALEA DR,LOFTIN DR
01KP4C7ZM4VJDAY2NCT0ACY3AF,{5015424B-8536-4A6C-B7EA-5B5A2692199D},CAUTHEN CT,71,B,9.63,asphalt,2,145.0347727811786,24,20,5 Years and 8 Months,3998.2633646895188,paved,,City,Cul-de-sac,,,MARY LN,
01KP4C82GPHPDG0MCHJC9D3SGJ,{1856CAEE-247A-456B-97C3-C8DE6C0E8ACA},PLACID WOOD RD,71,B,15.75,asphalt,2,330.08237062718746,60,20,5 Years and 8 Months,22748.962619463255,paved,,City,Cul-de-sac,,,WHISPER RIDGE RD,
01KP4C82HGTKPCXHPVYTX44GP1,{C4F0F216-5539-4553-8970-21580C00AA85},CORE DR,71,B,'-5.69,asphalt,2,516.5478860907633,50,20,5 Years and 8 Months,29666.656965839753,paved,,City,Local,,,DELLIA DR,JOYE PASS
01KP4C85TKFZKT154Y3JQGFSKM,{3E097DD3-22F8-40A0-8A20-48BF4F46A2CB},KARLEE CT,71,B,'-9.75,asphalt,2,160.96131438897353,50,20,5 Years and 8 Months,9244.417075998468,paved,,City,Local,,,OAKDALE DR,
01KP4C8AAGBRH4ZZQQPMDSW1K2,{2357996C-35FE-4859-B6C2-8D75406E6C21},HAMILTON RD,71,B,'-4.75,asphalt,2,1135.5410425065281,80,20,5 Years and 8 Months,104347.20957585386,paved,,City,Collector,,,SUMMERLIN DR,BONNY GLEN RD
01KP4C8AGDAC99J9HG20NAT8XT,{E3DFC01E-964C-45D3-AAE8-819803E08622},SUMMERLIN CIR,71,B,'-1.33,asphalt,2,1262.1060201989883,50,20,5 Years and 8 Months,72485.95408865061,paved,,City,Local,,,TALMAGE LN,SUMMERLIN DR
01KP4C8ACTV3KZJ60BPZ7V0GS8,{D72C912A-2645-4E7A-9CFE-5D2AFFE6D63C},REDTAIL LN,71,B,11.4,asphalt,2,1285.4644293774306,50,30,8 Years and 6 Months,73827.48685071252,paved,,City,Local,,,SEQUOIA DR,
01KP4C8ABZR23C2NN04ZDJK1DS,{6A161056-AC03-44F7-B920-F615DB8BBB0E},CHAMPIONS BLVD,71,B,5.75,asphalt,2,132.2666956588297,50,20,5 Years and 8 Months,7596.412247104136,paved,,City,Local,,,GLENVIEW CT,BONNY GLEN RD
01KP4C7Z6CTNFP8Z40QATQW2TY,{40AE7B25-7886-4D2A-9FDC-F9C003FEDE6D},VICKERSTAFF ST,71,B,'-5.37,asphalt,2,566.7325232015245,40,20,5 Years and 8 Months,26039.110502525917,paved,,City,Local,,,ZELLARS AV,TUCKER AV
01KP4C8DWT8N2D606S5H7GZZ5Q,{65131170-0B9E-47B3-8D78-3351B6D93D13},CROSBY CIR,71,B,'-4.5,asphalt,2,262.2375168096057,60,20,5 Years and 8 Months,18073.159908502013,paved,,City,Cul-de-sac,,,N DONAHUE DR,
01KP4C7ZEJ09PQ5AXJ14JXE32W,{ECE0427C-CDDE-451C-8E4E-E6FB41B2EDF5},W FARMVILLE RD,71,B,15.75,asphalt,2,556.0928727510359,80,30,8 Years and 6 Months,51100.521570322184,paved,,City,Arterial,,,AUBURN LAKES RD,
01KP4C7Z3EGC5ZHBTEEZDTD3ZM,{115066B9-20A8-452E-9478-B4AB86D5E409},E GLENN AV,71,B,16.25,asphalt,2,282.6281733839238,80,12,3 Years and 5 Months,25971.28605324145,paved,,City,Arterial,,,COOK ST,N DEBARDELEBEN ST
01KP4C7VNS2NCYVQMBR11TJ0Q8,{E6B925C2-1310-49CD-B53E-E49A7DB38D6E},HEARD AV,71,B,'-0.5,asphalt,2,1104.7369245519421,60,20,5 Years and 8 Months,76137.41670971552,paved,,City,Local,,,SHERWOOD DR,JANET DR
01KP4C82M1MVKMYP98705410K9,{2E07BF58-CCFA-4E95-B4A1-5BAF8623994B},WRIGHTS MILL RD,71,B,3.83,asphalt,2,746.8457868575788,60,20,5 Years and 8 Months,51471.90034852257,paved,,City,Collector,,,JANET DR,LOFTIN DR
01KP4C7ZGQ4FYG301ZHD64932K,{907015B9-D1FF-4AEC-834E-4C00D2C45BB6},HAMILTON RD,71,B,1.6,asphalt,2,1216.1947245568367,80,20,5 Years and 8 Months,111758.64284768954,paved,,City,Collector,,,,BENT CREEK RD
01KP4C82WJVMS6TM4S0XATC1A7,{89A67E64-9F35-49E9-AABB-C4BE88008C16},AMBERTON CT,71,B,6,asphalt,2,696.2020413442281,50,28,7 Years and 11 Months,39984.65136656751,paved,,City,Cul-de-sac,,,ASHETON LN,
01KP4C7ZBJDX9Z1M8X27RFSQ9Z,{E5BD5C9C-7AB6-4EFD-8928-7EAAC0D45E27},WIRE RD,71,B,11.42,asphalt,2,667.8182007274565,24,14,4 Years,18410.15775072091,paved,,City,Arterial,,,,
01KP4C7W573V8EZXT09P2PGM79,{2919B1AB-28F6-4934-BAD5-B06FFE6A9EBE},WIRE RD,71,B,'-2,asphalt,2,173.458498195517,24,24,6 Years and 10 Months,4781.837798826129,paved,,City,Arterial,,,,
01KP4C82RMG2XMXX59EDDW04PP,{0053FEFA-1611-415B-8CF6-40635BC1EFB5},W DRAKE AV,71,B,'-4.08,asphalt,2,631.935557951422,24,8,2 Years and 3 Months,17420.958724249387,paved,,City,Collector,,,N COLLEGE ST,SANDERS ST
01KP4C7Z3PG4CVQNC2FG2P68NM,{98FBE83F-7135-417F-BCF4-4F95813F6F8D},MARTIN LUTHER KING DR,71,B,0.04,asphalt,2,619.3520316113363,80,6,1 Years and 8 Months,56913.53621276742,paved,,City,Arterial,,,BYRD ST,JORDAN ST
01KP4C7W64XNPCMM4EABX7C66C,{28EC0106-1386-49B3-84BF-8E889AD9D84D},VFW RD,71,B,'-1.62,asphalt,2,458.56558818395183,60,20,5 Years and 8 Months,31603.903608506353,paved,,City,Local,,,BINFORD DR,JACKSON BLVD
01KP4C7RMAF7SC0N7PGNJY1W7R,{ACB30153-ACDE-463E-88DE-563282CFC2FF},WEBSTER RD,71,B,'-7.25,asphalt,2,546.7289253109942,80,30,8 Years and 6 Months,50240.04911762552,paved,,City,Collector,,,,WIRE RD
01KP4C7Z8VEEX5J01TTV3YFG9M,{9D2D3FF4-77C9-4D0D-86D1-10D80DABCD68},CARY DR,71,B,'-5.75,asphalt,2,757.1748387196833,60,30,8 Years and 6 Months,52183.76876566656,paved,,City,Local,,,THORNAPPLE LN,N CARY DR
01KP4C7ZG4DB8B8Y0QDM982PSG,{C5FE2492-B06C-4DAE-8284-B3BC639BFD4E},MILL CREEK RD,71,B,11.17,asphalt,2,625.4083680462621,60,30,8 Years and 6 Months,43102.5490987312,paved,,City,Collector,,,CHIPPER CT,LEE RD 945
01KP4C836KZACDF646WJC3E626,{15B62618-E2D5-4716-BBB6-D342CF0E3591},E UNIVERSITY DR,71,B,1,asphalt,2,424.56661100177746,24,12,3 Years and 5 Months,11704.290592435664,paved,,City,Arterial,,,N DEAN RD,
01KP4C85HB01VVBK784EZ49TKC,{47CE3802-4A70-4124-9325-7ECF3A189997},N ROSS ST,71,B,'-11.12,asphalt,2,911.2232144258594,45,6,1 Years and 8 Months,47100.477079948076,paved,,City,Collector,,,E MAGNOLIA AV,E GLENN AV
01KP4C8356YQX4PK286696HBGH,{E2815AD0-FF8B-489A-93E9-B669A89E5736},N DONAHUE DR,71,B,9.38,asphalt,2,894.9910621146231,80,16,4 Years and 6 Months,82242.57550466628,paved,,City,Arterial,,,SHUG JORDAN PKWY,
01KP4C7Z39E99CWT01D3CS9WXN,{C95BEF47-255D-49B4-970B-4601C420F131},E GLENN AV,71,B,2.94,asphalt,2,375.8388965972971,80,10,2 Years and 10 Months,34536.6117489059,paved,,City,Arterial,,,N DEBARDELEBEN ST,N RYAN ST
01KP4C8DRTX7A3HFC1GG73K2VQ,{E8F658D0-4CF8-4D2D-A9DC-6EFD2989448B},,71,B,3.29,asphalt,2,2338.971040658779,24,20,5 Years and 8 Months,64479.8626122943,paved,,City,Driveway,,,,
01KP4C7R04H92EYD29PHP0CE40,{1E88181A-0626-4D94-9915-05CE47C95F96},MARA VISTA DR,71,B,0.33,asphalt,2,740.2414433054139,50,20,5 Years and 8 Months,42513.94606729863,paved,,City,Local,,,RAVENWOOD DR,ARBOR RIDGE DR
01KP4C8ADJBRSWRYYG9JM9D2E9,{7E6B5052-CFBD-4C4E-81B4-5C39BE9ED8EE},RICHLAND RD,71,B,'-2,asphalt,2,235.054889797349,24,30,8 Years and 6 Months,6479.903657213394,paved,,City,Local,,,SHUG JORDAN PKWY,JUDD AV
01KP4C7YZD1FTTZ4WXYYAXRJ6Q,{57F0F63B-FDD4-4637-96A0-0907651AB9E4},WRIGHTS MILL RD,71,B,'-3.71,asphalt,2,732.4585235003619,50,20,5 Years and 8 Months,42066.95321674897,paved,,City,Collector,,,E SAMFORD AV,REESE AV
01KP4C82FPNGM6YD3SAYDQMZ8Z,{38CA193A-FE24-4CA8-B591-DF2B15460553},N DONAHUE DR,71,B,3.5,asphalt,2,396.82756794662487,90,28,7 Years and 11 Months,41023.467077796435,paved,,City,Arterial,,,POPLAR RIDGE DR,S CAMDEN CT
01KP4C82GD3CEEQD6KT8YQSB90,{3BA6EEC5-E9E8-46CA-AE5C-93D9FAB8D87F},E UNIVERSITY DR,71,B,'-3,asphalt,2,196.1391734385152,80,20,5 Years and 8 Months,18023.63337889289,paved,,City,Arterial,,,KATIE LN,HILLSIDE CT
01KP4C8ABG2Q6J82M5YCEQV380,{BCBB71AD-80AF-45EA-A81A-E15E784DECA4},DUMAS DR,71,B,'-3.62,asphalt,2,759.2814362575763,60,20,5 Years and 8 Months,52328.95346169477,paved,,City,Local,,,WRIGHTS MILL RD,HEARD AV
01KP4C8AKJGQK61NM6M9PQSGTF,{FCA645DE-4631-44FD-BB3D-63857297A956},OGLETREE RD,71,B,'-7.75,asphalt,2,349.6640856267851,80,6,1 Years and 8 Months,32131.35435731085,paved,,City,Collector,,,,OAK KNOLL CIR
01KP4C837371VYNTXZHB3PF4W6,{EDCABAF6-35C0-4611-9F05-95F5289DAD18},S ROSS ST,71,B,17,asphalt,2,164.32852413238058,45,30,8 Years and 6 Months,8494.024034885515,paved,,City,Collector,,,ROSS CIR,CHEWACLA DR
01KP4C8611YH52Z7YXW65YDHS2,{5E0C935D-F33D-48CD-BF04-B883B2DE1C2E},N DONAHUE DR,71,B,0.63,asphalt,2,266.1573322401508,60,30,8 Years and 6 Months,18343.30985481763,paved,,City,Local,,,,OVERHILL CT
01KP4C7RMS96PCEB31SDZSR7VY,{1EE90C53-3680-4688-920B-66A43F8C1799},SHELTON MILL RD,71,B,5.93,asphalt,2,1758.3696481271245,80,26,7 Years and 4 Months,161580.21534821505,paved,,City,Arterial,,,,BRIDLEWOOD DR
01KP4C7ZJY4ZB4V0HC6METKRX7,{E4DDD779-86D6-464C-9B18-007522E2C9FE},BARKLEY CIR,71,B,'-14.5,asphalt,2,253.08034930137833,50,20,5 Years and 8 Months,14535.047204122411,paved,,City,Cul-de-sac,,,ABBY RD,
01KP4C8A87EDZC1GVCKYBD9RJH,{54774CF5-A731-4174-8688-7A8B18C420D0},E SAMFORD AV,71,B,'-5.97,asphalt,2,1286.9187858994862,80,20,5 Years and 8 Months,118257.62278300484,paved,,City,Arterial,,,,
01KP4C7Z4GVXCYKMPFGHY4K57R,{C08EB44C-05AB-422D-B283-B7B377FEFA29},FOSTER ST,71,B,7,asphalt,2,443.7638349268226,40,20,5 Years and 8 Months,20389.187247288588,paved,,City,Residential Collector,,,MARTIN LUTHER KING DR,SLAUGHTER AV
01KP4C7W7ERSXD89QK0635CRY6,{E70A02F5-B04E-4855-9402-0E906B5F20CC},BEDFORD CT,71,B,'-13.25,asphalt,2,354.1947623608521,50,20,5 Years and 8 Months,20342.304744637353,paved,,City,Local,,,MALONE CT,MONTROSE RD
01KP4C7R79X5AP92G8GRNPXNRR,{2F8D0104-7DEC-441F-BE72-22D54CD92BBE},JAMES BURT PKWY,71,B,'-1.16,asphalt,2,872.0865404308759,24,30,8 Years and 6 Months,24041.34952315441,paved,,City,Residential Collector,,,N DONAHUE DR,GREY OAK CIR
01KP4C7ZN0J048T3933QFXGMGD,{A15F9F04-F6D8-4F30-97F3-6AB5DA9B1F9A},DEKALB ST,71,B,8.5,asphalt,2,252.79401021149928,60,20,5 Years and 8 Months,17422.322427576324,paved,,City,Residential Collector,,,CHICKASAW AV,CHEYENNE AV
01KP4C82YHH8TBY25SVQAPJQ98,{7CA227C6-A291-43D9-B4C2-1CCC9ADD4192},DEKALB ST,71,B,'-2.5,asphalt,2,258.719594677169,60,20,5 Years and 8 Months,17830.70806553651,paved,,City,Residential Collector,,,E UNIVERSITY DR,CHOCTAW AV
01KP4C8DTHTHABA38V17BTSQTQ,{17CA03D4-11A0-432F-824C-E65F80903BB8},WRIGHTS MILL RD,71,B,'-9.62,asphalt,2,303.6745408855588,50,20,5 Years and 8 Months,17440.800119986874,paved,,City,Collector,,,,DUMAS DR
01KP4C7W024AAB1F7BEWSFQFJ9,{AFBE76C9-9597-429C-8A71-242E0BBB8354},JENNIFER DR,71,B,'-4,asphalt,2,748.0695733424973,60,20,5 Years and 8 Months,51556.242547552196,paved,,City,Local,,,LONGWOOD DR,JOHNS CIR
01KP4C7W3Q174K3VNBRD8GMESY,{D3AC8CA4-6F76-4604-9ED9-26D1E0FB40E6},SAINT JOHN CT,71,B,'-13.12,asphalt,2,314.66351363603945,50,20,5 Years and 8 Months,18071.924733549204,paved,,City,Cul-de-sac,,,SAINT JAMES DR,
01KP4C8ACN0VWQ2F23BKSG2SY6,{B78DA29D-0131-445C-8A91-13ACC689800A},DOWNS WAY,71,B,'-1.5,asphalt,2,715.7367359613348,60,20,5 Years and 8 Months,49327.89418842095,paved,,City,Residential Collector,,,MEAGAN LN,
01KP4C7W74N2C6JRNCK6H52XV4,{ED49C558-F0E6-4542-84FD-642702EB7E8E},WINDSOR DR,71,B,6.25,asphalt,2,237.43763717936395,60,14,4 Years,16363.975823318731,paved,,City,Local,,,WINDSOR CT,
01KP4C82G75P2G9BC0X6T5M4SG,{5372614F-8841-4534-A235-7F7C9E484E4F},OGLETREE RD,71,B,4.4,asphalt,2,1333.796281292826,70,26,7 Years and 4 Months,107244.63099528372,paved,,City,Collector,,,OLD COUNTRY RD,MORGAN DR
01KP4C82R4Y9FM2A17ZE2R8AK0,{C7304B43-7266-4164-AFC1-9CCDDCF08DDB},E GLENN AV,71,B,'-0.94,asphalt,2,560.3772332713647,150,26,7 Years and 4 Months,96551.66306114836,paved,,City,Arterial,,,SHORT ST,CHERRY ST
01KP4C85NDHZPTRBEVDG2BKZ79,{BDB34664-06D8-4176-B907-7E1166496D62},FALLS CREST DR,71,B,'-12.25,asphalt,2,118.48796778405243,50,30,8 Years and 6 Months,6805.064911661074,paved,,City,Local,,,,
01KP4C82HRA5CFWDNQA9GY4Z2T,{DE560520-AA88-4665-B8D7-168C41D4A584},BLACKMAN CIR,71,B,5,asphalt,2,260.12177587832855,50,20,5 Years and 8 Months,14939.454215424797,paved,,City,Cul-de-sac,,,GLENN BROOKE DR,
01KP4C7Z3GSMJX6ZH5Y4FNC5KE,{CBDF81F9-AE15-4B8B-B619-43D28B9B23FF},E GLENN AV,71,B,20.33,asphalt,2,575.3093422571162,62,18,5 Years and 1 Months,40971.43101985787,paved,,City,Arterial,,,N GAY ST,BURTON ST
01KP4C82S22MG8CE7NNQEA0RYS,{F33C5984-8B6F-4534-9550-ED67BCA62792},TUCKER AV,71,B,33.5,asphalt,2,81.8773044951925,50,20,5 Years and 8 Months,4702.421539519529,paved,,City,Local,,,VICKERSTAFF ST,VICKERSTAFF ST
01KP4C7QTDVX8BM8VGRQW7QT1H,{CCF65AA3-C8A9-4103-86D2-5B7DD57507F7},WILDWOOD DR,71,B,'-10,asphalt,2,208.14419985776712,60,20,5 Years and 8 Months,14345.100021626014,paved,,City,Local,,,DEER RUN RD,
01KP4C7YYQ2TE9W5RFV70QJCHY,{CE029A21-3030-4375-97D4-82141C3073FC},S COLLEGE ST,71,B,39,asphalt,2,164.83297566468144,80,18,5 Years and 1 Months,15146.842265364667,paved,,City,Arterial,,,REESE AV,GARDEN DR
01KP4C8ANYBHGJ6DY175M5W4N3,{5E39AF97-A70C-481D-A6C0-5F60B01C9247},S BROOKWOOD DR,71,B,'-5.5,asphalt,2,30.241588857144997,60,20,5 Years and 8 Months,2084.221502521236,paved,,City,Local,,,,BOWDEN DR
01KP4C82F88GQENGC06YT6BJ9R,{E79FCFF0-8D99-403E-83A9-1BDF6D6BF507},S BROOKWOOD DR,71,B,'-22.25,asphalt,2,327.6054710110126,50,20,5 Years and 8 Months,18815.214214057083,paved,,City,Local,,,HOMEWOOD DR,E THACH AV
01KP4C8DRV5P37D5CAS1EPJ5GX,{8A82F549-C024-4C9F-BBA6-3A89687C7133},,71,B,'-1.56,concrete,2,310.96353548581044,24,30,8 Years and 6 Months,5018.852744158287,paved,,City,Driveway,,,,
01KP4C82HR8JS5X9T74GHN0AXW,{48465839-447E-4BDE-AA87-1DE071B00BE8},GLENN BROOKE DR,71,B,'-5.69,asphalt,2,308.0301606452067,50,20,5 Years and 8 Months,17690.954424674906,paved,,City,Local,,,BENT BROOKE DR,HUNTING CREEK CT
01KP4C85RFQR17QY16M47R8W3H,{112E988A-6890-4F22-986E-9EA2837A0EF6},OGLETREE RD,71,B,9,asphalt,2,393.9353626700855,70,30,8 Years and 6 Months,31674.59168846748,paved,,City,Collector,,,MORGAN DR,EASTON CT
01KP4C82W4PW4EQTPT9EPJB98K,{ECE24E88-0937-4FCE-BC89-664C9679CD06},FOSTER ST,71,B,'-6,asphalt,2,203.75534533548375,50,20,5 Years and 8 Months,11702.186956509748,paved,,City,Residential Collector,,,STUBB AV,HOLMES AV
01KP4C85G32JAKGMZCTZK9DZR7,{BF5E22E6-B1EE-469E-A69E-9A0B8D622726},MULBERRY CT,71,B,3.67,asphalt,2,589.5087434754863,50,20,5 Years and 8 Months,33856.98430285997,paved,,City,Cul-de-sac,,,CHESTNUT DR,
01KP4C8E5VRD8BR11C2QQ1W4A4,{69DCBA00-6D08-41AD-995E-A162496F9323},SLAUGHTER AV,71,B,0.88,asphalt,2,321.42658946300367,50,20,5 Years and 8 Months,18460.34535435735,paved,,City,Local,,,FOSTER ST,JONES ST
01KP4C8344E6XF4XE2CYZPET9Q,{BC3DDFB5-0872-4A28-9128-8023E7BC1416},PINEDALE DR,71,B,0.17,asphalt,2,647.3211337929522,45,20,5 Years and 8 Months,33459.56703351928,paved,,City,Local,,,,
01KP4C7YWAS23YEX2SH4B73J2M,{9A655466-1515-4FD1-81C3-585FDA3AAC61},MOORES MILL DR,71,B,'-3,asphalt,2,539.4594294634701,50,20,5 Years and 8 Months,30982.525089780953,paved,,City,Residential Collector,,,WOODBERRY CIR,COVINGTON RDG
01KP4C82KYNJBVGDEGT1V7N1AD,{8321661D-9B9C-4F1A-B483-14C180ECAF05},HAMILTON RD,71,B,1.92,asphalt,2,718.9455301116548,80,6,1 Years and 8 Months,66065.38830035542,paved,,City,Collector,,,MOORES MILL RD,ANNABROOK DR
01KP4C85RXVWSY8H6XSK9QABWE,{4A4B8E10-A713-4A4F-AF0A-4E4AC3AC22D1},PIEDMONT DR,71,B,8.17,asphalt,2,597.3624375977932,60,30,8 Years and 6 Months,41169.65028263267,paved,,City,Residential Collector,,,SCARSBORO LN,TALCOTT CT
01KP4C8ABXBNMS48JN3VFDFSCY,{7DFDD16D-28A5-4BCB-9D07-F9EE532252BB},OVERBROOK CIR,71,B,7.5,asphalt,2,179.2965266742341,50,20,5 Years and 8 Months,10297.45488315948,paved,,City,Cul-de-sac,,,OVERBROOK LN,
01KP4C8AAXNS7EX2VM48WDGRV7,{AC216409-40E8-493E-A7BB-BD543D561451},COTSWOLD WAY,71,B,'-9,asphalt,2,257.9076961257564,60,20,5 Years and 8 Months,17774.752790609866,paved,,City,Residential Collector,,,,DUNKIRK CIR
01KP4C8A9622JSKENC42JDDZXX,{B867245D-04E1-4D31-A7B6-CA9C3C061413},E VETERANS BLVD,71,B,6.25,asphalt,2,923.1204886776741,60,26,7 Years and 4 Months,63620.58491729513,paved,,City,Collector,,,SPIRIT DR,
01KP4C85RV36CSRRGG53XJ428F,{CE4113AD-8910-4D47-94E6-ADE41E3785B1},CRESCENT BLVD,71,B,'-0.63,asphalt,2,2211.755747575946,60,30,8 Years and 6 Months,152432.09968888888,paved,,City,Local,,,PIEDMONT DR,PIEDMONT DR
01KP4C7ZKWFWRNZWM97215CTH1,{55EA5E2A-A607-421A-A629-94C37C63B75A},MARY LN,71,B,'-9,asphalt,2,320.4603033613509,60,8,2 Years and 3 Months,22085.818907375386,paved,,City,Local,,,CAUTHEN CT,HARRIS AV
01KP4C7YS4YSB7Z27PK2E4EH1P,{B34EB9AF-6B0E-4A9F-B1AC-10F23088F355},OGLETREE RD,71,B,'-1.5,asphalt,2,244.50719055434237,80,30,8 Years and 6 Months,22468.270278685697,paved,,City,Collector,,,WINDWAY RD,PUMPHOUSE RD
01KP4C8AQ9D9VTQ02547V0FDMW,{C4B5D9FE-D5AF-4C6B-B9E2-05EEBCE87897},E SAMFORD AV,71,B,'-9,asphalt,2,687.8614374498216,80,20,5 Years and 8 Months,63209.00688388104,paved,,City,Arterial,,,SAMFORD TRACE CT,
01KP4C82KD3B0Y0M9GZFTDK5YR,{07634887-4F1B-4CE4-8E4D-F4FB04CF9D1E},E UNIVERSITY DR,71,B,27.5,asphalt,2,157.3056900162532,80,28,7 Years and 11 Months,14455.144454636398,paved,,City,Arterial,,,WINDSOR DR,SUMMERTREES DR
01KP4C7R01EN0ADS88H0RJVZR2,{56F5F677-4EAA-40E5-8358-545C4B8522A7},MARA VISTA DR,71,B,7.25,asphalt,2,222.3742368470345,50,20,5 Years and 8 Months,12771.517182091786,paved,,City,Local,,,SEMAPHORE DR,RAVENWOOD DR
01KP4C7Z2ZDW2T4KX6S198TE0G,{AF79948F-8D51-41E8-9C80-157769DBA9F6},W GLENN AV,71,B,17.75,asphalt,2,529.552370315991,50,26,7 Years and 4 Months,30413.537522156097,paved,,City,Arterial,,,TOOMER ST,THOMAS ST
01KP4C7Z6M1Q434V9DKKM2Z11Z,{22F59E79-E5EB-42B2-A707-769DE3E06F08},N DONAHUE DR,71,B,8.67,asphalt,2,734.2306157803525,60,30,8 Years and 6 Months,50602.47477232877,paved,,City,Arterial,,,CLARK AV,CARY DR
01KP4C7YWHB6DHB4D0ZNMXGBKP,{71C92C8A-8314-4F6F-9358-D1278120A6F9},WEBSTER RD,71,B,'-3.75,asphalt,2,464.1026406108168,80,6,1 Years and 8 Months,42647.3493178435,paved,,City,Collector,,,MARTIN LUTHER KING DR,PUMPHREY AV
01KP4C82M9SKGR5Z95SK79H222,{81E517DA-6120-44C9-9744-941343A934E6},HEARD CT,70,B,4.5,asphalt,2,164.20021180408153,50,20,5 Years and 6 Months,9200.424566165202,paved,,City,Cul-de-sac,,,HEARD AV,
01KP4C82SPB7Y6BRH6ENVH838Y,{04B0B8A9-026E-41E9-A188-950307EBC979},FOSTER ST,70,B,'-7.62,asphalt,2,496.4801297976286,24,8,2 Years and 2 Months,13352.951300461935,paved,,City,Residential Collector,,,ZELLARS AV,PLEASANT AV
01KP4C7QWXZ2XST2BCVQZGQAAD,{0220F2E4-6BA6-4593-9A3C-E5A01702D32C},RIVERWOOD DR,70,B,0,asphalt,2,253.80036078525342,50,20,5 Years and 6 Months,14220.877358284835,paved,,City,Cul-de-sac,,,SENECA DR,
01KP4C7QZBEPEKHJNSTVQYMFZ5,{357A7906-1C02-4DAA-B275-1EC5E9D8D3BD},SHERIDAN GLEN XING,70,B,'-10.75,asphalt,2,248.9002283054996,50,20,5 Years and 6 Months,13946.314379657359,paved,,City,Local,,,SAUGAHATCHEE RD,STARR CT
01KP4C8AQC949TGTZ23KQAGDTJ,{8B93614A-F66E-4956-A52C-D36EEECD0A93},SUTHERLAND LN,70,B,0.33,asphalt,2,607.0778885233962,50,20,5 Years and 6 Months,34015.63407123156,paved,,City,Local,,,PHILMORE CT,
01KP4C7W4SF6VY5KZFNX5M0C3J,{F6485671-F130-4D39-BA68-EB32A0A1B05A},STUART CIR,70,B,18.33,asphalt,2,301.36074547901865,50,20,5 Years and 6 Months,16885.768754618028,paved,,City,Cul-de-sac,,,SUMMERTREES DR,
01KP4C7ZC1N7FS52QKYVJ0Q13X,{B722910B-F218-4927-8E84-A8CAFCADCE4D},SANDERS ST,70,B,'-1,asphalt,2,465.2951200999991,50,12,3 Years and 4 Months,26071.297999253922,paved,,City,Residential Collector,,,GRANT AV,CECIL LN
01KP4C7W3AG77VCGR9AWB3PSZP,{08CCDD68-D463-4F1A-97E1-5D584993C861},PANDA CT,70,B,1.5,asphalt,2,482.3664793582262,50,30,8 Years and 3 Months,27027.836065627595,paved,,City,Cul-de-sac,,,E VETERANS BLVD,
01KP4C839567N467243KWQ4DC0,{5E50F4B1-FD9D-43D7-AAF3-69BB5CB29A72},TUSCANY HILLS DR,70,B,'-7,asphalt,2,171.00181064661973,24,16,4 Years and 5 Months,4599.134412057658,paved,,City,Residential Collector,,,SOPHIA CT,
01KP4C82JZ8FH25GPT6J5SYZJA,{373CC538-D9E7-4E53-8211-46524A95D40E},FIELD STONE LN,70,B,'-2.5,asphalt,2,239.79500354636582,50,20,5 Years and 6 Months,13436.132738391607,paved,,City,Local,,,GROVE HILL RD,WALKER CIR
01KP4C85TTWVXMSD8TCWG3YWCZ,{F151D66D-D434-49D2-B2F1-4D65CF8A1B5A},PIEDMONT DR,70,B,15.5,asphalt,2,207.92831046174027,60,26,7 Years and 2 Months,13980.703541522726,paved,,City,Residential Collector,,,TALCOTT CT,KEYSTONE DR
01KP4C85TRFND18HA4K60MD22D,{2187EEBA-DB8E-4687-A79F-98E2E0119420},KEYSTONE DR,70,B,'-1.25,asphalt,2,346.00174940111896,60,26,7 Years and 2 Months,23264.49857878,paved,,City,Residential Collector,,,TRAILRIDGE RD,PARSONS CIR
01KP4C82QDJ8G9K707324P9540,{DAE931BE-5B6C-42EA-9A83-24F77BCD5E89},ALICE ST,70,B,0.5,asphalt,2,350.00679308751756,60,20,5 Years and 6 Months,23533.790087598794,paved,,City,Local,,,ALICE CIR,OSBURN CIR
01KP4C7QVJB79NA8RGF756AYN3,{36F0D1E7-96C1-48E2-8936-9DBE4B70EFCC},TOWN CREEK DR,70,B,2.5,asphalt,2,365.0163816423759,24,20,5 Years and 6 Months,9817.202492933995,paved,,City,Local,,,KIMBERLY DR,LILLIE LN
01KP4C7YQX8WNNFFGG52MXF898,{94A0FD4C-32EB-4547-A278-983AC403F61F},PENNCROSS CT,70,B,0.75,asphalt,2,172.77038955296464,50,20,5 Years and 6 Months,9680.626589237543,paved,,City,Cul-de-sac,,,BELMONTE DR,
01KP4C8ASVY8B16AP7S5WRBMJ2,{47AFC3D4-702A-4677-9359-40638EE053A2},ACADEMY DR,70,B,'-1,asphalt,2,45.01534767208153,60,20,5 Years and 6 Months,3026.746233951387,paved,,City,Residential Collector,,,,
01KP4C7R3NMTGG1G959X4E2203,{D47DD680-1B4B-4B7A-A9E2-EFDF6CCCF553},CHURCHILL CIR,70,B,'-10.25,asphalt,2,297.2764514228613,50,20,5 Years and 6 Months,16656.91862734445,paved,,City,Local,,,BRISTOL CT,WINSTON CT
01KP4C7R6MMQWQ9M7ESBYXVTWS,{5F4D9E46-D2A2-4D11-A30E-0E71DA014AB8},HARVEST DR,70,B,'-4.5,asphalt,2,168.4985109378489,24,30,8 Years and 3 Months,4531.807570366526,paved,,City,Local,,,E FARMVILLE RD,HORSESHOE PATH
01KP4C7R90JS9K95RFZM71YSH4,{4483CD9C-96ED-4112-8075-B205CEB52DBE},TALMAGE LN,70,B,'-6,asphalt,2,492.32325654086316,50,20,5 Years and 6 Months,27585.731676019786,paved,,City,Cul-de-sac,,,SUMMERLIN CIR,
01KP4C7YXMSXY6C4JJRX23TZ7E,{0D20445B-F2D4-4C76-BBD7-DFC6752E469B},GRANT AV,70,B,'-5.87,asphalt,2,278.21126034907957,24,20,5 Years and 6 Months,7482.558087864768,paved,,City,Local,,,TALBERT DR,SANDERS ST
01KP4C7RGAG6MBETCPHA2AK0KA,{159FB4F6-621B-4C9F-B5D2-FE9F15C0C5F0},JAMES BURT PKWY,70,B,'-5.5,asphalt,2,235.85995822215082,60,20,5 Years and 6 Months,15858.77433379414,paved,,City,Residential Collector,,,BURTS GAP LOOP,
01KP4C7RJHV0BB7HK0VVRR9CY8,{8ABDA901-7E89-4EB0-9E7D-CDECE14E2776},CHEROKEE RD,70,B,'-25,asphalt,2,203.30490030782818,50,20,5 Years and 6 Months,11391.528541057673,paved,,City,Cul-de-sac,,,,
01KP4C8A8GX5GFDT16CCKSPAA4,{0E542EE1-70A5-4E2B-83ED-9A8706576DCE},MIMMS TRL,70,B,'-8.5,asphalt,2,171.2984818643348,60,20,5 Years and 6 Months,11517.783637735274,paved,,City,Local,,,ALBANS LN,PAM CIR
01KP4C8338DB5K0PBH59RVZPQ2,{CF04C754-26C8-4071-9B00-708A29E6F3E3},CARRIAGEHOUSE LN,70,B,'-7.5,asphalt,2,814.8393486559469,50,20,5 Years and 6 Months,45656.871440563365,paved,,City,Local,,,SURREY LN,TROTTERS CT
01KP4C82RD3RC75BATX6DSQZFH,{F8697C7E-3EAD-45E6-AF1F-217BB28F4F00},N GAY ST,70,B,'-4.75,asphalt,2,341.8238039662133,24,8,2 Years and 2 Months,9193.432594291298,paved,,City,Arterial,,,E GLENN AV,FORD CT
01KP4C8DTKMQJ57G50WTM3D1HZ,{FF931B67-EA29-46E3-AC7F-12C62F4E0AF5},E SAMFORD AV,70,B,13.5,asphalt,2,269.80194938075397,24,6,1 Years and 8 Months,7256.387667154755,paved,,City,Arterial,,,WRIGHTS MILL RD,
01KP4C7ZDS81MEJ613E93YGFT6,{8F4C46B3-2D1D-4916-9C64-EDC19C92DB8A},WATERCREST DR,70,B,'-2.25,asphalt,2,324.67288536311975,60,30,8 Years and 3 Months,21830.386387272625,paved,,City,Residential Collector,,,ASHETON LN,WATERCREST CT
01KP4C82FPVD8ZBPR0QR75SH36,{DE6867D2-10C2-45B2-A424-18930B18EA66},N DONAHUE DR,70,B,1.38,asphalt,2,359.9609304124879,90,6,1 Years and 8 Months,36304.63098160236,paved,,City,Arterial,,,S CAMDEN CT,N CAMDEN DR
01KP4C7R57W6Z8VQH1GJY1W2MP,{BABB2FF2-FC9F-491B-BCE7-BEADC415D8F2},CANNON LN,70,B,'-4.33,asphalt,2,628.2846576079145,40,20,5 Years and 6 Months,28163.109096583343,paved,,City,Cul-de-sac,,,BILTMORE LN,
01KP4C7VYG369DJHRKZP305EZ6,{621EC8CE-AAF5-4CCF-B844-705A707E977F},TIMBERWOOD DR,70,B,1.25,asphalt,2,417.0657495547699,50,28,7 Years and 9 Months,23368.92215759266,paved,,City,Local,,,LOBLOLLY CT,CHESTNUT DR
01KP4C85SBAA2DHH8A2HP1A368,{BED9E250-B182-4AA3-95D7-ED2CE6275328},INDIAN HILL RD,70,B,'-3.44,asphalt,2,337.63442140271275,60,20,5 Years and 6 Months,22701.895381934777,paved,,City,Local,,,COMANCHE DR,CREEK NATION DR
01KP4C7W39MM50ZFDSX4RW1V0W,{5F558017-5733-44B6-BB2F-E181D8AAC784},ROCK LEDGE CT,70,B,0.63,asphalt,2,231.24156247883437,50,10,2 Years and 9 Months,12956.868500798182,paved,,City,Cul-de-sac,,,E VETERANS BLVD,
01KP4C7YYWMSK0J42Y3Z451S1C,{CD121825-5685-4CF9-AB67-B33B8B218E95},RIVERWOOD DR,70,B,2.5,asphalt,2,174.30325780659768,50,20,5 Years and 6 Months,9766.515873925235,paved,,City,Local,,,JASMINE LN,
01KP4C8ANDC99JTGZ8FN1FPV2W,{6C2B53E0-E63D-4066-B8F7-F7A92CA8BE53},MONTIANO LN,70,B,'-14.5,asphalt,2,113.44976610728071,50,10,2 Years and 9 Months,6356.78848188414,paved,,City,Local,,,,
01KP4C82N8JKS1PRGM3TAVRBNN,{A1DE7B71-3DCB-4C07-83A2-DBBB2D98544D},HIGHLAND RD,70,B,'-3.56,asphalt,2,872.8034791796651,50,20,5 Years and 6 Months,48904.70288101933,paved,,City,Local,,,MOORES MILL DR,
01KP4C7YW602DE6CF23AJ1AA80,{F68A0556-E5AB-482D-B579-A729F3E076B3},WRIGHTS MILL RD,70,B,'-4.25,asphalt,2,309.5818394363548,50,20,5 Years and 6 Months,17346.41100333861,paved,,City,Collector,,,VIRGINIA AV,
01KP4C8A8HR1KQM58Y2V3CSEQD,{744859B7-07E3-41E2-AD1B-B402F9B30B5F},OVERHILL CT,70,B,'-5.33,asphalt,2,694.2568270017533,50,30,8 Years and 3 Months,38900.42221136807,paved,,City,Local,,,,
01KP4C7Z386FTKYC8S08TQ5A5D,{E00528AE-B758-4096-A70B-CE561E169761},E GLENN AV,70,B,0.75,asphalt,2,633.1155996897581,150,6,1 Years and 8 Months,106423.71747165933,paved,,City,Arterial,,,N DEAN RD,SHORT ST
01KP4C8DX2854HMZ57RMKP8BP7,{669FBD9F-7D2A-43D4-8B9D-D78F8D79BF1E},JAMES BURT PKWY,70,B,'-5.57,asphalt,2,833.2338310966937,60,30,8 Years and 3 Months,56025.05569088246,paved,,City,Residential Collector,,,CLEAR SPRING DR,CLEAR SPRING DR
01KP4C7YWTC7QM6E7Z3YW8Q162,{6FC9B6B0-B58E-40A8-803F-1005A696A033},OAK ST,70,B,15.69,asphalt,2,514.5554386628405,50,20,5 Years and 6 Months,28831.43965840995,paved,,City,Local,,,TISDALE CIR,OLD MILL RD
01KP4C82N643PEB3KXD5B0QQYW,{A670086B-91B8-46C9-B3BE-4FB00A2B38E2},SHERWOOD DR,70,B,'-0.56,asphalt,2,372.2760703344739,50,20,5 Years and 6 Months,20859.278226677663,paved,,City,Local,,,DUMAS DR,MOORES MILL RD
01KP4C82XKZGRAJQJ4SSQ8E9HD,{A267C863-CE08-46E4-BE2D-45494344D2CF},COX RD,70,B,'-2.12,asphalt,2,855.6653185072139,24,10,2 Years and 9 Months,23013.322471089257,paved,,City,Arterial,,,W VETERANS BLVD,BUCEES BLVD
01KP4C7W1FGXW0P68R449F27C8,{C602E491-7E9B-4710-AFCE-D50518A1030F},OGLETREE RD,70,B,'-5.29,asphalt,2,1989.8367959092643,80,30,8 Years and 3 Months,178390.44798881785,paved,,City,Collector,,,OAK KNOLL CIR,GROVE HILL RD
01KP4C7YY70D4G83V635E54HTY,{9ADBC632-AE03-491C-9102-869217F8DAC4},MOORES MILL DR,70,B,'-3.62,asphalt,2,587.9266803841977,50,20,5 Years and 6 Months,32942.55844057488,paved,,City,Residential Collector,,,OVERTON RD,PATRICK RD
01KP4C82N22YTM9210YDVJ0CXG,{573D66E7-2249-4F30-9375-87B5F0B872DE},BIBB AV,70,B,6.09,asphalt,2,895.1287459128092,50,20,5 Years and 6 Months,50155.62655670184,paved,,City,Local,,,SEAY ST,BODDIE LN
01KP4C82VVA2J6ZRW7TS47B5GD,{7C043B6E-405E-468E-A69E-1EF095407BA0},CEDARBROOK DR,70,B,'-2.19,asphalt,2,378.89089778921107,60,20,5 Years and 6 Months,25475.902270398376,paved,,City,Local,,,JENKINS DR,OWENS RD
01KP4C82ZDVGK5EGRBMYRM5SNN,{77A973A4-258B-4797-AB14-00296097F787},TIMBERWOOD DR,70,B,1.5,asphalt,2,214.17398714241978,50,20,5 Years and 6 Months,12000.542454170503,paved,,City,Local,,,LIVE OAK DR,
01KP4C85N536RX3B669MPWXFZ0,{FDF35502-E1F5-497D-85E0-17640D28C508},BEDROCK DR,70,B,10.75,asphalt,2,236.61958522861477,50,20,5 Years and 6 Months,13258.208505666827,paved,,City,Local,,,PEBBLE CT,BOULDER LN
01KP4C8DT4SV95J1NHXX9F3TTN,{F12296B9-DE09-4986-B5D9-E76AE5AF24F1},N GAY ST,70,B,17.5,asphalt,2,72.03242139006167,50,6,1 Years and 8 Months,4036.102341379646,paved,,City,Collector,,,,MARTIN AV
01KP4C82SK5C8Y0SGRB712SHVZ,{CE526889-300E-4FC7-BCA1-C81634A2C9B0},N GAY ST,70,B,16.5,asphalt,2,215.499633266469,50,10,2 Years and 9 Months,12074.820721121196,paved,,City,Collector,,,MARTIN AV,NORTH AV
01KP4C7W7EX8C784VF1XY9C1JA,{5283530B-5A35-4B87-87BB-17ECC38A31C8},SUNNYSLOPE CT,70,B,'-3.75,asphalt,2,974.618105516597,60,20,5 Years and 6 Months,65531.46499949691,paved,,City,Local,,,E UNIVERSITY DR,SUNNYSLOPE AV
01KP4C8ACN59YX5YBY9373PRBT,{80818C71-10A7-4A64-9ADC-0259E1C9DBF8},DOWNS WAY,70,B,'-2,asphalt,2,1100.8440388778877,60,20,5 Years and 6 Months,74018.65632836083,paved,,City,Residential Collector,,,,MALLARD LN
01KP4C7Z023ZP1246Q0T4QMRS2,{D9C7E45B-EFA5-4ABA-9262-A4E2196FD7E8},S GAY ST,70,B,'-9.08,asphalt,2,623.7154936311274,24,10,2 Years and 9 Months,16774.97670489813,paved,,City,Arterial,,,CASEY AV,E SAMFORD AV
01KP4C85K1QHZHRCFSPH3CXXHD,{C822169F-A8DD-4E5D-ACD9-7BCB61C5CDFB},COVINGTON RDG,70,B,'-0.67,asphalt,2,568.7220598373343,50,20,5 Years and 6 Months,31866.490019456982,paved,,City,Local,,,,
01KP4C8DTEATDRZSP8PB3K0DVY,{B0F49C8D-CFDC-46B2-B4C1-D35C9FA982CF},HARPER AV,70,B,7,asphalt,2,88.85476843318702,50,20,5 Years and 6 Months,4978.687818557939,paved,,City,Collector,,,N RYAN ST,
01KP4C85K0EN4NTZEWPRA71BZ9,{FBA423BF-C995-4DD9-B001-FF583FF2FF6C},NOTTINGHAM DR,70,B,'-3.42,asphalt,2,589.249801321036,50,20,5 Years and 6 Months,33016.695216877095,paved,,City,Local,,,WESTBURY CT,DANBURY DR
01KP4C7ZNTQ79J25XWGVARCVZQ,{635CA263-62F3-4638-9359-C2211F83EC73},E THACH AV,70,B,'-6.75,asphalt,2,404.96865765119367,58,6,1 Years and 8 Months,26321.677132541397,paved,,City,Collector,,,S GAY ST,ARMSTRONG ST
01KP4C7ZAJDRBAS141CQCAHS4T,{32C8B4E1-9C2A-43C1-97D8-8E075471A508},N CEDARBROOK DR,70,B,6.75,asphalt,2,423.72319256249284,60,30,8 Years and 3 Months,28490.34037610666,paved,,City,Local,,,SANDERS ST,HICKORY LN
01KP4C8AAF4GJ5Z19EN4FJ1MK0,{88983CB2-9978-4077-A04B-E4B9EFCDDE14},FAIRWAY DR,70,B,1,asphalt,2,278.9829723004357,50,20,5 Years and 6 Months,15631.90305111965,paved,,City,Local,,,HERON PT,ALTAMONT CT
01KP4C7ZAS00E2E38D2FR1EY4N,{A0741B47-5B8D-43AB-8108-87A65891EFBC},CAMBRIDGE CIR,70,B,'-12.25,asphalt,2,239.59598679335616,50,20,5 Years and 6 Months,13424.981482230909,paved,,City,Cul-de-sac,,,SUMMERTREES DR,
01KP4C7Z5K2R34XDVK1VS75BF0,{7A5552CB-5859-4D12-BF7B-2862DDED4FA1},HUNTINGTON CT,70,B,9.13,asphalt,2,226.39860904958215,50,20,5 Years and 6 Months,12685.509364206746,paved,,City,Cul-de-sac,,,BURKE PL,
01KP4C7ZBBJ17WG28WD7DCYV44,{71936E24-4F1D-4F4A-9BC5-5B49C56F84A5},HIGH POINT DR,70,B,'-5.37,asphalt,2,428.6039775854033,50,20,5 Years and 6 Months,24015.42922026149,paved,,City,Cul-de-sac,,,GROVE HILL RD,
01KP4C7ZBTZRZ1HPGPWE6WFW57,{E9FFED68-C1AE-42B4-AFE5-08D0D5D9FA41},COVE CT,70,B,'-7.5,asphalt,2,516.2122710421827,50,20,5 Years and 6 Months,28924.27486950642,paved,,City,Cul-de-sac,,,E THACH AV,
01KP4C7ZMG4V1DCWB71Y56Y278,{A71CC4B7-D81C-413C-AF73-A6E75FC5C831},PITTS ST,70,B,2.33,asphalt,2,762.6527009935319,50,20,5 Years and 6 Months,42732.76245249472,paved,,City,Local,,,MARTIN AV,HARRIS AV
01KP4C82GNQ50YFM6ZH8MYZDQJ,{5ED76CF2-8886-43B2-B3F7-72EFDC4E256D},PINEBROOK CIR,70,B,'-7.25,asphalt,2,1159.441907392889,50,20,5 Years and 6 Months,64965.55449360155,paved,,City,Local,,,OLD COUNTRY RD,
01KP4C82JJV0S5NGWW13Z881C2,{687EA3D1-2D17-4D4A-B446-88C9EE3DC371},TEABERRY CT,70,B,'-4.87,asphalt,2,532.2775345103177,50,20,5 Years and 6 Months,29824.43963208605,paved,,City,Cul-de-sac,,,WINDWAY RD,
01KP4C82P2EWWKKJR7JYMR2DP3,{6AA4E1CB-53F3-416D-AB27-9A100817375A},MILLER AV,70,B,0.25,asphalt,2,388.01317947767365,24,20,5 Years and 6 Months,10435.706846142384,paved,,City,Local,,,S GAY ST,ARMSTRONG ST
01KP4C82PAWQD4D2MVFPWJN39R,{91198DFE-A3C4-43DB-A90D-56EBB1073D9E},WINDY HILL CIR,70,B,'-2.37,asphalt,2,283.49369524724773,60,20,5 Years and 6 Months,19061.576080433988,paved,,City,Cul-de-sac,,,WINDY HILL RD,
01KP4C82SFB7ZXYVYWP8CD7P5Z,{903EAD4B-5A61-499E-A111-F8AD4B5EBC24},EDGEWOOD DR,70,B,'-5.75,asphalt,2,505.3492333605445,50,20,5 Years and 6 Months,28315.59990099558,paved,,City,Cul-de-sac,,,CLARK AV,
01KP4C82RPKZDZC9G3X209MNQA,{5AA9F1CB-D167-429F-ACE0-17D5EE671DA7},OLD STAGE RD,70,B,'-19.5,asphalt,2,612.5600246789088,24,20,5 Years and 6 Months,16474.947711364173,paved,,City,Local,,,VILLAGE CIR,N DEAN RD
01KP4C82W0S55R7WC4CKEABT72,{BA11AA39-D523-41C3-B568-11C2370BCE3D},CARTER ST,70,B,46.5,asphalt,2,887.8671211113517,60,20,5 Years and 6 Months,59698.49404805851,paved,,City,Local,,,OLD MILL RD,EASTWOOD ST
01KP4C8307RVYS33QH1JGKV2P2,{EF50163C-D4BA-4B81-B3D7-16A9B6448E68},VARNER AV,70,B,15.5,asphalt,2,210.534225283592,60,20,5 Years and 6 Months,14155.920290496757,paved,,City,Local,,,VARNER CT,
01KP4C838RRNWRBVGCKK3XKZ4D,{82CABF00-BFBC-4113-B6B8-4613402A0CDC},MALL BLVD,70,B,3.63,asphalt,2,849.0324957242836,60,6,1 Years and 8 Months,57087.32780774706,paved,,City,Local Commercial,,,MALL PKWY,FINANCIAL CIR
01KP4C85G37X9MZTKDDSKE172B,{59A0CF6D-0E6B-4398-ABD8-B41832DE7FB9},SAINT JAMES CT,70,B,12.25,asphalt,2,260.0393014530563,50,20,5 Years and 6 Months,14570.456097290296,paved,,City,Cul-de-sac,,,JANABROOKE LN,
01KP4C85HXPDJH7PN798QTYFWV,{A19162AA-C61F-4488-8196-421B37352988},ETHAN LN,70,B,'-6.92,asphalt,2,653.3961797021411,50,20,5 Years and 6 Months,36610.92879918346,paved,,City,Local,,,DOWNS WAY,
01KP4C85Q6CZWDB55CCPW7WNBY,{0F213D8C-39F5-4D7D-A54A-761FCDF2DB3A},GLENN BROOKE DR,70,B,'-0.5,asphalt,2,449.7441470553766,50,20,5 Years and 6 Months,25199.9498270711,paved,,City,Local,,,WATER OAK CIR,
01KP4C860YKGV612NW9WH7J95F,{318DC314-2955-4C24-8D92-8F2AF4B98F3C},N DONAHUE DR,70,B,'-8.3,asphalt,2,1520.7308932819842,50,30,8 Years and 3 Months,85209.20719500643,paved,,City,Local,,,OVERHILL CT,
01KP4C861EEP1DMG5C0JVJ4H41,{5B38788A-0201-42E4-A480-86DC8ECF2A46},CEDARCREST CIR,70,B,'-7.5,asphalt,2,57.51224656239397,40,20,5 Years and 6 Months,2578.0092744793737,paved,,City,Cul-de-sac,,,,OLD STONEHOUSE WAY
01KP4C8A7Q1RYQ240CK55AFC7M,{0DB306CE-CB4F-4AF0-A8F2-4F8ADA4D6D83},CREEKWOOD TRL,70,B,'-6.4,asphalt,2,1605.9903520982346,60,20,5 Years and 6 Months,107983.7322458432,paved,,City,Local,,,BRIDLEWOOD DR,
01KP4C8A8QMBHVR32PTMV5B8FK,{9914698C-0A97-431C-B298-ED132F5AA4BE},STARR CT,70,B,6.75,asphalt,2,145.89162720210282,50,20,5 Years and 6 Months,8174.5626035463965,paved,,City,Local,,,SHERIDAN GLEN XING,NEW ARBOR TRL
01KP4C8AABBRH4SXAQZG6GYAXD,{B8321021-3698-4073-A9F3-6498A6DCFCCF},CECIL LN,70,B,'-3.5,asphalt,2,679.2019619427757,24,20,5 Years and 6 Months,18267.298481203798,paved,,City,Local,,,N COLLEGE ST,SANDERS ST
01KP4C8AB33WMTNN3A35PYDZH6,{10A212F9-5068-4F27-B2A4-4A2D1E8F7429},ARBOR DR,70,B,'-8.25,asphalt,2,56.85072392118667,50,20,5 Years and 6 Months,3185.44532447284,paved,,City,Cul-de-sac,,,ARBOR WAY,
01KP4C8AB526YN4RNRZPN2J4R8,{7B8B7888-0CD6-48D2-8AB0-898B8352D4D9},WEST TECH LN,70,B,'-6,asphalt,2,2079.397642400854,100,20,5 Years and 6 Months,233024.56119603213,paved,,City,Local Commercial,,,BEEHIVE RD,
01KP4C7VNPAP8CV9ZJ2TGG0RKY,{47E26456-F7A2-4067-9BEF-6B2A57B8478E},S GAY ST,70,B,0.53,asphalt,2,1190.2360290296112,50,6,1 Years and 8 Months,66691.00289642107,paved,,City,Collector,,,FONTAINE DR,WOODFIELD DR
01KP4C8ARXVBNNM8F1CD904NFN,{228E1AC8-0039-4B17-B61A-6A825C019031},WOODWARD OAKS TRL,70,B,'-9.37,asphalt,2,250.4262340399858,50,6,1 Years and 8 Months,14031.819145415076,paved,,City,Cul-de-sac,,,BURTS GAP LOOP,
01KP4C82KTE8DED4MW5MED0Q6Y,{EBADC571-F573-4FDF-971C-8E36C48F6406},OGLETREE RD,70,B,13.6,asphalt,2,1194.2867640405061,80,30,8 Years and 3 Months,107068.7562428695,paved,,City,Collector,,,GOOSE HOLLOW DR,ROCK FENCE RD
01KP4C8APC02NSZD4M89VMANMT,{6F4C90DC-6C04-4582-9C43-416A21932F97},CARY CREEK PKWY,70,B,3.9,asphalt,2,861.0055584990208,24,30,8 Years and 3 Months,23156.949497154612,paved,,City,Collector,,,LEGACY LN,
01KP4C8AQECEZS9Z25CCDA5D63,{6F44A16A-7E45-4EDB-842A-92C5793431AA},IRON ST,70,B,0.44,asphalt,2,287.42269299813665,50,20,5 Years and 6 Months,16104.795337832096,paved,,City,Cul-de-sac,,,WESTOVER ST,
01KP4C8AQRZFYTPMQ2J290QD0D,{933D117B-43AC-4B12-9B1B-99E1984EA1E6},HARDEE ST,70,B,1.69,asphalt,2,287.5623477855335,50,20,5 Years and 6 Months,16112.620439411636,paved,,City,Cul-de-sac,,,OXBURY ST,
01KP4C8DMZVR89QR90F4C40GXT,{D6CDFE60-5148-4877-9337-FC3E52938F23},W FARMVILLE RD,70,B,17.5,asphalt,2,501.1024625595625,80,30,8 Years and 3 Months,44924.23346883189,paved,,City,Arterial,,,,
01KP4C8DXB61VRB4VVSDYQ51YK,{DC489D39-5A19-417A-A463-8C09FC0019F8},GROVE HILL RD,70,B,'-5,asphalt,2,583.657364175012,80,20,5 Years and 6 Months,52325.34591842012,paved,,City,Collector,,,,KENTWOOD DR
01KP4C8DYG26WGBP3MJM8FGT5G,{CF841C83-2E39-4E3B-8A0D-D75397B363D0},FORREST CV,70,B,'-6,asphalt,2,384.514133232366,50,20,5 Years and 6 Months,21544.998258892887,paved,,City,Local,,,BLUEBIRD DR,NATURES TRL
01KP4C8E5RPFY64QAPK3MAF8MP,{594A34B1-D63B-44CD-92AD-21055E75214C},THORNBERRY DR,70,B,5.38,asphalt,2,476.4095412006433,50,28,7 Years and 9 Months,26694.05841965509,paved,,City,Local,,,HORSESHOE PATH,HARVEST DR
01KP4C7R18C3VBR4ASJWT9D9WB,{0A873518-24B8-4B63-8804-2FE903E3F2E4},TOWNSEND CT,70,B,6.67,asphalt,2,305.9208112072962,50,20,5 Years and 6 Months,17141.277199392945,paved,,City,Cul-de-sac,,,SAUGAHATCHEE RD,
01KP4C7W1E5VEFDA7H612XCGK3,{5FA688D2-4ACA-49C9-9E19-AF8BF5F81F16},OGLETREE RD,70,B,13.75,asphalt,2,610.304148469677,80,30,8 Years and 3 Months,54714.25127867834,paved,,City,Collector,,,GROVE HILL RD,
01KP4C7ZK2BTC4DCRJ7GM02HJV,{99005562-366A-4230-89DF-161944611BD3},NORTH AV,70,B,6.5,asphalt,2,491.5822036802849,40,20,5 Years and 6 Months,22035.367352271816,paved,,City,Local,,,,N GAY ST
01KP4C7Z2CQ4D2S9BRQKC00WP8,{221A793B-858C-41E0-A1B1-1FED1ECA08E9},GENELDA AV,70,B,2,asphalt,2,349.3200565424321,40,20,5 Years and 6 Months,15658.410153584575,paved,,City,Local,,,N DONAHUE DR,ANN ST
01KP4C82PT1RE87ZRP859FPV2D,{AA928806-0E91-4C08-99FC-9B5102CA6385},GREEN ST,70,B,4,asphalt,2,722.6953253269772,50,20,5 Years and 6 Months,40493.88092705126,paved,,City,Local,,,MCKINLEY AV,OLD MILL RD
01KP4C85SZ21ES91QXD99R43Q1,{02597427-8541-4F81-96E6-DE1AE376E7CD},WALDROP CT,70,B,'-0.75,asphalt,2,246.0151570727919,50,20,5 Years and 6 Months,13784.658801062784,paved,,City,Cul-de-sac,,,CARPENTER WAY,
01KP4C8DTJ6K1WT6GEK9CGDT9G,{C6234F63-0FA1-47B4-9DAE-0E0E25651B12},S COLLEGE ST,70,B,7.25,asphalt,2,403.42867934883907,100,26,7 Years and 2 Months,45209.626606393715,paved,,City,Arterial,,,,KIMBERLY DR
01KP4C7ZMEAJ2BNVTQZ01RJRT3,{068C7DAF-4BA4-4D21-92B8-7080821F10D6},SPRING ST,70,B,'-2.83,asphalt,2,845.7147535883106,50,20,5 Years and 6 Months,47386.87428836089,paved,,City,Local,,,MARTIN AV,HARRIS AV
01KP4C85G73HVTXRZ4D9R0QZWX,{33B5A1B4-B7A9-46CB-AB97-BEA9668BE3AE},DENALI CT,70,B,'-6.87,asphalt,2,557.3909679495277,50,20,5 Years and 6 Months,31231.58915653703,paved,,City,Cul-de-sac,,,SOLAMERE LN,
01KP4C8341Q84PWBR7MYXE62XS,{D6D27BB9-EC9E-4671-8004-88BB964D9A50},DELWOOD DR,70,B,1.1,asphalt,2,688.5251119322623,50,20,5 Years and 6 Months,38579.26420826803,paved,,City,Local,,,FORESTDALE DR,FORESTDALE DR
01KP4C8AP22XMVAKTR9FJQSQWP,{548B6F14-70A2-4F16-B85A-5545B9B89112},S BROOKWOOD DR,70,B,'-14.25,asphalt,2,32.825945287821504,24,20,5 Years and 6 Months,882.8616142172183,paved,,City,Local,,,,BOWDEN DR
01KP4C85FCD5VDS0Q8JQZ4WSDA,{68AE311E-B6D2-40E4-B655-4B5B81AC0A46},N ROSS ST,70,B,'-4.25,asphalt,2,359.67114651970263,50,20,5 Years and 6 Months,20153.00233673889,paved,,City,Collector,,,MARY LN,
01KP4C82XN3BVXCJ4WJSNAGGXJ,{5252EF7D-FBA3-4A75-93EC-001AD42326C9},WIRE RD,70,B,10.75,asphalt,2,88.8791762131489,24,30,8 Years and 3 Months,2390.4266059612614,paved,,City,Arterial,,,COX RD,
01KP4C7Z313XFBQ35XNCZYYNJZ,{8F04621D-22E7-4858-8420-12C2FDBDE6CF},E GLENN AV,70,B,2.25,asphalt,2,186.80316679332267,150,20,5 Years and 6 Months,31400.72279906805,paved,,City,Arterial,,,HICKORY WOODS DR,IVY LN
01KP4C7W1BZCR43XM7MYXFK3YP,{62B879A1-0D73-407B-9DF5-04D70490A4E8},OGLETREE RD,70,B,0.5,asphalt,2,565.1960840663211,80,30,8 Years and 3 Months,50670.27750486637,paved,,City,Collector,,,SPRINGWOOD DR,WINDWAY RD
01KP4C7Z1QTCB6XA1YEA16VG53,{D2C539B5-187C-4D86-BE9B-211568DC7F86},GREEN ST,70,B,0.13,asphalt,2,349.40760551828237,50,20,5 Years and 6 Months,19577.918213960897,paved,,City,Local,,,E MAGNOLIA AV,MCKINLEY AV
01KP4C8AB9QN60ANC5HGTC7FEQ,{D0A22C16-E0D8-41B0-97B5-A27E65E045E7},N DONAHUE DR,70,B,33.44,asphalt,2,883.9981273621217,80,26,7 Years and 2 Months,79251.13370382958,paved,,City,Arterial,,,DARTMOUTH DR,CRESCENT BLVD
01KP4C82VY2K7292JGM9K8GVX8,{36A2DC07-2B10-4609-A402-5709264C5AA2},S CEDARBROOK DR,70,B,9.63,asphalt,2,349.75279522034873,60,20,5 Years and 6 Months,23516.711754815828,paved,,City,Local,,,SYCAMORE DR,GRANITE CT
01KP4C85G7NH0M78P4772BDWJC,{BE297EFD-F102-484C-BB7B-6EE12D2CB424},SOMERSET CT,70,B,15.63,asphalt,2,388.7971336145994,50,20,5 Years and 6 Months,21784.982248564054,paved,,City,Cul-de-sac,,,DEERFIELD DR,
01KP4C82TJ3FVYE66RDSANJ1TT,{E38F26C3-2F2C-4EAF-9EA0-BBAA53EDF457},CARY DR,70,B,'-9.75,asphalt,2,426.70845414848725,60,20,5 Years and 6 Months,28691.063678936374,paved,,City,Local,,,HOLLY TREE LN,SEHOY CIR
01KP4C7YT6KVHG01GHCY8D3WSG,{EBC5CE92-4BAA-44E9-B667-27EA8D91BBCE},S COLLEGE ST,70,B,13.63,asphalt,2,1054.6377046292387,100,14,3 Years and 10 Months,118186.38404257815,paved,,City,Arterial,,,KIMBERLY DR,S DONAHUE DR
01KP4C85G34RQCNQZRZ9651VVA,{E0932F6C-55F6-45EE-9B94-1C4C06E67B3B},TIMBERWOOD DR,70,B,'-16.5,asphalt,2,547.1253433514344,60,28,7 Years and 9 Months,36787.66594343931,paved,,City,Local,,,S COLLEGE ST,LOBLOLLY CT
01KP4C82MZVFEAVQ8YGSQJFKD4,{77527291-EFA6-4268-AD24-63658C93338F},FRAZIER ST,70,B,3,asphalt,2,336.5987895060493,40,20,5 Years and 6 Months,15088.174310556875,paved,,City,Local,,,WILLIAMS AV,W DRAKE AV
01KP4C82R35H9Q8PX4ER50R62B,{0E5FE2E9-9A9A-4089-8421-E71AC4313F4A},E GLENN AV,70,B,'-1,asphalt,2,195.72023013854272,150,20,5 Years and 6 Months,32899.638685193124,paved,,City,Arterial,,,LAKEVIEW DR,DOGWOOD DR
01KP4C7Z85W6HWYV2PGR3VR1W2,{82E9ED70-45EE-4362-991B-CA52901B821F},SHELTON MILL RD,70,B,16.5,asphalt,2,358.66848211636943,80,20,5 Years and 6 Months,32154.91407925801,paved,,City,Arterial,,,N GAY ST,CAHABA DR
01KP4C7Z8AJ382GSRBJ914DJAY,{E287850B-57A6-4C88-BC61-D014BDAC31D3},SHELTON MILL RD,70,B,23.75,asphalt,2,559.0599836205012,80,20,5 Years and 6 Months,50120.171229977626,paved,,City,Arterial,,,CAHABA DR,CHEROKEE RD
01KP4C82QHTJFSRT1EYAYJEJZD,{F2F561C9-E561-4AFA-9C2D-B7B4E568DCF1},W GLENN AV,70,B,'-2,asphalt,2,466.29098575035204,50,20,5 Years and 6 Months,26127.098090456235,paved,,City,Collector,,,,BYRD ST
01KP4C7YWBTKA4KWR22MQ3MEYM,{C5F73B1F-44DB-4299-B0E4-0A92CC618F0D},MOORES MILL DR,70,B,'-8.87,asphalt,2,262.9407868026433,50,20,5 Years and 6 Months,14733.031387513183,paved,,City,Residential Collector,,,COVINGTON RDG,OVERTON RD
01KP4C82W3K3HQM0SMWB6MXTZJ,{5AFCE54D-1396-4A0F-9073-AE253D5F9C2D},N DEAN RD,70,B,'-1.25,asphalt,2,126.04241939075257,90,6,1 Years and 8 Months,12712.278298553045,paved,,City,Arterial,,,S DEAN RD,COTTAGE LN
01KP4C8AK8NAENEAQKQH9HGS3D,{25772E96-4612-4CEF-B33E-07CB3EA1DCDA},OGLETREE RD,70,B,12.17,asphalt,2,2258.194139870895,80,30,8 Years and 3 Months,202448.89685699705,paved,,City,Collector,,,,OLD COUNTRY RD
01KP4C838QXQTKMY6E3S0N4V10,{21CA3FAD-CDF5-4F2C-AFF8-27868E654DC2},BEDROCK DR,70,B,6.44,asphalt,2,293.35759264085607,50,20,5 Years and 6 Months,16437.338127336858,paved,,City,Local,,,SANDSTONE LN,SLATE CT
01KP4C85N8CT82CEFVAJX2ZG5N,{D75A6A38-31AD-4EE9-85F9-948096C6DF80},BEDROCK DR,70,B,4.81,asphalt,2,327.0276170232623,50,20,5 Years and 6 Months,18323.92838241453,paved,,City,Local,,,SLATE CT,PEBBLE CT
01KP4C7QQKQFY869DX9AYKQYCA,{E9965739-A1A4-4597-A871-095E90A49BBE},FERNDALE DR,70,B,'-2,asphalt,2,197.22683506709117,60,20,5 Years and 6 Months,13261.156719749179,paved,,City,Local,,,E UNIVERSITY DR,CORKTREE CIR
01KP4C8AQK6075A83BRWSS7746,{44DBE79C-E785-421A-8D9D-75CEC0D85A6E},ALBERTA CT,70,B,'-11.75,asphalt,2,147.6506911319561,50,20,5 Years and 6 Months,8273.12602691754,paved,,City,Cul-de-sac,,,,ALBERTA ST
01KP4C82J60M51S6CD6CXYMKEN,{6974C269-4B4D-4DEF-998C-0E487CE31099},KEYSTONE DR,70,B,6.25,asphalt,2,355.0909939520328,60,6,1 Years and 8 Months,23875.642069536687,paved,,City,Residential Collector,,,KENNESAW LN,FIRESTONE CT
01KP4C8AQP86FGV8KZSPXM5JSK,{061979D1-CA83-47C9-922E-5C18483A6F4A},OXBURY ST,70,B,1.5,asphalt,2,600.720321861777,50,20,5 Years and 6 Months,33659.40851066783,paved,,City,Local,,,BRIDGE ST,
01KP4C82ZEWTTWYV7D0D2DRKNG,{8CE854D6-FAA1-489C-9506-D16A8E542925},COOPERS POND RD,70,B,1.53,asphalt,2,1002.4063475744495,50,20,5 Years and 6 Months,56166.57788790169,paved,,City,Local,,,STANTON DR,CARPENTER WAY
01KP4C7VMRJE3NMRT66NYS8GH1,{85E55E70-DCA3-4217-87CD-02FA194BF66C},FOSTER ST,70,B,'-2.31,asphalt,2,1042.1066902983105,24,20,5 Years and 6 Months,28027.707556213605,paved,,City,Residential Collector,,,PLEASANT AV,BEDELL AV
01KP4C7Z4S3J5YF6RJAKQVFC5F,{D4D86DE6-04AA-4DF2-86E4-605BA6A6932E},FOSTER ST,70,B,28.5,asphalt,2,233.8042249110048,50,20,5 Years and 6 Months,13100.45895136265,paved,,City,Residential Collector,,,HOLMES AV,DARDEN AV
01KP4C85RTJAGVNFD2DCMN7RTW,{DE63A71A-1406-42D8-9FE8-70A214157545},PIEDMONT DR,70,B,'-1.22,asphalt,2,1556.069523210642,60,30,8 Years and 3 Months,104627.1507987346,paved,,City,Residential Collector,,,HYDEN PARK LN,CRESCENT BLVD
01KP4C7ZJH1F2KNVQY77QGVVTT,{D61ECADB-9644-4A37-8D05-AC3464AD526E},PAYNE ST,70,B,0.5,asphalt,2,270.6321723243936,40,20,5 Years and 6 Months,12131.194518160117,paved,,City,Local,,,MOORE AV,E SAMFORD AV
01KP4C82HNEDKZN618H6X8EAKA,{4B512C50-5E46-418C-A587-C5257099FE50},GLENN BROOKE DR,70,B,'-3.75,asphalt,2,261.3723718719971,50,20,5 Years and 6 Months,14645.150360446822,paved,,City,Local,,,BENT BROOKE DR,BLACKMAN CIR
01KP4C85RWKM0P1Y7B421GWDDB,{128D6CD5-EAA6-4E65-B77F-C16A7189D465},PIEDMONT DR,70,B,'-4.87,asphalt,2,252.55362603143226,60,30,8 Years and 3 Months,16981.22475982773,paved,,City,Residential Collector,,,CRESCENT BLVD,SUTHERLAND LN
01KP4C82SJQ0B4BSVZM25G3D4R,{1D06A3BF-AFBF-47BA-960D-9A24545A2625},N GAY ST,70,B,13.5,asphalt,2,509.2606274923047,50,6,1 Years and 8 Months,28534.762143616437,paved,,City,Collector,,,FULLER AV,
01KP4C85G7JHHTX51YWR45GRT2,{CD7B27A1-CF2A-40E1-80E5-B53A83157814},PERSIMMON DR,70,B,5.75,asphalt,2,663.1753655227365,50,8,2 Years and 2 Months,37158.8736554803,paved,,City,Local,,,US HWY 29 S,LIVE OAK DR
01KP4C8ATMNGFASS3H38VRR7DK,{9136B8F8-C496-47CD-B32E-53F73287382E},E UNIVERSITY DR,70,B,9.67,asphalt,2,619.4564082654961,24,12,3 Years and 4 Months,16660.42758992153,paved,,City,Arterial,,,,
01KP4C7RFGA6W4T41123NYMPM8,{6BD0E53E-87E8-4810-A3A1-E79198D9F1C1},BOTTLE WAY,69,C,'-6,asphalt,2,697.2965355351971,50,20,5 Years and 4 Months,38093.97382822642,paved,,City,Local,,,CITRUS ST,ORANGE AV
01KP4C7QZDB3CESV1S9D79BHEN,{1CFDE463-9E6C-443A-B165-D2416B2D591E},NEW ARBOR TRL,69,C,5,asphalt,2,492.16499541720077,50,20,5 Years and 4 Months,26887.442428208746,paved,,City,Local,,,PEMBROKE PL,STARR CT
01KP4C7ZK5DB3BXZFB0VHGQV7G,{6588CF20-4688-45D1-A045-D8D19CD47E13},S HERITAGE CT,69,C,'-11.17,asphalt,2,346.40508199535446,50,20,5 Years and 4 Months,18924.439539008115,paved,,City,Cul-de-sac,,,FULLER AV,
01KP4C7VP8R8AJ5KHXV81B7QPV,{909D0C59-D621-475C-916D-9385AA620D53},HOMEWOOD DR,69,C,'-1.5,asphalt,2,221.01188453838597,50,20,5 Years and 4 Months,12074.089739841107,paved,,City,Local,,,E THACH AV,
01KP4C85QGEPWZHBJGNV4FEJ3A,{B39F5D23-C2BD-45D7-A90A-B956ED040BDF},MRS JAMES RD,69,C,7.5,asphalt,2,706.2214481080116,100,30,8 Years and 1 Months,77163.10060399202,paved,,City,Collector,,,KEYSTONE DR,ROXANNA CT
01KP4C7QZYQV62PEXNY2R50BPK,{FC3BFF94-C633-4FC9-97B5-1FFD0508DCF3},ARBOR RIDGE DR,69,C,'-8.87,asphalt,2,185.75343522010186,50,20,5 Years and 4 Months,10147.887074107706,paved,,City,Local,,,MARA VISTA DR,
01KP4C8ASDF4SFV6JK2QBQD3HK,{64650555-8672-430F-BA90-0A95572F7FB2},BOTTLE WAY,69,C,'-1.75,asphalt,2,114.07103125293906,50,8,2 Years and 2 Months,6231.809076425446,paved,,City,Local,,,,HATCHER DR
01KP4C8DYR1M4HBFHKHQJPFWZM,{77B7C338-9CAD-41F9-B6EA-D1121F6AD388},CREEKSIDE LN,69,C,3.08,asphalt,2,743.2463162602315,50,20,5 Years and 4 Months,40604.25411093099,paved,,City,Local,,,JAMES BURT PKWY,CLEAR SPRING DR
01KP4C82W9NFWR9ENAQVD8SH6Z,{673AE69F-AB0F-481D-98E9-519E36F8D7E7},E DRAKE AV,69,C,2,asphalt,2,571.3791731061949,24,16,4 Years and 4 Months,14983.194430767591,paved,,City,Collector,,,N COLLEGE ST,N GAY ST
01KP4C7R0XG1Z4YXN04HXPCCWE,{040E1B08-2478-44EB-84BA-43574B32F3A8},AUBIE DR,69,C,8.25,asphalt,2,385.9266364025233,50,20,5 Years and 4 Months,21083.539695847372,paved,,City,Local,,,ACADEMY DR,PULL CART LN
01KP4C7RDRP1RC1BEY5SNTFMWZ,{73CDE5A4-BABA-4374-9527-A342D17BC833},BURTS GAP LOOP,69,C,9.75,asphalt,2,228.66674899815516,50,20,5 Years and 4 Months,12492.282275625403,paved,,City,Local,,,JAMES BURT PKWY,WOODLAND PINES LN
01KP4C7R2VPYFCY65XZF32BWSD,{73F7D8DE-5CBA-4840-9CA2-ED0297B5F57D},LUNDY CHASE DR,69,C,'-1.6,asphalt,2,1265.6846681626153,60,20,5 Years and 4 Months,82974.670602832,paved,,City,Residential Collector,,,HUNTER CT,WATERSTONE CIR
01KP4C7YVRGF9AD7JYNQCWWZ4M,{11232B11-6C3F-47CF-8865-126D419D798F},GREEN ST,69,C,'-15.83,asphalt,2,1373.2084312476827,50,8,2 Years and 2 Months,75019.68441661447,paved,,City,Local,,,E UNIVERSITY DR,TERRACE ACRES DR
01KP4C7RF8E4K3DA1B13118HVE,{AD239BC0-0871-4DB8-808D-F3DF975B060A},NORTHGATE BLVD,69,C,'-6,asphalt,2,162.26034081677955,24,20,5 Years and 4 Months,4254.929737189722,paved,,City,Local,,,CAP CT,
01KP4C7R72MVANFP66SMT8GQNB,{2386EC79-3C51-498C-80BC-DB5F0D3E3622},THORNBERRY DR,69,C,'-8.12,asphalt,2,220.00640570536868,50,30,8 Years and 1 Months,12019.159473594485,paved,,City,Local,,,FARMVILLE LAKES DR,HORSESHOE PATH
01KP4C8ATJFTDQKE5WTKJAWJHR,{A58A5BAD-A6C5-426A-B39A-F2F58830A63A},CARY CREEK PKWY,69,C,0.69,asphalt,2,321.05497164441806,24,20,5 Years and 4 Months,8418.978656435627,paved,,City,Collector,,,N COLLEGE ST,LEGACY LN
01KP4C8ASG8JW4BM3Z2M4322X1,{CE01BD66-55D2-4044-8125-06833F231CC5},E FARMVILLE RD,69,C,5,asphalt,2,196.6760739488818,80,6,1 Years and 7 Months,17191.361968598445,paved,,City,Arterial,,,N COLLEGE ST,
01KP4C8DYNZ9TCGS2EWTC8Q9X5,{563144F3-D292-49FF-98BF-A149FA4C685C},CLEAR SPRING DR,69,C,'-2.12,asphalt,2,478.90646147048903,50,20,5 Years and 4 Months,26163.11609152469,paved,,City,Local,,,JAMES BURT PKWY,CREEKSIDE LN
01KP4C8ACTKKSWFDN8AP65Y0Z9,{186DFF1C-7CBE-483C-837C-AE2B60C0F58E},REDTAIL LN,69,C,0.83,asphalt,2,437.9895182748778,50,20,5 Years and 4 Months,23927.784516231124,paved,,City,Cul-de-sac,,,,
01KP4C7Z09YDHC0YQQB6KGHGDV,{153C59BC-DB1D-4945-A91B-E47D986CEEDC},VARNER CT,69,C,'-4,asphalt,2,204.40017091423496,60,20,5 Years and 4 Months,13399.89120464892,paved,,City,Cul-de-sac,,,VARNER AV,
01KP4C830KKDSVQ77WKRTG4TMC,{83D12840-2EC6-496D-BB31-B38AE4D5E8A8},N GAY ST,69,C,20.5,asphalt,2,198.83993823728895,50,6,1 Years and 7 Months,10862.815197272845,paved,,City,Collector,,,OAK MEADOW LN,FULLER AV
01KP4C82YHX6Q934TFDW5471YT,{56D64F9C-467E-4E12-8817-514D8B7ACAE5},TWIN FORKS AV,69,C,2.75,asphalt,2,362.6140640077038,50,20,5 Years and 4 Months,19809.95166346848,paved,,City,Local,,,CHINOOK ST,DEKALB ST
01KP4C7YSAEHM3A8B8VDY0RKN7,{EBF03C57-6070-4337-9AFE-5989792C7441},CANARY DR,69,C,1.2,asphalt,2,1257.065331842737,60,20,5 Years and 4 Months,82409.61154037599,paved,,City,Local,,,ORIOLE DR,HUMMINGBIRD LN
01KP4C7QXXHR05Y2TE7958ZQ7C,{D12A6B41-DFAA-4E95-94E5-765850D80075},CROSS CREEK RD,69,C,'-15,asphalt,2,262.49915435966176,60,20,5 Years and 4 Months,17208.69456223554,paved,,City,Local,,,,
01KP4C7W1PAJMDK6YV3WA4G6H1,{951E14C4-E361-4739-800D-24B4576898DE},ORIOLE DR,69,C,30.5,asphalt,2,638.3285692831626,60,20,5 Years and 4 Months,41846.997206291904,paved,,City,Local,,,CANARY DR,ORIOLE CIR
01KP4C897GDB3ZNH03198AE42H,{24767E04-2C49-40AC-AB9F-007EB9F39099},FALLING LEAF LN,69,C,'-19.5,asphalt,2,78.38880545668013,24,20,5 Years and 4 Months,2055.5784470897433,paved,,City,Cul-de-sac,,,,
01KP4C7W45QJBB8M1EAVVXPF8F,{2C82F522-4816-4223-A26A-90496BD5ACF4},CALLAWAY CT,69,C,'-3.25,asphalt,2,241.2606631840851,50,20,5 Years and 4 Months,13180.299801806745,paved,,City,Cul-de-sac,,,GROVE HILL RD,
01KP4C897GSZEMCFJWCNHNP3C0,{06C2B764-5705-42C4-BEA1-9EFE7FBD5188},FALLING LEAF LN,69,C,'-22.5,asphalt,2,159.03675507827475,24,20,5 Years and 4 Months,4170.398108881159,paved,,City,Cul-de-sac,,,MILL CREEK RD,
01KP4C82FP5C82B1CJDSGARB36,{D1D6860E-7B01-49F7-ADC0-0C16F00B174D},N DONAHUE DR,69,C,22.5,asphalt,2,847.3452519069091,90,30,8 Years and 1 Months,83324.30059287441,paved,,City,Arterial,,,CRESCENT BLVD,POPLAR RIDGE DR
01KP4C85SFBSC1JVP00J7H09DE,{7E58CC65-671A-49D2-B60F-701F0A176EC4},S COLLEGE ST,69,C,22.5,asphalt,2,648.2004237827415,80,30,8 Years and 1 Months,56658.89037598096,paved,,City,Arterial,,,,DEVALL DR
01KP4C7QYWGT6W87KR428J0WVG,{B6A18E89-A96A-4B0C-9470-742A24B2B270},HEYWOOD ST,69,C,'-14.25,asphalt,2,217.60671343468854,50,20,5 Years and 4 Months,11888.06199942602,paved,,City,Local,,,CROSS CREEK RD,
01KP4C7Z4KB7R8JCZDQ472RX51,{5AE32B09-7EE1-4E60-9906-64AF6B09D51F},SANDERS ST,69,C,'-9,asphalt,2,306.4144165228685,50,30,8 Years and 1 Months,16739.711397898132,paved,,City,Residential Collector,,,BRAGG AV,GRANT AV
01KP4C7QW8833KSX51QTZEMDM6,{CC93F251-033A-4B28-B246-934C2AB21555},WHITE ST,69,C,'-8.62,asphalt,2,491.28005222377664,50,20,5 Years and 4 Months,26839.097138748944,paved,,City,Local,,,W DRAKE AV,PHILLIPS AV
01KP4C7QWKMX5GYNRY703JK80N,{623A14BA-FED2-46B6-8AB2-11DD8B47EBEB},KENT DR,69,C,'-13,asphalt,2,208.00410626042554,60,20,5 Years and 4 Months,13636.15490898704,paved,,City,Local,,,,CATHERINE CT
01KP4C7Z1DNHYFRSATDPR8FVMN,{0364FE69-8E15-4EC3-84FA-A6140BA80462},S GAY ST,69,C,8.88,asphalt,2,1058.4441950194641,53,28,7 Years and 6 Months,61293.24328096404,paved,,City,Arterial,,,E THACH AV,MILLER AV
01KP4C8DNB86GF2RYAXHNZPQ5C,{AD99EDEC-EF15-491A-989E-F1A411CDD9B9},OVERHILL CT,69,C,4,asphalt,2,186.22923956235633,50,30,8 Years and 1 Months,10173.88071847206,paved,,City,Local,,,,
01KP4C7QT4ASFJY5SE3Y8PXATJ,{67A3F82D-3215-4879-A08C-D798381D5C64},BRITNEE CT,69,C,12.5,asphalt,2,515.4654599297992,50,20,5 Years and 4 Months,28160.36899545058,paved,,City,Local,,,RICK DR,
01KP4C8370RJWK7N7WEY5EE1G6,{441E2FC5-2C7B-4B3A-B168-6A5D16F664F2},S ROSS ST,69,C,'-22.83,asphalt,2,529.0000809197766,45,6,1 Years and 7 Months,26009.800407223447,paved,,City,Collector,,,N ROSS ST,ROSS CIR
01KP4C85FTWTFNB8A6JC8Y9J7Y,{DB840103-8C63-44FE-9156-907EB190A180},E UNIVERSITY DR,69,C,3,asphalt,2,209.41830992187906,80,20,5 Years and 4 Months,18305.154747266726,paved,,City,Arterial,,,CAROLYN CT,MCKINLEY AV
01KP4C82MJGW7QQK9D627TRMET,{20CCD763-0ECF-4855-AC31-5506F395A7EA},S DEAN RD,69,C,3.84,asphalt,2,901.0093267885869,90,8,2 Years and 2 Months,88601.39572784625,paved,,City,Collector,,,MOORES MILL RD,HEARD AV
01KP4C7Z1NX6QWJ2VTQ4M7HGR4,{93A70A33-2D2A-45A2-8257-5090C2AFD90A},CONE ST,69,C,6,asphalt,2,349.5536710615613,50,20,5 Years and 4 Months,19096.44995835125,paved,,City,Local,,,E MAGNOLIA AV,MCKINLEY AV
01KP4C7YXYBFSFGHK562DAVDZE,{9CF4B8E3-18F7-4F66-A6E9-2F9607A6B497},BIBB AV,69,C,1.05,asphalt,2,550.9155072717546,50,20,5 Years and 4 Months,30097.038843691447,paved,,City,Local,,,,SEAY ST
01KP4C85TXXSGW2XRE6ETA2BWE,{AE6180BF-B7EC-4FB6-A907-8BAEFEBE0423},COTSWOLD WAY,69,C,8,asphalt,2,505.2551419319951,60,20,5 Years and 4 Months,33123.08351894179,paved,,City,Residential Collector,,,RICHLAND RD,CHURCHILL CIR
01KP4C7ZKECN6VPTFQSWZ4SN3J,{99BF1543-9E13-49D3-8E55-8E2112CC6FB0},MARTIN AV,69,C,9.33,asphalt,2,600.895909583917,24,20,5 Years and 4 Months,15757.207594746258,paved,,City,Local,,,SPRING ST,PITTS ST
01KP4C8ARH1ZBYSN59G3M8AAPT,{F7494959-91FE-4889-AC00-984298A6113D},BLACKBERRY LN,69,C,'-3,asphalt,2,1057.058902834984,60,20,5 Years and 4 Months,69297.76150156774,paved,,City,Local,,,SANDHILL RD,HUNTERS HILL LN
01KP4C82YW4C7NHKF5G7Y9WF2A,{F908F87C-B0F2-4F93-BEB9-BAD0E44CF6B1},OVERWOOD PL,69,C,'-4.7,asphalt,2,577.2449654901059,60,20,5 Years and 4 Months,37842.53066620136,paved,,City,Cul-de-sac,,,BOND AV,
01KP4C7ZHFMTYBT8X6XHFVZB95,{25F80454-3FDB-44C5-A212-AEDE189AD500},SOCIETY HILL RD,69,C,'-0.25,asphalt,2,1352.0128554780101,80,20,5 Years and 4 Months,118178.79988168739,paved,,City,Arterial,,,CRESS LAKE RD,SANDHILL RD
01KP4C8305RQ047GYTXJV8YF4S,{3CD9AB02-E642-46FE-97D2-10EABC5A81C6},CRESS LAKE RD,69,C,'-0.1,asphalt,2,3240.521023656062,50,20,5 Years and 4 Months,177032.74973282937,paved,,City,Local,,,CAT TAIL RD,
01KP4C85H28MXD16CSB809N19S,{F9A491EC-1858-4976-B748-FB2BCDB127E7},N GAY ST,69,C,14.75,asphalt,2,363.7690568342889,40,10,2 Years and 8 Months,15898.440017262401,paved,,City,Collector,,,E DRAKE AV,OAK MEADOW LN
01KP4C82MR5GTE7ND4BSMV4Z19,{AF3D20D6-2D9B-4846-A16F-FE05A6B50BEE},HAMILTON HILLS CT,69,C,'-0.5,asphalt,2,397.92417138305575,50,20,5 Years and 4 Months,21738.97645805765,paved,,City,Local,,,HAMILTON HILLS LN,
01KP4C82WGT4E0PWNVSD5WZK08,{777865AF-B2E2-4ECF-93EE-440AAAF8F305},WATERCREST CT,69,C,'-6.95,asphalt,2,578.8086027081682,50,20,5 Years and 4 Months,31620.865212235527,paved,,City,Cul-de-sac,,,WATERCREST DR,
01KP4C836ZD2821PVARRSR05K3,{C3DC4BBB-DEAA-4417-BF73-B72047AF8ABA},CEDARCREST CIR,69,C,11.83,asphalt,2,369.90576047694935,40,20,5 Years and 4 Months,16166.643188844957,paved,,City,Cul-de-sac,,,OLD STONEHOUSE WAY,E MAGNOLIA AV
01KP4C7R6ZMFJ68JNDCX2XPF48,{47FC1E3E-9A48-4786-96F4-30F24F71A335},CEDARBROOK DR,69,C,4.13,asphalt,2,361.9206154054194,50,20,5 Years and 4 Months,19772.06790589845,paved,,City,Cul-de-sac,,,,
01KP4C7R5AM90GPCGQ74PREQEA,{85B9CA60-61E6-4466-8199-E4C850958160},MONROE DR,69,C,'-14,asphalt,2,238.49364888846972,50,20,5 Years and 4 Months,13029.135175585565,paved,,City,Cul-de-sac,,,RICHLAND RD,SNOWSHILL LN
01KP4C7ZMWBX5498Y4S6MJSD1X,{F3DD3ADC-8D07-4D0C-8A61-B19CD7BBC7CE},LAW DR,69,C,14,asphalt,2,328.96028733931666,50,20,5 Years and 4 Months,17971.413792858617,paved,,City,Local,,,WHITAKER LN,
01KP4C7Z1ASZ5G88GQR9JMKFB5,{667461F9-672F-4357-AE10-1BCCA9BDC7F1},ALAN AV,69,C,'-12.12,asphalt,2,326.09387085226217,50,20,5 Years and 4 Months,17814.81873025037,paved,,City,Local,,,OAK ST,
01KP4C7Z3R2808FRZG4AWSNF0W,{F4689DD0-0764-4E56-9AC7-F7352F23CCAB},RAILROAD AV,69,C,22.75,asphalt,2,474.6909660713248,50,20,5 Years and 4 Months,25932.81956311083,paved,,City,Local,,,,BYRD ST
01KP4C7Z73TBJ9J0AKF3ZTG562,{DBF1675E-0971-4DEE-99A5-455507B5D389},BURKE PL,69,C,6,asphalt,2,996.1203565281428,60,20,5 Years and 4 Months,65302.804515823525,paved,,City,Local,,,,BURKE LN
01KP4C85TKP9P80YV2TRE1101M,{072782A2-0E08-4473-B79F-F013DA5DE112},TUTTON DR,69,C,'-5,asphalt,2,223.9890332032899,60,20,5 Years and 4 Months,14684.08104814139,paved,,City,Local,,,HAMILTON RD,OAKDALE DR
01KP4C7R3HTD1N8SVK9BFD29DE,{D0244032-D5F3-4A3C-B8D5-22A986B3A29F},WINSTON CT,69,C,22,asphalt,2,200.25788080558996,50,20,5 Years and 4 Months,10940.278750200623,paved,,City,Cul-de-sac,,,CHURCHILL CIR,
01KP4C7ZJN7V8VSM21FRR01CZ7,{946463FB-DC75-45C8-A57D-2026111F7953},MOORE AV,69,C,33,asphalt,2,415.9503210089693,15,20,5 Years and 4 Months,6817.128653964857,paved,,City,Local,,,MOORE CIR,PAYNE ST
01KP4C82JSXAPM4165S0CCKAY3,{74B43686-45CD-45EE-930A-76181B97595D},MOSSWOOD PL,69,C,'-8.62,asphalt,2,349.8100934581677,50,20,5 Years and 4 Months,19110.458558089664,paved,,City,Local,,,S SAGEWOOD CT,
01KP4C82KBTFWSDHZE63G4CK56,{8839F832-F426-447E-91D7-CBD843C4FF46},DIXIE DR,69,C,'-17.75,asphalt,2,178.7782121592429,60,20,5 Years and 4 Months,11720.188794268082,paved,,City,Cul-de-sac,,,KIMBERLY DR,
01KP4C82MT5MHYD153N85C9VD3,{876708BC-58E5-442C-8D16-7D9D9721C6BD},PATRICK RD,69,C,'-5.12,asphalt,2,680.460733804443,50,20,5 Years and 4 Months,37174.217945578435,paved,,City,Cul-de-sac,,,MOORES MILL DR,
01KP4C82P784KXY12DSWGHC2VH,{51FE3918-D6F8-46F1-8755-12CEA25E118D},HARE AV,69,C,3.05,asphalt,2,718.964863685168,50,20,5 Years and 4 Months,39277.73523156232,paved,,City,Local,,,,PAYNE ST
01KP4C82QNNX8CFEQH6V9JMV3Q,{14B6BF06-9933-4696-9326-9B1AB7BEC757},CREEK NATION DR,69,C,0.75,asphalt,2,144.93973898034244,60,20,5 Years and 4 Months,9501.835174011307,paved,,City,Local,,,ARAPAHOE CIR,
01KP4C82WNQ17P0C0V2NG04PVA,{BDA5739E-EDA6-44F5-B48D-9F9727EF27B0},HIGHRIDGE LN,69,C,'-6.19,asphalt,2,379.6577893093806,60,30,8 Years and 1 Months,24889.279930582106,paved,,City,Local,,,STONE POINTE DR,POST OAK CT
01KP4C82Y3XMH817GXGH785XJS,{C6844229-AD84-4723-BB53-3C9D539C788F},PERRY ST,69,C,'-4.75,asphalt,2,572.221736899792,50,20,5 Years and 4 Months,31261.01845991839,paved,,City,Local,,,OPELIKA RD,E DRAKE AV
01KP4C82ZFM8B3GHKRH7CVN7ZS,{0ACF59D4-8A8C-4B5A-BEB8-C17D87133A8E},COOPERS POND CT,69,C,'-2.69,asphalt,2,329.61603028360366,50,20,5 Years and 4 Months,18007.23765442211,paved,,City,Local,,,COOPERS POND RD,
01KP4C834CW76V7Q48ZSGW4Y8Z,{EE495F11-1683-40D2-B218-4649772083CF},HICKORY WOODS DR,69,C,'-12.5,asphalt,2,449.7106496340876,60,20,5 Years and 4 Months,29481.74530244039,paved,,City,Local,,,BUTTERNUT DR,BUTTERNUT DR
01KP4C8368CY6JBBCMYDT629F7,{E3006697-48EA-400C-BC5F-23CCC2380A6B},MOORE AV,69,C,'-1.75,asphalt,2,319.54718561080296,40,20,5 Years and 4 Months,13965.7336644569,paved,,City,Local,,,MOORE CIR,ARMSTRONG ST
01KP4C85FQD4F9CPR4XJKHHSHZ,{185FE62F-F3C6-4E64-9B00-E94D3601A20C},BOND AV,69,C,'-0.5,asphalt,2,322.31921534593283,60,10,2 Years and 8 Months,21130.326846035503,paved,,City,Local,,,GENTRY DR,OVERWOOD PL
01KP4C85H2C3X1T005QSN4HS5B,{5CFF6A3A-F4EE-4795-8DDF-F2F64FDD2231},ACADEMY DR,69,C,'-5.62,asphalt,2,313.1986368513677,60,20,5 Years and 4 Months,20532.40777872752,paved,,City,Residential Collector,,,AUBIE DR,STEPHANIE CT
01KP4C82ZMEH9KMR0578HV3K8G,{55ECAFD4-E9AF-478F-9983-80E58DC59DE4},WATER OAK CIR,69,C,'-3.17,asphalt,2,274.6118367661905,50,20,5 Years and 4 Months,15002.30617761962,paved,,City,Cul-de-sac,,,GLENN BROOKE DR,
01KP4C85KFCHP0865MW488VKXM,{E6CC394E-4805-4387-B448-DF4D7FCD8524},MEADOWBROOK DR,69,C,'-18.5,asphalt,2,234.92654841568384,50,20,5 Years and 4 Months,12834.261079518727,paved,,City,Local,,,,S GAY ST
01KP4C85MD70S76CJ1YSCQMYGG,{AA16EB79-2ED0-4046-B99C-37771CD780E6},FOREST PARK CIR,69,C,6.75,asphalt,2,256.36893131540785,50,20,5 Years and 4 Months,14005.678878647697,paved,,City,Cul-de-sac,,,W DRAKE AV,
01KP4C85MK3DMXGW24TR8JJ7X4,{F09D78D8-C7BB-4EFE-86FD-7A06FE4F951B},SEAY CIR,69,C,1,asphalt,2,280.49272369185775,50,20,5 Years and 4 Months,15323.584631213516,paved,,City,Cul-de-sac,,,BIBB AV,
01KP4C7QRS5XXTEMPV4NWE2W1V,{9441CE69-C08E-4356-845A-9AF2BEB8A619},N COLLEGE ST,69,C,'-17,asphalt,2,194.08562007547147,84,28,7 Years and 6 Months,17813.178210526774,paved,,City,Arterial,,,MITCHAM AV,BRAGG AV
01KP4C8AC1ZWW24P2RRTMQTXJ0,{D58BBA5E-36BA-4787-9573-74CF9229581E},COMMERCE DR,69,C,'-14.5,asphalt,2,400.5488490506727,60,20,5 Years and 4 Months,26258.838118479103,paved,,City,Collector,,,SPARKMAN DR,
01KP4C8AQPDTD6BMYTFTKXJNTZ,{909BE6BC-B504-41DE-A145-6C9B19843604},WOODWARD OAKS TRL,69,C,'-3.94,asphalt,2,502.63167722076116,50,6,1 Years and 7 Months,27459.247223405626,paved,,City,Local,,,MIRACLE RD,JAMES BURT PKWY
01KP4C8ARR28RT9S18GGGYQMNA,{D1ED1447-2329-462F-BF45-AB9728013E03},COLLIER CT,69,C,'-16.87,asphalt,2,225.5181239777423,50,20,5 Years and 4 Months,12320.269892069753,paved,,City,Cul-de-sac,,,CANTERA CT,
01KP4C8ARVSQCSH04C0EHBSJX2,{7B56E4E7-FA29-4244-9377-0B64C5A3E8FD},BRADLEY LN,69,C,'-8.75,asphalt,2,506.726650260281,50,20,5 Years and 4 Months,27682.95950052892,paved,,City,Cul-de-sac,,,HATCHER DR,
01KP4C8AS7SX7ZZGK7F99T656G,{8F009726-4AD7-415B-96E7-4C171186FA2F},SHROPSHIRE DR,69,C,44,asphalt,2,179.1420543591409,50,20,5 Years and 4 Months,9786.70104112021,paved,,City,Local,,,,RUTLAND RD
01KP4C8DPH4X0Q6Z7NYKEWG9VK,{5BED3556-01B9-4A37-B8F1-482A993223DD},GROVE HILL RD,69,C,2.5,asphalt,2,336.60579856332294,80,20,5 Years and 4 Months,29422.552563944544,paved,,City,Collector,,,,
01KP4C8DQ9ZBW7JBY4FXBA36X3,{E9C205E0-4F4C-46A8-806C-C0548808BDC2},JACKSON BLVD,69,C,'-9.25,asphalt,2,378.42485165189953,24,20,5 Years and 4 Months,9923.380824174665,paved,,City,Local,,,BRIARWOOD AV,
01KP4C8DWFNM702SD12FMP7ACG,{5D843557-04C6-4434-AA7A-89E8DDD56D47},KENTWOOD DR,69,C,7.5,asphalt,2,595.0577315708977,60,20,5 Years and 4 Months,39010.284716840695,paved,,City,Local,,,,
01KP4C8E5A4CHQGJFPKF5FZCY9,{38CCD255-793A-4877-9BAE-267A18CB3D60},GLASCO ST,69,C,6.67,asphalt,2,628.8066906294564,50,20,5 Years and 4 Months,34352.30837260209,paved,,City,Local,,,COTSWOLD WAY,
01KP4C8E5J2XGFKMHSTKB123CW,{19489ACF-35B2-4051-AC2E-71FA97A7DBA6},COTSWOLD WAY,69,C,'-6,asphalt,2,199.00856111493894,60,20,5 Years and 4 Months,13046.4326708065,paved,,City,Residential Collector,,,CHERINGTON DR,
01KP4C85SG1KFA4S6BHZNV081K,{A30C093E-5141-4768-A7D6-96C953865202},S COLLEGE ST,69,C,20.8,asphalt,2,2190.9387923356853,24,6,1 Years and 7 Months,57452.67496016263,paved,,City,Arterial,,,DEVALL DR,SHUG JORDAN PKWY
01KP4C85TQ85C6V85DJDN4DA5S,{8425A9D8-3550-47D0-A4C7-C5979838D954},HAMILTON RD,69,C,'-3.5,asphalt,2,665.9876135981185,80,16,4 Years and 4 Months,58213.660167652684,paved,,City,Collector,,,BARKLEY CREST DR,TUTTON DR
01KP4C82Y307BKNYRQFFGHNZC8,{FC993EE3-BED4-40C3-BE02-5C6CD17229A0},WEDGEWOOD CT,69,C,'-10.25,asphalt,2,630.0508074259833,50,12,3 Years and 3 Months,34420.275658069484,paved,,City,Local,,,SHADOW BEND LN,
01KP4C82NRE981BPWYYS7B6MG1,{71E80AEA-D0BD-435F-BA02-1E629633A019},E SAMFORD AV,69,C,5.5,asphalt,2,206.35985634311425,60,20,5 Years and 4 Months,13528.362582265017,paved,,City,Arterial,,,DENSON DR,BLAKE ST
01KP4C7ZJFZWH2BGG4YRA2GTCX,{818BFF10-6D10-4596-9BF6-D84F7CE5B2E7},PIEDMONT DR,69,C,8.63,asphalt,2,1048.6716965473029,60,18,4 Years and 10 Months,68747.9202207939,paved,,City,Residential Collector,,,HIGHRIDGE LN,WEDGEWOOD CT
01KP4C838M3QR1BP129C2NP4Z6,{2ABB37D2-B2AC-4CF5-8B93-1A5AEC743C90},SEQUOIA DR,69,C,'-5.25,asphalt,2,301.5340758226147,50,30,8 Years and 1 Months,16473.093737499745,paved,,City,Local,,,REDTAIL LN,MOHICAN DR
01KP4C7ZN11AS1A4D4M0BMN104,{54B31431-909C-49D8-90C5-FA0EFCC31CD5},BRUCE CT,69,C,7.88,asphalt,2,188.6979464856265,50,20,5 Years and 4 Months,10308.748528839762,paved,,City,Cul-de-sac,,,DEKALB ST,
01KP4C7YYHP22PYM5D6BNP54ER,{30DB8621-B6FD-4B36-B8FA-A0ABC8F3C3C8},MOORES MILL DR,69,C,'-10.06,asphalt,2,434.6194579495176,50,20,5 Years and 4 Months,23743.67491107543,paved,,City,Residential Collector,,,HIGHLAND RD,
01KP4C85KH0NV8SSRM7PZK0GJK,{68AA647C-95F5-4374-9AAB-3ED17240234D},PINEDALE DR,69,C,6.69,asphalt,2,368.6430724530343,45,20,5 Years and 4 Months,18125.389923074727,paved,,City,Local,,,,PAYNE ST
01KP4C82Q4B0EVP7EDFATTK63B,{24EE7BA1-9A92-438D-AD0C-CB0A66BE6362},THOMAS ST,69,C,4,asphalt,2,454.26480266116334,50,20,5 Years and 4 Months,24816.918802524742,paved,,City,Local,,,W MAGNOLIA AV,GENELDA AV
01KP4C85FEK6RBF8M00VA47XJW,{4A86196C-3C71-4C43-A07C-98AF39455ACA},HARPER AV,69,C,13.75,asphalt,2,474.4121519974155,50,30,8 Years and 1 Months,25917.58768471595,paved,,City,Collector,,,GIDDEN ST,SUMMER HILL RD
01KP4C8DT2K1W2S5ZX8963G1R9,{E2572745-E43B-4D75-A1BB-4A04A147D4C4},N DONAHUE DR,69,C,15,asphalt,2,218.89822234361478,80,6,1 Years and 7 Months,19133.789377806635,paved,,City,Arterial,,,BEDELL AV,
01KP4C7R2YTMCVY1NRZW2Z6R4H,{36E39A37-26AE-484B-A733-9F21994AB9ED},E SAMFORD AV,69,C,1.69,asphalt,2,910.7129858286866,24,6,1 Years and 7 Months,23881.49652553053,paved,,City,Arterial,,,S DEAN RD,OAK ST
01KP4C8DNHXAMQ59JYQ3SM2ZTY,{A05D468D-DDE7-42BD-BCD0-BD3897AC4D0D},REDTAIL LN,69,C,'-6.87,asphalt,2,165.1200547234762,24,6,1 Years and 7 Months,4329.919606434469,paved,,City,Local,,,W FARMVILLE RD,
01KP4C7ZD2AW4PG7HN052GFWRY,{5101604A-79D2-442F-AFEB-D14D57CD9DCE},TURN LAKE DR,69,C,0.13,asphalt,2,409.67263100355837,50,20,5 Years and 4 Months,22380.80599613487,paved,,City,Local,,,,
01KP4C7VZVDMW54BX9MQC3Z1BF,{8C09B49C-4FBE-409D-B748-4C5FFF93D8C4},ENTERPRISE DR,69,C,54.17,asphalt,2,1424.0023725678543,80,20,5 Years and 4 Months,124471.36928978826,paved,,City,Local Commercial,,,S COLLEGE ST,
01KP4C82G2PWF5HVHVXMP4RMVV,{79010C14-987E-4133-9AF2-C3FD16521B99},W LONGLEAF DR,69,C,'-4.54,asphalt,2,3161.9190232122373,60,20,5 Years and 4 Months,207286.3771074422,paved,,City,Collector,,,,COX RD
01KP4C8DPTHHS9NWQQ8QE2WBQS,{B78C2B7F-3D04-4F2D-8C41-C16E77CDC55D},E SAMFORD AV,69,C,'-7.62,asphalt,2,499.44331879214127,80,20,5 Years and 4 Months,43656.10266546926,paved,,City,Arterial,,,,SAMFORD VILLAGE CT
01KP4C7Z3269CHVHEA3QZZXW8R,{AD01FC81-7011-4B7C-9941-57D35727ED1E},E GLENN AV,69,C,'-1.81,asphalt,2,521.1168588970718,150,20,5 Years and 4 Months,85407.33090995224,paved,,City,Arterial,,,DOGWOOD DR,HICKORY WOODS DR
01KP4C897DG39WBHRKMKBMFWKC,{D85ABEEA-455D-4A04-A3B6-35E313C1F014},FALLS CREST DR,69,C,'-10.25,asphalt,2,276.57753007284333,50,6,1 Years and 7 Months,15109.693875050927,paved,,City,Local,,,,
01KP4C7W2TTVVNTTB7WE11PXS1,{51E157BD-C883-40DC-A296-F30D866EC062},E VETERANS BLVD,69,C,10,asphalt,2,278.5110816812142,60,30,8 Years and 1 Months,18258.390769072743,paved,,City,Collector,,,OVER LOOK CT,PANDA CT
01KP4C7ZEER6KQZQ3ZTQ1AECPX,{D3D5F5F9-52D9-47FE-8716-E943BCDAB6B5},HIGHRIDGE LN,69,C,'-8.08,asphalt,2,709.0618335080921,60,30,8 Years and 1 Months,46484.067913837636,paved,,City,Local,,,STONE POINTE DR,POPLAR RIDGE DR
01KP4C82TBW47MC93HPC4KVNR3,{10440DAC-025B-4A88-9381-818EAFD94AE7},N COLLEGE ST,69,C,'-8.5,asphalt,2,1186.4880311689471,24,8,2 Years and 2 Months,31113.106143053137,paved,,City,Arterial,,,WYNN AV,MIMOSA AV
01KP4C7VMFWVJKVX1RP0MKKKDT,{B8E2EE72-28D1-4A01-8C2D-165A9F456815},OPELIKA RD,69,C,23.81,asphalt,2,866.6961015940765,60,12,3 Years and 3 Months,56818.120145931665,paved,,City,Arterial,,,N GAY ST,PERRY ST
01KP4C8ANKTW4QD2H1JVGZ73MH,{02D088F0-8502-4E8D-B28C-F8C4D6E7A42A},CARY DR,69,C,'-7.62,asphalt,2,422.6518066245239,60,20,5 Years and 4 Months,27707.84486571343,paved,,City,Local,,,,N DONAHUE DR
01KP4C8DWE992XKE40910CAR1G,{78516205-4DD6-45B7-931C-D976A506FD2F},KENTWOOD DR,69,C,4.13,asphalt,2,363.1737284205054,60,20,5 Years and 4 Months,23808.631996024276,paved,,City,Local,,,GROVE HILL RD,
01KP4C8E5RT17ZNFV4RDN30X7M,{40E21686-02EC-4634-8D46-F071DDE07910},HARVEST DR,69,C,'-1.56,asphalt,2,484.0895204153442,50,30,8 Years and 1 Months,26446.271537928744,paved,,City,Local,,,THORNBERRY DR,CLOVERDALE DR
01KP4C8DXP6J69DXCWKEG3PEES,{D7F31D2D-1C9F-4D85-8A16-A1B8FBABECAE},FORREST CV,69,C,'-6,asphalt,2,394.4857997961807,50,20,5 Years and 4 Months,21551.13494362706,paved,,City,Local,,,BEAVER DR,FINN TER
01KP4C861S3YF2EG55QS7E10VF,{1C5DA216-B16F-4C96-A5C0-CED14532C23E},WIRE RD,69,C,5.25,asphalt,2,49.87812872420916,80,30,8 Years and 1 Months,4359.823480293254,paved,,City,Arterial,,,HALEY LN,
01KP4C7ZMR71MC7FWFEG1FRADX,{36F3D0FA-7369-4B96-B64B-06DEFF5D8DDA},TACOMA DR,69,C,33.25,asphalt,2,941.2415186135797,60,20,5 Years and 4 Months,61705.104698824536,paved,,City,Residential Collector,,,SHELTON MILL RD,SUNDILLA CT
01KP4C85R0M6JMBKY6X9P74VEA,{44346E22-C913-4284-B10E-5768CAB4A18E},WASHINGTON CT,69,C,4.75,asphalt,2,211.54764406652538,40,20,5 Years and 4 Months,9245.639415440812,paved,,City,Local,,,PITTS ST,LINCOLN ST
01KP4C8AGESZJECWJ5NERN3SJS,{74475616-54E0-49DF-A913-7E3A71343495},WEATHERFORD ST,69,C,8.5,asphalt,2,479.8515977087703,50,20,5 Years and 4 Months,26214.749784351745,paved,,City,Local,,,AMBER LN,MOORES MILL RD
01KP4C82Y92NDVHN2PNG6XAK7H,{E8D802D0-8C42-48ED-9CED-9AF6AC80951B},WHITAKER LN,69,C,14.56,asphalt,2,882.996117655073,50,20,5 Years and 4 Months,48238.91885618013,paved,,City,Local,,,DEKALB ST,LAW DR
01KP4C7W2CN88KJSCX5HAM5NDW,{6F31CBD7-FFD9-4443-A2DE-BE5EA09F0A9F},CANARY DR,69,C,5.5,asphalt,2,1396.3616343837627,60,20,5 Years and 4 Months,91541.4791455298,paved,,City,Local,,,ORIOLE DR,ORIOLE DR
01KP4C83ASTAEW2MSB5PCRT1S8,{19928659-4CC3-4B66-AF32-F0DDC9BD342A},OGLETREE RD,69,C,19.25,asphalt,2,297.72329507977304,70,30,8 Years and 1 Months,22770.87001868464,paved,,City,Collector,,,EAST LAKE BLVD,GOOSE HOLLOW DR
01KP4C8DXK5N30568G4TD1ZNCG,{5E93F0E1-EBCF-47AA-9AD7-7D0A2DC38AAA},MIMMS TRL,69,C,'-16.5,asphalt,2,561.9401782551622,50,14,3 Years and 9 Months,30699.327119201655,paved,,City,Local,,,SHROPSHIRE DR,RUTLAND RD
01KP4C82HT1W1K46GN6HVDEZ2M,{64A1B5B4-89A9-4120-A818-CA6CD46B54EB},HUNTING CREEK CT,69,C,4,asphalt,2,184.856799028643,50,20,5 Years and 4 Months,10098.90298502908,paved,,City,Cul-de-sac,,,GLENN BROOKE DR,
01KP4C85FQ96XZS0QPXPHB5J56,{62280059-A4C3-447F-8DE6-FBE2D0454052},N DONAHUE DR,69,C,20,asphalt,2,480.84088826478364,90,30,8 Years and 1 Months,47283.83220529483,paved,,City,Arterial,,,N CAMDEN DR,STONE POINTE DR
01KP4C8374D5J827B08ZXEH3BA,{7AC1F34C-AEC5-4D12-8AE8-F64786ACEBBD},S CARY DR,69,C,19.5,asphalt,2,567.6264276933439,60,6,1 Years and 7 Months,37211.96680978222,paved,,City,Local,,,,CARY DR
01KP4C8DRVYK5HAZMM8WCGXANE,{522748D7-2967-437F-B531-C18B449A09DC},,69,C,5.75,concrete,2,368.2249826587489,24,30,8 Years and 1 Months,5653.130209960981,paved,,City,Driveway,,,,
01KP4C82GHFM8E8Y08Z82EEG8E,{D0012513-705A-4456-88D2-ECEA18966CE6},HONEYSUCKLE DR,69,C,6.75,asphalt,2,115.32273963072387,60,20,5 Years and 4 Months,7560.229316648453,paved,,City,Local,,,ROCKY HILLS DR,
01KP4C85H5TZA5RWEN5NKC1MAZ,{215642EC-5FFA-4B7B-90C3-5F9E889FF3B7},JUDD AV,69,C,'-5.75,asphalt,2,249.54533436778974,50,20,5 Years and 4 Months,13632.899278735558,paved,,City,Local,,,RICHLAND RD,ALBERTA ST
01KP4C82RBDHF6QXFWW54592E9,{60250ACF-2BCB-48D3-8368-CD8F013AB64B},JORDAN ST,69,C,0.25,asphalt,2,478.2196069381794,50,20,5 Years and 4 Months,26125.59257427744,paved,,City,Local,,,MARTIN LUTHER KING DR,COMBS AV
01KP4C85HA9GYKNX9ANYWDA72E,{F81F3A7E-5B98-498F-9534-8FECADD8E989},FOSTER ST,69,C,3.25,asphalt,2,37.51398270334417,40,20,5 Years and 4 Months,1639.5396821490128,paved,,City,Residential Collector,,,STUBB AV,STUBB AV
01KP4C7R7JZSDKJP17AJDRV7M9,{9F63F4DE-2BEF-4DCC-83A3-668AE7D976E4},N DONAHUE DR,69,C,'-9.5,asphalt,2,389.8134893962146,80,6,1 Years and 7 Months,34073.41148265198,paved,,City,Arterial,,,GREENTREE TER,RUTH WAY
01KP4C7Z94NDVDZ6APAHWRRCT7,{9BD9A8B9-60A3-4BDE-9FB3-9201BEF63B5E},NORTHWOOD DR,69,C,4.7,asphalt,2,1064.745483294638,50,20,5 Years and 4 Months,58168.059795703484,paved,,City,Local,,,NORTHLAKE DR,NORTHPOINTE DR
01KP4C82JWVV618F270H5RRR3Q,{524DEB09-911B-4E61-AF1E-14CD38E4205D},DOWNS WAY,69,C,'-6,asphalt,2,186.80594758831697,60,20,5 Years and 4 Months,12246.464192611236,paved,,City,Residential Collector,,,W LONGLEAF DR,YEAGER LN
01KP4C7W6BRFDM4FDQ1RRZ1Y2S,{C6593D33-892A-42B7-9470-BAC7ED98B16A},E UNIVERSITY DR,69,C,13.08,asphalt,2,660.7440673694593,80,10,2 Years and 8 Months,57755.32428873236,paved,,City,Arterial,,,CRICKET LN,WINDSOR DR
01KP4C8DRQ7N458JMJ5XFQKQK5,{496D5CEA-D66A-4E0E-B78C-F386F4F00AEE},WIRE RD,69,C,4.75,asphalt,2,89.34575689362926,24,30,8 Years and 1 Months,2342.901019342084,paved,,City,Arterial,,,,COX RD
01KP4C8351VN1HH3MEX0P02WMJ,{314FDB7E-00A2-4837-93E1-3B4A848C158D},MOORES MILL RD,69,C,'-6.62,asphalt,2,1055.017052877417,80,20,5 Years and 4 Months,92218.5382029422,paved,,City,Arterial,,,HAMILTON RD,BENT BROOKE DR
01KP4C7YQN6703RTC4J6PPK7T8,{BAE91387-69F1-4B3A-84D0-411E2582F6F1},LOBLOLLY CT,68,C,7,asphalt,2,172.44886599630505,50,20,5 Years and 3 Months,9179.48050981919,paved,,City,Local,,,TIMBERWOOD DR,
01KP4C7Z55BK7YFZY54JK3W7T7,{AEEE5AA6-87D5-4D6D-90F6-AF5052EF42BA},WHITE ST,68,C,'-5,asphalt,2,224.88367142827565,50,20,5 Years and 3 Months,11970.593525947974,paved,,City,Local,,,PORTER AV,W DRAKE AV
01KP4C839DSFWTZYGN88CXAFX9,{C8D7D82E-7DE7-41B2-8B05-1068BBA51EE0},TUSCANY HILLS DR,68,C,0.17,asphalt,2,311.45719731806724,24,30,7 Years and 10 Months,7957.879704427723,paved,,City,Residential Collector,,,,
01KP4C82W96A1PQVG6TXW8TYY7,{2C4F32FC-9AA0-49CC-B453-7313464DF6D8},E DRAKE AV,68,C,6.75,asphalt,2,25.96806496848346,24,20,5 Years and 3 Months,663.4964256899756,paved,,City,Collector,,,N GAY ST,N GAY ST
01KP4C7YZHATMQ703RFMHYGAZM,{0C43DE69-14C3-43A3-9A4E-F47A3581883D},FISK CT,68,C,'-3.5,asphalt,2,183.90611577744,60,20,5 Years and 3 Months,11747.222081136093,paved,,City,Cul-de-sac,,,E UNIVERSITY DR,
01KP4C8AS8S1MRVJCKG4ZFVKS5,{20C9F2A7-B563-4C83-AD99-9D12739A23F0},DRIVER LN,68,C,12.5,asphalt,2,214.67941348396616,50,26,6 Years and 9 Months,11427.419255848898,paved,,City,Local,,,BUNKER DR,NICKLAUS CT
01KP4C8AE7XQMY27TBJGC0170Z,{7FF08DF4-591A-4B16-8154-3170DF92D1CE},SHOT ROCK CT,68,C,'-7,asphalt,2,157.84119754942174,50,20,5 Years and 3 Months,8401.91199971406,paved,,City,Cul-de-sac,,,BLASTED ROCK RD,
01KP4C8AEAZW1BBEHFMETCC3E9,{3A2CE28D-A1A2-4492-82BC-091EE41821AE},BLASTED ROCK RD,68,C,'-5.37,asphalt,2,180.81605377277225,50,20,5 Years and 3 Months,9624.867243285582,paved,,City,Cul-de-sac,,,SHOT ROCK CT,
01KP4C7ZK1CPTENJ4B0FPJ5A1C,{8A27CC6D-9DD3-456D-9080-B1E597C9C3F4},WYNN AV,68,C,'-10,asphalt,2,496.902904902405,27,20,5 Years and 3 Months,14283.119070773275,paved,,City,Local,,,,N GAY ST
01KP4C7QZJT82QY85GXQFABQZV,{CE829CF2-6B19-4625-9675-557AED156940},EDEN GATE XING,68,C,'-8.06,asphalt,2,362.9926252770386,50,20,5 Years and 3 Months,19322.15506137379,paved,,City,Local,,,,STARR CT
01KP4C7RGSX27Z0ETXXSDMDD7X,{B8B01205-233C-4BB0-83CF-04ADBCF3E6EA},ARABLE ST,68,C,'-6,asphalt,2,720.7687897006116,50,20,5 Years and 3 Months,38366.63708350795,paved,,City,Local,,,,HOMESTEAD LN
01KP4C82VBYQG2NPYY7XCR8RCJ,{FDFD70F9-14B0-420D-91EC-CE072B100DBA},SHELTON MILL RD,68,C,4,asphalt,2,856.6355470462818,80,20,5 Years and 3 Months,72958.1538290719,paved,,City,Arterial,,,SHELTON LN,E UNIVERSITY DR
01KP4C85XF1ENAZKRX9X5KMP8Z,{3AF1DA45-708E-4999-9A43-56D22E77F8CA},ANTLER RIDGE CT,68,C,42.5,asphalt,2,151.0787297520177,50,20,5 Years and 3 Months,8041.9447654506575,paved,,City,Local,,,ANTLER RIDGE DR,
01KP4C861PZE0M9X7APC26MH6R,{5C0971F3-F7A6-40CA-AD6E-BB917193D339},ALBANS LN,68,C,'-8.67,asphalt,2,829.5834085713223,30,20,5 Years and 3 Months,26495.31391089456,paved,,City,Alley,,,MIMMS TRL,PAM ST
01KP4C8DYCEEVNVRK892F4DEE2,{39BC628F-668A-4E58-98B8-54DAD4AD36CD},THORNE PL,68,C,'-6,asphalt,2,290.65265168591856,50,20,5 Years and 3 Months,15471.486784582981,paved,,City,Local,,,KENNESAW LN,
01KP4C7VM6MF9DJVCMF76TD594,{659D9832-7440-4E9C-A81B-63B21258C7C0},BOYKIN ST,68,C,8.13,asphalt,2,391.7175940637085,24,20,5 Years and 3 Months,10008.571060515402,paved,,City,Local,,,SLAUGHTER AV,STUBB AV
01KP4C7Z1Z3669WG9Z7YN8NG4F,{4D770E02-6F52-417F-B3E6-A7E223326EA7},LAKESHORE LN,68,C,'-12.37,asphalt,2,482.34467956035553,50,20,5 Years and 3 Months,25675.283855645273,paved,,City,Local,,,PRATHERS LAKE DR,
01KP4C8AAGEVXDX4MXXTNPYP44,{ED85CCB6-5A66-4EB0-A6FC-AADD4ED950DF},BARKLEY CREST LN,68,C,'-3.35,asphalt,2,556.0561642885971,50,8,2 Years and 1 Months,29598.95788796524,paved,,City,Local,,,BARKLEY CREST CIR,SUMMERLIN DR
01KP4C82TG9BBYP97ECWBZ49X8,{857FA547-0969-45F7-B6E2-B8260347E010},OPELIKA RD,68,C,17.3,asphalt,2,1129.6817088381886,100,26,6 Years and 9 Months,120266.27335202748,paved,,City,Arterial,,,STARR CT,E UNIVERSITY DR
01KP4C7YQT7GW86W45405H3E66,{BABD1FC7-DE2A-462C-9404-DCC2AA698ADE},CHESTNUT DR,68,C,9,asphalt,2,156.88345511084103,50,20,5 Years and 3 Months,8350.931217685798,paved,,City,Local,,,MULBERRY CT,PECAN CT
01KP4C839ASA4E0KQH2618G79F,{F2ED6264-E983-4607-BAB4-BC6327E6291E},TUSCANY HILLS DR,68,C,'-2.67,asphalt,2,377.6637767549621,24,28,7 Years and 4 Months,9649.489335982975,paved,,City,Residential Collector,,,N COLLEGE ST,
01KP4C7R0NY2FJW80101258J8M,{CFD5A4C2-61C4-4A1C-A60D-420DEC32B0F0},AMY CT,68,C,'-2.5,asphalt,2,215.17640598753226,50,20,5 Years and 3 Months,11453.874245701421,paved,,City,Cul-de-sac,,,RICK DR,
01KP4C82YF15EZ5CCJ2E8356DZ,{6381C52C-A623-4484-937F-BD5B81840E1C},DEKALB ST,68,C,'-12.25,asphalt,2,385.5933700590629,60,20,5 Years and 3 Months,24630.235552248905,paved,,City,Residential Collector,,,IROQUOIS CIR,CORNSTALK LN
01KP4C7VZDJ3QVW11ZZBVK3CPE,{D864554E-88AA-4665-8A07-161DF6FAAB05},TECHNOLOGY PKWY,68,C,26,asphalt,2,3051.3734859346105,80,20,5 Years and 3 Months,259880.15200207537,paved,,City,Local Commercial,,,S COLLEGE ST,ENTERPRISE DR
01KP4C7W1KPGBHKHHQYMR0GEQC,{338A1809-B1A7-484D-9010-40A1D1CED721},ORIOLE CIR,68,C,11,asphalt,2,301.16170969008044,60,20,5 Years and 3 Months,19237.062732298753,paved,,City,Cul-de-sac,,,ORIOLE DR,
01KP4C7W26DCTMP0KPND365ZX8,{2D450F7F-2E71-45FD-988A-DAD009E62C97},KENTWOOD DR,68,C,'-4.05,asphalt,2,602.6021269451535,60,20,5 Years and 3 Months,38491.92824210613,paved,,City,Local,,,WINDWAY RD,
01KP4C7W6ZR0VFXEV1CC701WN5,{172CF6EC-F5E4-4672-80CB-94E78A62E47C},DUNBAR CT,68,C,'-4.75,asphalt,2,960.7801225181131,50,20,5 Years and 3 Months,51142.47842642051,paved,,City,Cul-de-sac,,,CROSSING WAY,
01KP4C82H9QWA621MED18MVSJV,{C3FEB024-8507-4F50-A3C6-43DCA5C4E244},ACADEMY DR,68,C,22.75,asphalt,2,273.99569674404563,60,20,5 Years and 3 Months,17501.80131487918,paved,,City,Residential Collector,,,REYNOLDS DR,AUBIE DR
01KP4C7YYW67YGKV6NZ1K0FE2Y,{D148D428-DC39-49FD-BE89-345D874BA27A},RIVERWOOD DR,68,C,'-9.25,asphalt,2,232.16964894103833,50,20,5 Years and 3 Months,12358.427265456698,paved,,City,Local,,,PATRICK RD,JASMINE LN
01KP4C82YG6KCNJFYHKG1Z2YVT,{31870A08-8B7A-4327-88E4-CE20F295BFA2},DEKALB ST,68,C,'-3.5,asphalt,2,143.10686900248885,60,20,5 Years and 3 Months,9141.121622854216,paved,,City,Residential Collector,,,CHEYENNE AV,IROQUOIS CIR
01KP4C82HFJEQPV702P6RXBGT4,{0F954DF0-3C00-4DD8-8633-50172B7240B8},ALABAMA ST,68,C,7.5,asphalt,2,438.1801891522681,60,30,7 Years and 10 Months,27989.281225183448,paved,,City,Arterial,,,PUMPHREY AV,W SAMFORD AV
01KP4C897ERCF1RFGBXYSBMV37,{B8459826-D2A9-4FD6-B17B-FDC68E2764DE},FALLS CREST DR,68,C,'-17.17,asphalt,2,1094.6007685992777,50,6,1 Years and 7 Months,58265.77265869329,paved,,City,Cul-de-sac,,,,
01KP4C82SD3QH1HHD4SZ4E05JT,{C6F5EC3F-6317-410F-ABCC-F71C74B257F1},FOSTER ST,68,C,'-1.25,asphalt,2,330.728881462187,24,10,2 Years and 7 Months,8450.280411302432,paved,,City,Residential Collector,,,CLARK AV,ZELLARS AV
01KP4C7YZA7FRZ0Q5V90CF1XTA,{7F8E58EE-61C8-48FF-AC4A-1C5C0ACDC4E9},E SAMFORD AV,68,C,'-8.5,asphalt,2,547.2446428742963,50,6,1 Years and 7 Months,29129.919204427817,paved,,City,Arterial,,,S COLLEGE ST,S GAY ST
01KP4C7YYBGGJZQA2DDT9Y47TC,{6A4BB493-6CA4-41E1-9E50-866747B5DF3A},KNOLLWOOD CT,68,C,0.83,asphalt,2,589.3727246507597,60,20,5 Years and 3 Months,37646.88442126329,paved,,City,Cul-de-sac,,,GREEN ST,
01KP4C82NA849NC85WK04EZ2VX,{1E7996C3-7B40-48BF-B552-44C01EB050F4},EAGLE CIR,68,C,'-1.5,asphalt,2,273.66000509113826,60,20,5 Years and 3 Months,17480.3586109168,paved,,City,Local,,,,GREEN ST
01KP4C7ZG8C5ZFCSXCC8YS8J79,{2501F7F6-88F9-45E0-A927-DB42CCCF2CFD},COX RD,68,C,'-3.82,asphalt,2,850.2111291717337,24,26,6 Years and 9 Months,21723.299212780257,paved,,City,Arterial,,,MASTERS CT,S COLLEGE ST
01KP4C7YTSGK4Y33H6V38NAVPC,{D1ECC8C2-8A6D-4381-87AF-0446682D4086},S DEAN RD,68,C,'-0.31,asphalt,2,522.6229226653286,90,6,1 Years and 7 Months,50074.74203309084,paved,,City,Collector,,,HEARD AV,BRENDA AV
01KP4C82G1W4720G1QNPYB62AE,{907C5D7D-6746-44F0-8C30-6218A836DD8A},MIDDLEBROOK LN,68,C,'-7.25,asphalt,2,227.44175650175404,60,20,5 Years and 3 Months,14528.112960545373,paved,,City,Local,,,,WILLOW CREEK RD
01KP4C82WPB2VVC2KGMDTG815W,{E401199C-D4E7-437C-8B8B-368DAB98115C},POST OAK CT,68,C,'-8,asphalt,2,127.42658677888521,50,6,1 Years and 7 Months,6782.937440682405,paved,,City,Local,,,HIGHRIDGE LN,
01KP4C82YE77KEB6KW6JMXXR9Q,{B6DB4A29-4F8D-414F-AE56-43B0FEF1DDF5},DEKALB ST,68,C,18.5,asphalt,2,244.88288562256105,60,20,5 Years and 3 Months,15642.185846385875,paved,,City,Residential Collector,,,CHOCTAW AV,CHICKASAW AV
01KP4C7W3R2HS86R71J9E6P0FF,{6F63E391-D3F2-4777-9DF3-2484DEBC4ACB},YEAGER LN,68,C,7.5,asphalt,2,324.462135787314,50,20,5 Years and 3 Months,17271.170989885042,paved,,City,Cul-de-sac,,,DOWNS WAY,
01KP4C8DPHXD7CWS5Z0QMN58F1,{0F82BB44-97EC-4F0A-821D-09AAA71B5B65},OGLETREE RD,68,C,8.5,asphalt,2,158.3053537224814,80,30,7 Years and 10 Months,13482.590570370574,paved,,City,Collector,,,,SPRINGWOOD DR
01KP4C7ZMFADC0NWXZ6T52CE43,{D53F8233-6145-4DC9-9F8D-31225187A2DB},PITTS ST,68,C,7.67,asphalt,2,588.0072230895528,50,20,5 Years and 3 Months,31299.717819536745,paved,,City,Local,,,OPELIKA RD,WASHINGTON CT
01KP4C82YJG5KETVGF86D1FFFS,{ED15D973-36F5-4AC2-9312-2CE2B1C0508A},CHOCTAW AV,68,C,12,asphalt,2,661.9515812375259,50,20,5 Years and 3 Months,35235.78774095306,paved,,City,Local,,,DEKALB ST,CHINOOK ST
01KP4C85HKNFTD9R57YEDH5QVJ,{BD1CF028-74B8-427E-B3CD-D4E86A382F03},QUAIL CT,68,C,'-6,asphalt,2,247.49554078204014,50,20,5 Years and 3 Months,13174.226920834471,paved,,City,Cul-de-sac,,,COVEY DR,
01KP4C85QTJVZKX6B75HDX9B2X,{E40940DD-2421-40E5-9FCD-FDB56EC70493},RAYMER PL,68,C,5.63,asphalt,2,449.1787121924276,50,20,5 Years and 3 Months,23909.85414821121,paved,,City,Local,,,FAIRWAY DR,PRESLEY CT
01KP4C7ZANV93Y97M98JN6P058,{AC5A264F-AE45-4628-9869-585A752F9A09},N CEDARBROOK DR,68,C,5.54,asphalt,2,781.9827461287559,60,28,7 Years and 4 Months,49950.07884081492,paved,,City,Local,,,N COLLEGE ST,SYCAMORE DR
01KP4C7RMMFZ9K5RPA9FH2JWXR,{B7D62276-3D75-4EF1-8A4B-13E6B966472E},SHELTON MILL RD,68,C,1.83,asphalt,2,929.5094609940189,80,8,2 Years and 1 Months,79164.69783983345,paved,,City,Arterial,,,SHELTON COVE LN,US HWY 280 W
01KP4C85Z5Q5K294TEB3S8H3F2,{A2FE1F2C-71F5-488D-9FBE-BFDFA49B8B22},KEITH CT,68,C,'-6.5,asphalt,2,148.26596159023634,50,20,5 Years and 3 Months,7892.220669727899,paved,,City,Cul-de-sac,,,N CAMDEN DR,
01KP4C85FE5QQNP2F40FY3334B,{6E3E6D7E-FA78-4731-84F3-535C500FCCAE},HARPER AV,68,C,'-2,asphalt,2,244.75193770344757,50,20,5 Years and 3 Months,13028.184493468436,paved,,City,Collector,,,,N RYAN ST
01KP4C8DQ9Z82P6D735EGG79ZT,{EBCCE372-30BB-4CE6-8BAF-C926328E658A},S COLLEGE ST,68,C,19.67,asphalt,2,590.681440761171,80,8,2 Years and 1 Months,50307.306961081566,paved,,City,Arterial,,,,
01KP4C85NWMFN94HM9BKHRW9KB,{207E8285-B7E8-4259-A566-E9BCC5E032D0},ALTAMONT CT,68,C,'-0.25,asphalt,2,1648.2082980055507,50,20,5 Years and 3 Months,87734.38932320023,paved,,City,Local,,,FAIRWAY DR,
01KP4C7YZ6Y4W1362K6K8G5M9X,{C3679687-3CD6-4125-8C88-E925BCA15E84},RIVERWOOD DR,68,C,2.25,asphalt,2,328.60977983041334,50,20,5 Years and 3 Months,17491.95074065541,paved,,City,Local,,,ROSEMARY CT,COLEMAN CT
01KP4C7Z0M12E8T0KF3VG7FWG8,{226B0462-6976-402D-9C30-413441BEA5E0},HARE AV,68,C,2.63,asphalt,2,472.12627042574934,38,20,5 Years and 3 Months,19099.830799734762,paved,,City,Local,,,,PAYNE ST
01KP4C7Z0DSGDTD7KEFMSNJ8PF,{4C55D3CA-DF21-4CED-8441-B79D17620ED9},TISDALE CIR,68,C,'-3.25,asphalt,2,319.2670992501078,50,20,5 Years and 3 Months,16994.63837040058,paved,,City,Cul-de-sac,,,OAK ST,
01KP4C7Z2G49PPRS0G7W6FV7TV,{7D4F088B-40C5-491A-B1D3-963055220636},PRATHERS LAKE DR,68,C,'-9.31,asphalt,2,523.229438339963,50,20,5 Years and 3 Months,27851.58605512804,paved,,City,Local,,,LAKESHORE LN,JOANNA CT
01KP4C7Z2YTG4WM4HWSXQ35KM9,{6D54D420-EB3A-48A5-B734-CF134C5064AD},ALICE CIR,68,C,'-13,asphalt,2,135.4796466053407,60,20,5 Years and 3 Months,8653.923712209713,paved,,City,Cul-de-sac,,,ALICE ST,
01KP4C82FACTGXJCQW7DYZQ48H,{3C2DA4CE-E020-4EA3-9B5F-059BA332BDCE},N BROOKWOOD DR,68,C,'-0.75,asphalt,2,165.73714443395414,50,20,5 Years and 3 Months,8822.214505702621,paved,,City,Local,,,,E MAGNOLIA AV
01KP4C82G7YWV1MK9NT06GF7EQ,{DA5D61D9-9704-4C0E-BC5B-2474195C5F65},MILLERS POINT RD,68,C,8,asphalt,2,208.4106338947151,65,20,5 Years and 3 Months,14421.850460249287,paved,,City,Local,,,MOORES MILL RD,BROOKEVIEW CT
01KP4C82H2HKCK84PQY2QZ2QKA,{D71E9BFC-D437-43AF-AB6E-315D330BE415},W MAGNOLIA AV,68,C,'-0.12,asphalt,2,341.0018734769909,83,20,5 Years and 3 Months,30131.629195086472,paved,,City,Collector,,,ENGINEERING DR,WILMORE DR
01KP4C82J6THS6S0R3J5R9JMSC,{1DBDB389-2A10-4101-83C6-57358D8F8089},HOLLINS RD,68,C,'-5.25,asphalt,2,797.5579484047347,50,20,5 Years and 3 Months,42454.136190083766,paved,,City,Local,,,,DEKALB ST
01KP4C82KNZDGMT2K1JRHGXEA1,{46C96170-4150-42AA-9AC2-8159FC6655DD},SUNNYSLOPE CT,68,C,'-15.37,asphalt,2,234.85977689475072,60,20,5 Years and 3 Months,15001.947844124696,paved,,City,Local,,,SUNNYSLOPE AV,
01KP4C82KS8YD1MDPE3MKKZ9R1,{62E8A4A2-0C34-42DB-855B-633AFBFBDC35},LEE DR,68,C,'-4.25,asphalt,2,290.8527691845423,60,20,5 Years and 3 Months,18578.566884959288,paved,,City,Local,,,FERNDALE DR,
01KP4C82MR8D2KVBHX53D2Q8YB,{4F57FC73-80F5-4252-B10D-034FE6DDDBBE},OVERTON RD,68,C,'-3,asphalt,2,210.69332179057443,50,20,5 Years and 3 Months,11215.238962296686,paved,,City,Cul-de-sac,,,MOORES MILL DR,
01KP4C82S74DYS2DWYR443SAFM,{7A59A377-6E69-4C27-8672-C2F667BD325D},PHILLIPS AV,68,C,6.19,asphalt,2,449.5360408236286,50,20,5 Years and 3 Months,23928.874807968867,paved,,City,Local,,,N DONAHUE DR,WHITE ST
01KP4C82WJC86EC8QRY1CJGXDH,{8266F57C-40DB-40A5-849A-102BC3421960},HIGHRIDGE LN,68,C,'-3.62,asphalt,2,408.35314692438806,60,30,7 Years and 10 Months,26084.043394494005,paved,,City,Local,,,POPLAR RIDGE DR,PIEDMONT DR
01KP4C830E710Q6R7CA0PKN3X8,{A94665A8-E2B6-4DA2-9862-22D765B35040},MIDDLEBROOK LN,68,C,'-15.5,asphalt,2,105.06384515778308,60,20,5 Years and 3 Months,6711.078185459534,paved,,City,Local,,,,
01KP4C8313N7C5JZTD6NKX0TA7,{6A099B19-B332-456C-85FC-F8BEE24BA7F8},AIRPORT RD,68,C,4.63,asphalt,2,483.6585256459431,60,30,7 Years and 10 Months,30894.264109593718,paved,,City,Collector,,,,
01KP4C85G97JH2MP4QMFST0AGF,{01B686AE-FDA2-4D5F-9F87-44E81404D0CD},BRECKENRIDGE CT,68,C,4.75,asphalt,2,257.643862915709,50,20,5 Years and 3 Months,13714.423718854447,paved,,City,Cul-de-sac,,,W DRAKE AV,
01KP4C85KEMS6MR5AYAHE7FVR0,{8942081D-B00D-45AD-B0E9-9A6EF63D95B5},MEADOWBROOK DR,68,C,'-11,asphalt,2,251.3346913527048,50,20,5 Years and 3 Months,13378.585515099927,paved,,City,Local,,,S GAY ST,
01KP4C85NH1XPS1SBHFP40B7QY,{D5447C3E-C0CB-4E32-A1E1-58EA44FD4632},REDTAIL LN,68,C,'-17,asphalt,2,81.77195499558205,50,20,5 Years and 3 Months,4352.734144090228,paved,,City,Local,,,AUTUMN RIDGE WAY,
01KP4C85P4669H144RHMGYVKRA,{A815CFA0-A6D4-45FB-965C-FEC3C24EEB3C},MEAGAN LN,68,C,'-2.58,asphalt,2,574.6344050873804,50,20,5 Years and 3 Months,30587.880594611586,paved,,City,Local,,,DOWNS WAY,
01KP4C85P6JPE95XB1F67MR9AF,{4B8EE7EB-DBA9-48A0-9616-531EF04D777F},KENAI PASS,68,C,1.38,asphalt,2,129.68540388177212,50,20,5 Years and 3 Months,6903.174633611472,paved,,City,Local,,,,YUKON DR
01KP4C85TKZRZQKK2TMJQ00BQ8,{5E66AAA8-9B6B-49DE-8EC8-F8ECC70188A5},OAKDALE DR,68,C,'-4.12,asphalt,2,322.8858055999349,50,20,5 Years and 3 Months,17187.26268379971,paved,,City,Local,,,TUTTON DR,KARLEE CT
01KP4C8A8H728C3459MQVPENPK,{DA308CF2-26E4-4F76-8BB5-6B2FCB21D5A9},ALBANS LN,68,C,1.17,asphalt,2,587.7641968675223,30,20,5 Years and 3 Months,18772.068897097488,paved,,City,Alley,,,MIMMS TRL,PAM ST
01KP4C8AAGSP3EZ3ADNVJSMPB8,{C91DB446-E7DB-4152-9D42-13A1338C2773},SUMMERLIN DR,68,C,'-0.75,asphalt,2,193.01286762098766,50,30,7 Years and 10 Months,10274.105580428288,paved,,City,Local,,,HAMILTON RD,BARKLEY CREST LN
01KP4C7ZN19KGYAWFX7339E8PV,{5931AE81-1DEA-439D-B180-C0D774B8E6AA},CHINOOK ST,68,C,'-3.83,asphalt,2,688.5027906374828,50,20,5 Years and 3 Months,36649.11283179046,paved,,City,Local,,,TWIN FORKS AV,CHEYENNE AV
01KP4C7ZCVCCNR1JE0DXZV0F66,{193A1CB0-5802-4F42-84FD-CD58E12A876B},TURN LAKE DR,68,C,'-7,asphalt,2,126.22073253542723,50,30,7 Years and 10 Months,6718.749627897701,paved,,City,Local,,,,
01KP4C8AS7F1SVWEJ4NDRVBV5G,{0665DEEC-D4FE-40CA-81E2-048A632A43B0},JAMES BURT PKWY,68,C,5,asphalt,2,243.30059337373794,24,20,5 Years and 3 Months,6216.446018124419,paved,,City,Residential Collector,,,WOODWARD OAKS TRL,
01KP4C8DTDF27EQMBAY7E3C3T7,{BE34FEC1-A51E-41E6-928C-65C766C886A1},HOMEWOOD DR,68,C,'-7.5,asphalt,2,148.5423562532086,50,20,5 Years and 3 Months,7906.93320151008,paved,,City,Local,,,,
01KP4C8DV0HDBEEC53SKBYS11F,{72E94CFD-5A48-4267-B387-62AF09B46FDD},HARE AV,68,C,0.5,asphalt,2,241.84191117557444,38,20,5 Years and 3 Months,9783.695322805388,paved,,City,Local,,,ARMSTRONG ST,
01KP4C8DVR2AJM4RA8N5QDYKS0,{AC63CC4C-F59C-4EF4-905F-24B6E29A9615},OAKMONT DR,68,C,'-0.75,asphalt,2,268.08633856022243,50,20,5 Years and 3 Months,14270.278354947714,paved,,City,Cul-de-sac,,,HOGAN DR,
01KP4C8DWA3H0X679DCNCAF4HM,{D7461B98-926C-4D4E-BBCB-B1043F1C24C9},HOGAN DR,68,C,'-1.25,asphalt,2,716.7903931774639,50,20,5 Years and 3 Months,38154.86640508928,paved,,City,Local,,,,
01KP4C8DWXZ6V4QN4TTJ66RKJ9,{EFF03B0B-262D-4749-8E47-FBE9C267E39D},GIDDEN ST,68,C,'-18.5,asphalt,2,241.32096143445574,26,20,5 Years and 3 Months,6679.687602676708,paved,,City,Local,,,,HARPER AV
01KP4C8E5HGFY85EKS85WJKA91,{FA2AA512-D4D7-4494-9466-1FA261CF379F},TIGER LILY DR,68,C,31.75,asphalt,2,385.7184423052685,50,20,5 Years and 3 Months,20531.853909059017,paved,,City,Local,,,STILLWATER DR,KENAI PASS
01KP4C8E5QY51AME1K8H2Q3MYV,{55384F94-8969-495F-AE87-91F5E3014D04},HARVEST DR,68,C,'-12.17,asphalt,2,351.44048202829066,50,28,7 Years and 4 Months,18707.232642569405,paved,,City,Local,,,HORSESHOE PATH,THORNBERRY DR
01KP4C82X56AKAY3MMRSP6NMJ0,{5B7649B4-D155-4E83-B0D2-8207B7FFF03C},E DRAKE AV,68,C,10.63,asphalt,2,466.05752915466917,60,6,1 Years and 7 Months,29769.979505146344,paved,,City,Collector,,,N GAY ST,HUDSON TER
01KP4C7ZA3G73FVFC2PDZM845D,{C77E68D4-1E93-4F2A-9829-00169AF4EB81},N COLLEGE ST,68,C,4.63,asphalt,2,1115.591318083449,100,30,7 Years and 10 Months,118766.20587913801,paved,,City,Arterial,,,PINE HILLS AV,S CEDARBROOK DR
01KP4C82PQX1949KAS4VXD39E4,{5613CEC8-4827-4EEF-8B7F-1C34C8D43D8F},CONE ST,68,C,2.19,asphalt,2,347.6059598122888,50,20,5 Years and 3 Months,18503.120416357306,paved,,City,Local,,,MCKINLEY AV,ALAN AV
01KP4C8A7QZ01A5YRZ64G5122Y,{B0408559-8092-4779-B5F6-F6D84C6A7401},CARY CREEK PKWY,68,C,2.75,asphalt,2,323.64713348665487,24,28,7 Years and 4 Months,8269.338378266646,paved,,City,Collector,,,N COLLEGE ST,LEGACY LN
01KP4C8DRQF48JDR1XQC1267WR,{8C991478-1A1B-41AC-8416-48662F479B27},E VETERANS BLVD,68,C,'-3,asphalt,2,421.4095694373934,60,6,1 Years and 7 Months,26918.037925872348,paved,,City,Collector,,,,SARA ST
01KP4C7ZHRRBCVRMNY070X2J5A,{F89B5D7D-D049-4171-932A-B8C73085EF01},HAMILTON RD,68,C,'-8.67,asphalt,2,1462.1116445174073,80,20,5 Years and 3 Months,124525.49587019999,paved,,City,Collector,,,,HAMILTON HILLS DR
01KP4C7VM7GYG98H03E4KXNBP9,{06DB1A34-E30B-4DC9-9314-FDF02BA55877},DUNFORD AV,68,C,'-6.5,asphalt,2,545.0241724256391,24,20,5 Years and 3 Months,13925.62714079528,paved,,City,Local,,,JORDAN ST,RICHLAND RD
01KP4C7W3GC2AVPX4BSGX5NVD4,{3BB426AD-466F-4A21-AFD4-1DA79A2F3B5D},KERIHILL CIR,68,C,12.5,asphalt,2,333.165929207035,50,20,5 Years and 3 Months,17734.475295171298,paved,,City,Cul-de-sac,,,SAINT JAMES DR,
01KP4C82ZC4W36M5DWT16CXTZ4,{734A4FA9-08A4-47DA-8089-E17BB2531996},TALLYHO DR,68,C,3.96,asphalt,2,1816.778797680885,50,20,5 Years and 3 Months,96707.42377814042,paved,,City,Local,,,BRIDLE CT,
01KP4C8AB9XMRSR8FDTCB4X0EV,{46FBB9AE-8F10-48B3-B1EB-D6E795864DB2},N DONAHUE DR,68,C,'-2.17,asphalt,2,1408.3385621070038,24,26,6 Years and 9 Months,35983.72089924447,paved,,City,Arterial,,,JAMES BURT PKWY,STABLE CREEK CT
01KP4C82TTWQJ8PR9XW25PZ3QW,{871AF064-1189-4C2B-ADFF-3F2B3715F0D4},LAUREL DR,68,C,'-1.17,asphalt,2,616.1197142812138,50,20,5 Years and 3 Months,32796.15018796905,paved,,City,Local,,,FELTON LN,SANDERS ST
01KP4C8AC16KZXNVZQF0MNGDXS,{32ACF26C-4796-4219-934D-E8D82A0F4C65},OVERBROOK LN,68,C,9.75,asphalt,2,155.4673986575405,50,20,5 Years and 3 Months,8275.554307905748,paved,,City,Cul-de-sac,,,OVERBROOK CIR,
01KP4C82VA95YG2CNJRRMS573J,{765A3D00-B539-4932-8E99-C6C111DA6131},PINE HILLS AV,68,C,3.81,asphalt,2,486.11227687657686,50,6,1 Years and 7 Months,25875.83365881906,paved,,City,Local,,,N COLLEGE ST,FELTON LN
01KP4C7VN5M488K2AF79NF5QVR,{E12F3BF4-D8AE-4F70-9FB3-77133D927E93},CARY DR,68,C,15.17,asphalt,2,819.1951868065491,60,6,1 Years and 7 Months,52327.06778963357,paved,,City,Local,,,BAYTREE LN,HOLLY TREE LN
01KP4C7YRAKPKJVQHS3MA2XFA1,{A100D319-9A7B-4818-84DC-BB1D32E30051},HAWTHORN CT,68,C,'-6,asphalt,2,434.0994280453226,50,20,5 Years and 3 Months,23107.18145952364,paved,,City,Cul-de-sac,,,BELMONTE DR,
01KP4C85JM1NB76AJSD3K3A73J,{49A70D92-AF5B-450B-9D59-21E324A5444E},KALYPSO CIR,68,C,2.5,asphalt,2,1087.617039098326,50,20,5 Years and 3 Months,57894.02762882913,paved,,City,Local,,,ANNALUE DR,ANNALUE DR
01KP4C7Z82AECW16W61GMNZYK4,{8AD676FB-97CB-4982-BB36-63417C608D12},SHELTON MILL RD,68,C,'-2.1,asphalt,2,618.0473564263234,50,28,7 Years and 4 Months,32898.75888532818,paved,,City,Arterial,,,N COLLEGE ST,N GAY ST
01KP4C8DX2JDRRM3QFJG1YQBNP,{D35E3746-78B9-4F46-835A-F9300F090A32},CLEAR SPRING DR,68,C,'-3.32,asphalt,2,1385.7360815189006,50,20,5 Years and 3 Months,73762.95157735927,paved,,City,Local,,,JAMES BURT PKWY,JAMES BURT PKWY
01KP4C7YZCQSTMGZYFG5KR21S5,{CCDF24D4-6F9B-4CAC-B5DC-AA861486FDFA},E SAMFORD AV,68,C,1.75,asphalt,2,476.8686692257886,45,6,1 Years and 7 Months,22845.415460695458,paved,,City,Arterial,,,PINEDALE DR,NELOCCO DR
01KP4C82TQN6T88W3R9CWH72B6,{96851013-CF9F-4F2D-A7C3-768ABDD628BB},SHELTON MILL RD,68,C,26,asphalt,2,517.8286213252674,80,20,5 Years and 3 Months,44102.55953306118,paved,,City,Arterial,,,CHEROKEE RD,BODDIE LN
01KP4C7VYJ0XMB8X4QJVGHDN84,{C8D107FE-F929-40A0-ACF2-D8569ED50F6C},FALCON CREST CT,68,C,4.5,asphalt,2,117.10241779677582,24,20,5 Years and 3 Months,2992.0225377637157,paved,,City,Local,,,,
01KP4C8ARSBT96FWXRN44WK5GK,{64D5C5FC-6A23-4E32-9CE8-1E97AE7F4495},BOTTLE WAY,68,C,3.25,asphalt,2,394.5897782083825,50,30,7 Years and 10 Months,21004.076527330322,paved,,City,Local,,,NORTHGATE BLVD,HATCHER DR
01KP4C8ACRT2FK7YHJWHPR87ZF,{CCBF6DB9-F131-47A2-A59C-044BECACEDFF},JAMES BURT PKWY,68,C,'-5.39,asphalt,2,831.3719983941622,60,26,6 Years and 9 Months,53104.87612599662,paved,,City,Residential Collector,,,CLEAR SPRING DR,CREEKSIDE LN
01KP4C82G29WY89XNJJYGZCX6K,{8372796F-06BA-4A98-8040-B50ECB778E98},MIDDLEBROOK LN,68,C,'-10.19,asphalt,2,1098.8357166415544,60,20,5 Years and 3 Months,70189.43953823717,paved,,City,Local,,,DEER RUN RD,WILLOW CREEK RD
01KP4C82SESM4F8SS5952NQ9Q8,{FDAC36D3-A000-4BDB-8C3E-34027541C0A0},S CARY DR,68,C,3.25,asphalt,2,841.660021309397,60,6,1 Years and 7 Months,53762.035837353586,paved,,City,Local,,,N COLLEGE ST,SANDERS ST
01KP4C8ATMWFT6TVNWA5PZTH6P,{35C5A30A-B1B1-4CDA-8ADF-A5F4544A9B79},E UNIVERSITY DR,68,C,24.5,asphalt,2,752.492109063126,24,16,4 Years and 2 Months,19226.531716138612,paved,,City,Arterial,,,,SHUG JORDAN PKWY
01KP4C7ZMQM60TRX4ZC7PEGXRJ,{05FCF502-24EF-46ED-8059-03FA6C5B0154},TACOMA DR,68,C,'-14.5,asphalt,2,136.44654856354916,60,20,5 Years and 3 Months,8715.685725864038,paved,,City,Residential Collector,,,LAW DR,
01KP4C82Q3ZFXZPGAFHJZH7YXE,{B4CC31A3-CC71-4B9C-8876-505A3CD42580},S GAY ST,68,C,'-2.37,asphalt,2,844.844247581299,24,30,7 Years and 10 Months,21586.172832486754,paved,,City,Arterial,,,N GAY ST,E THACH AV
01KP4C85HXC0XHMFEGEAZH8NK7,{213324D8-D5AB-4051-8DFB-5AA925A25495},DOWNS WAY,68,C,'-3.62,asphalt,2,312.921442843956,60,20,5 Years and 3 Months,19988.22968718489,paved,,City,Residential Collector,,,ETHAN LN,MEAGAN LN
01KP4C7VM4EYT61D62C97RBSKW,{7822EA64-C08F-4CE3-88B3-FE4852DA01BC},JORDAN ST,68,C,'-4.83,asphalt,2,848.481377142941,50,20,5 Years and 3 Months,45164.79838490242,paved,,City,Local,,,COMBS AV,DUNFORD AV
01KP4C7Z6K0WXQJRJ0TKS1CXB8,{1F5A374C-7072-4FAA-8CD8-A5C6F9E15AF7},ZELLARS AV,68,C,18.17,asphalt,2,660.9845782850599,50,20,5 Years and 3 Months,35184.31402030077,paved,,City,Local,,,VICKERSTAFF ST,BYRD ST
01KP4C85G4115PE4S1R551X0MT,{17349689-353A-4980-8D8D-421E4A59A493},MORGAN DR,68,C,'-3.79,asphalt,2,840.9959963797627,50,20,5 Years and 3 Months,44766.35037872277,paved,,City,Local,,,CORE DR,OGLETREE RD
01KP4C7Z46KWV7X153SAJN4X8D,{725670E1-DE05-448A-8C36-4136B9F3F0D8},MARTIN LUTHER KING DR,68,C,'-1.44,asphalt,2,314.5216451645727,24,6,1 Years and 7 Months,8036.177806166816,paved,,City,Arterial,,,FOSTER ST,JONES ST
01KP4C82PPMDF00JYYR2CVKZSH,{96D4FD11-760B-40A2-B051-DCBBF048978B},PAYNE ST,68,C,'-13.62,asphalt,2,871.1053674895895,40,20,5 Years and 3 Months,37095.261585731285,paved,,City,Local,,,HARE AV,E THACH AV
01KP4C7Z9Q8WAVV9HKCZKJFPNR,{C9131C2E-6C18-41D6-A375-5F532BCD5611},CEDARBROOK DR,67,C,'-7.12,asphalt,2,437.79001728668095,60,20,5 Years and 1 Months,27228.454360863525,paved,,City,Local,,,HICKORY LN,OWENS RD
01KP4C82FFGPJYJCV63AVX9XB8,{02E35462-3CA3-4899-A9E6-029ADBB9EB7F},MCKINLEY AV,67,C,'-0.94,asphalt,2,506.4348978745452,50,20,5 Years and 1 Months,26248.199210870775,paved,,City,Local,,,CONE ST,EASTWOOD ST
01KP4C85GAYNKZV6W4SX82H8M6,{627CF94F-CF3E-400D-86BF-D41318701091},SANDSTONE LN,67,C,'-3.5,asphalt,2,255.40505718233422,50,20,5 Years and 1 Months,13237.481951819314,paved,,City,Local,,,CLAY CT,
01KP4C8ACXXCBEJYHDF10QYNFS,{26B44320-750A-474C-91C6-AD7F67874CB5},LONG DRIVE CT,67,C,'-5.25,asphalt,2,174.51682387221842,50,20,5 Years and 1 Months,9045.096176964462,paved,,City,Cul-de-sac,,,CADDY CT,
01KP4C8AAE1GVGARPNR89WPNT7,{8761C340-C41B-4EA9-B7BF-2E3FCDF8DC2D},FAIRWAY DR,67,C,11,asphalt,2,648.4286895248624,50,20,5 Years and 1 Months,33607.64727731836,paved,,City,Local,,,,BELCASTEL CT
01KP4C85P08YM5TVCPYBSHNWVH,{2495EEB2-D971-4174-A312-D6AD8871C116},RAYMER PL,67,C,5.75,asphalt,2,526.4956473373873,50,20,5 Years and 1 Months,27287.93511854609,paved,,City,Local,,,PRESLEY CT,DURHAM CT
01KP4C7W4K2BJ9WDDCVT7X77ZC,{A3A8F5FC-D2EB-4C9C-B243-975F1F207A28},KENDAL CT,67,C,'-9.62,asphalt,2,209.43200480749206,50,20,5 Years and 1 Months,10854.727836470847,paved,,City,Cul-de-sac,,,E LONGLEAF DR,
01KP4C82Y7JWHNNRSNJ0K7SZXH,{D655CE53-4957-485F-9363-00E293D37291},N DONAHUE DR,67,C,8,asphalt,2,451.12700000283075,24,30,7 Years and 7 Months,11223.180470546615,paved,,City,Arterial,,,GENELDA AV,W GLENN AV
01KP4C8339GK0DQ9T3ZWJWCXMD,{88808A65-A9E2-425E-89CF-2B036FFB9374},CARRIAGEHOUSE LN,67,C,'-11.67,asphalt,2,293.48778911512375,50,20,5 Years and 1 Months,15211.285768383459,paved,,City,Local,,,MARTIN LUTHER KING DR,SURREY LN
01KP4C7RGDPBZDAYKQ7MW1A0QC,{52A9B71A-1047-421D-8531-6E421B6F83C6},JAMES BURT PKWY,67,C,3.94,asphalt,2,532.3770857254295,60,30,7 Years and 7 Months,33111.319603142074,paved,,City,Residential Collector,,,W FARMVILLE RD,ELM ST
01KP4C7RHMSQ33W9KYR336WZPQ,{F4FA0493-565C-4627-B9E7-13E06162155C},HABERSHAM DR,67,C,'-6,asphalt,2,590.2003672821977,50,20,5 Years and 1 Months,30589.710305844375,paved,,City,Cul-de-sac,,,HARROGATE LN,
01KP4C7YYXMXQ5NWAMXWTWP4H6,{9045F6C8-DA9F-48D3-B4F8-4DA20C241443},PATRICK RD,67,C,'-6.56,asphalt,2,436.726166747273,50,20,5 Years and 1 Months,22635.239936056085,paved,,City,Local,,,MOORES MILL DR,RIVERWOOD DR
01KP4C7ZAKEV4AX73ZAYCQXAYN,{2BB6D361-6242-4EC7-B1A1-331A207A7F48},SANDERS ST,67,C,16.88,asphalt,2,404.2598677473092,60,28,7 Years and 1 Months,25143.038726893363,paved,,City,Residential Collector,,,WILSON ST,N CEDARBROOK DR
01KP4C8DXXKGFW0VTKK49K8CWX,{D9D16FAA-B681-4081-9D50-3CDE35DC1C98},NATURES TRL,67,C,'-4.75,asphalt,2,235.39081923901654,50,20,5 Years and 1 Months,12200.156706669823,paved,,City,Local,,,W FARMVILLE RD,FORREST CV
01KP4C7ZE28YNCMAFY8GK6TPCJ,{03432240-AC06-4A77-9380-F3EFCC761230},CRESCENT BLVD,67,C,'-9,asphalt,2,270.9941260051157,80,30,7 Years and 7 Months,22472.72558573216,paved,,City,Residential Collector,,,N DONAHUE DR,
01KP4C82VXGXE9S7BV21NT946M,{C9355A9B-8C4D-4901-A064-71C770D794A5},PENNY LN,67,C,'-7.35,asphalt,2,554.7281361081477,60,20,5 Years and 1 Months,34501.44850337389,paved,,City,Cul-de-sac,,,S CEDARBROOK DR,
01KP4C8ACGFS4H445CEBWX9VNQ,{14B60EA9-8D02-48B8-8552-F02C2A635A5A},ARBOR RIDGE DR,67,C,'-18,asphalt,2,321.52405830644307,50,20,5 Years and 1 Months,16664.3877997637,paved,,City,Local,,,MARA VISTA DR,RAVENWOOD DR
01KP4C82VGAE93GVWDNNY1EH2N,{7795B7F5-D3C0-4F7E-9026-FF92D7031BB7},CHARLES AV,67,C,'-2.62,asphalt,2,462.61485742682714,60,30,7 Years and 7 Months,28772.441204056136,paved,,City,Local,,,OWENS RD,HICKORY LN
01KP4C7ZDT1AKS6B52PR4P59R2,{1382BC87-28F4-407D-A1B1-BAA9F128708C},ASHETON LN,67,C,'-13.75,asphalt,2,427.7199404443281,60,30,7 Years and 7 Months,26602.14353401604,paved,,City,Residential Collector,,,HILLTON CT,AMBERTON CT
01KP4C82N73WS0YAQ3GQM8VZ5S,{D5212A67-FC54-4138-8EFE-8215C7632054},RIVERWOOD DR,67,C,'-9.75,asphalt,2,278.9954556543644,50,20,5 Years and 1 Months,14460.15732659386,paved,,City,Local,,,PATRICK RD,ROSEMARY CT
01KP4C8E5P2NP7BRNVBJANQGGY,{D7663543-2096-4381-9870-8DEA9D26A032},PING CT,67,C,4,asphalt,2,304.3947191323511,50,20,5 Years and 1 Months,15776.58502614142,paved,,City,Cul-de-sac,,,YARBROUGH FARMS BLVD,
01KP4C7ZE5Y50KEXKJP83DA5HM,{84177562-2E00-443E-89D2-1E2E9AA5B5B1},SIERRA CT,67,C,'-2.5,asphalt,2,242.33124752580864,50,28,7 Years and 1 Months,12559.874698153122,paved,,City,Cul-de-sac,,,PIEDMONT DR,
01KP4C7ZCRQN4N317F0JAKPSBE,{3D7E0092-6AAD-40B3-BDCD-55EBD47D364C},N DONAHUE DR,67,C,8.25,asphalt,2,442.9537903401643,70,6,1 Years and 6 Months,32141.219197960476,paved,,City,Arterial,,,JULIE AV,CROSBY CIR
01KP4C7YZGK2YN7NPVMSP3TSPA,{AA6D8471-38A4-4B9B-9492-C2E14A67022E},E SAMFORD AV,67,C,'-10.5,asphalt,2,727.7537542486687,60,20,5 Years and 1 Months,45262.818020199345,paved,,City,Arterial,,,GREEN ST,DENSON DR
01KP4C82QH229T9WRP5V36QZ13,{2E0569B8-92BD-4878-94A6-28BF50257AF4},N GAY ST,67,C,2.5,asphalt,2,57.29394852320885,60,28,7 Years and 1 Months,3563.410769817289,paved,,City,Arterial,,,TICHENOR AV,TICHENOR AV
01KP4C7VMZVWPV3BGPG0AD77F2,{0182BD1E-EB2F-4E02-988E-0083BC34C9F4},N DONAHUE DR,67,C,18.5,asphalt,2,247.74599369587028,60,6,1 Years and 6 Months,15408.621065056008,paved,,City,Arterial,,,LUVERNE AV,BEDELL AV
01KP4C8AR8PVE3DMSNRE1K9ZW7,{C01A85F0-78DD-48FA-816C-CA31087888D7},COOL STONE BEND DR,67,C,17.13,asphalt,2,264.9051754925616,50,20,5 Years and 1 Months,13729.86705201725,paved,,City,Cul-de-sac,,,,LANDON LN
01KP4C85HT3DCMHVF3J7YQ0574,{3261C865-6576-40BF-8501-08D6FD0AD558},TROTTERS CT,67,C,'-4.17,asphalt,2,683.2893426123621,50,20,5 Years and 1 Months,35414.45279309548,paved,,City,Cul-de-sac,,,CARRIAGEHOUSE LN,
01KP4C7ZAD46E1FKQYVDG1G0B4,{1931373D-33A1-4D0F-94A9-C7EC80968C1C},REDWOOD CT,67,C,'-7.87,asphalt,2,317.97756501988044,50,20,5 Years and 1 Months,16480.575304462935,paved,,City,Cul-de-sac,,,SYCAMORE DR,
01KP4C8ATGP7N602N5PA4ETFCD,{94950BCC-A992-44F9-836B-FC5E69291923},SHELTON MILL RD,67,C,0.25,asphalt,2,352.18708518030286,80,30,7 Years and 7 Months,29205.81282247578,paved,,City,Arterial,,,,
01KP4C7R6PSZ3GWMQZ1NSR6DAM,{988C6DE4-F607-43DA-A544-02A3A4C77C9C},HORSESHOE PATH,67,C,'-3.69,asphalt,2,386.40427923914194,50,30,7 Years and 7 Months,20027.088456914415,paved,,City,Local,,,HARVEST DR,THORNBERRY DR
01KP4C8E5DC7TW8KSCTSX3KY8D,{71583077-3DDA-44EA-A02D-50778494BC34},CREEKSIDE LN,67,C,2,asphalt,2,483.39905418572675,50,20,5 Years and 1 Months,25054.266058411817,paved,,City,Cul-de-sac,,,CLEAR SPRING DR,
01KP4C82WDES3NXHREZDYXXHVQ,{6558219B-1DA5-440F-96D7-E34BDE09470C},N CARY DR,67,C,8.97,asphalt,2,1046.4866723896178,60,20,5 Years and 1 Months,65086.48775276571,paved,,City,Local,,,SANDERS ST,N COLLEGE ST
01KP4C85NEXQECN09577F58VJK,{970F0528-8985-4672-96FC-D0B93B09CAD4},FALLS CREST DR,67,C,'-11,asphalt,2,124.71551372649986,50,6,1 Years and 6 Months,6463.925891991329,paved,,City,Local,,,,
01KP4C8ABX8Y12C8V4KYHPXZ3Z,{B1E22F71-782C-447B-9608-36F6FC5069D4},GLENVIEW CT,67,C,2.25,asphalt,2,205.48483951725024,50,20,5 Years and 1 Months,10650.148765614305,paved,,City,Cul-de-sac,,,CHAMPIONS BLVD,
01KP4C7YSMG16Y46TCPVRQK8Q6,{CFEFD72B-952F-4228-A8BB-53D760AEA077},E VETERANS BLVD,67,C,'-2.94,asphalt,2,403.9985888679795,60,24,6 Years and 1 Months,25126.78842478419,paved,,City,Collector,,,EAGLE RIDGE CT,ROCK LEDGE CT
01KP4C7YTVV41JFH7KCVEPXDHK,{2F698C22-BD0C-4A92-A652-860A4783B39A},YORKSHIRE DR,67,C,'-2.67,asphalt,2,638.647601078782,50,20,5 Years and 1 Months,33100.6996733729,paved,,City,Cul-de-sac,,,LAUREN LN,
01KP4C7Z77CF3GSK82ZSX1EFE9,{71729DF7-F8E8-41A8-BD5A-58352972D096},BURKE PL,67,C,3.75,asphalt,2,1697.8902063444402,60,20,5 Years and 1 Months,105600.6856431654,paved,,City,Local,,,,
01KP4C7YXJ9FT130YHYYP1B7VV,{7D578C97-D04A-487E-AB06-5C6F244752A3},GRANT AV,67,C,2.5,asphalt,2,193.78960540449378,24,20,5 Years and 1 Months,4821.116259405892,paved,,City,Local,,,FRAZIER ST,TALBERT DR
01KP4C7YXVY96V3JM97XBR0KKK,{EC666BBF-B90F-4E5B-A364-0D52BEF604B4},BIBB AV,67,C,'-5.31,asphalt,2,402.209962356616,50,20,5 Years and 1 Months,20846.286977538737,paved,,City,Local,,,CHEROKEE RD,
01KP4C7YY5BTJHWM7N8VK62JP6,{90E72DEB-79CA-4714-A3A0-F59EBD685769},PITTS CIR,67,C,22,asphalt,2,166.87534270115208,24,20,5 Years and 1 Months,4151.540668609042,paved,,City,Cul-de-sac,,,N GAY ST,
01KP4C7ZHT1BY85XCCG7AC0R7D,{A7D9788F-8E97-42EA-8040-D4428C89BA1E},OLD STAGE RD,67,C,'-1.25,asphalt,2,468.80976234116616,40,20,5 Years and 1 Months,19438.48986012054,paved,,City,Local,,,OPELIKA RD,SUMMER HILL RD
01KP4C7ZNBZQMWZR6VRGT3XRT3,{A5C01EF1-4BD4-469B-8DE7-B4FD60F98C80},DREW LN,67,C,10.5,asphalt,2,325.45385212402493,50,20,5 Years and 1 Months,16868.06651822178,paved,,City,Cul-de-sac,,,N DEAN RD,
01KP4C82J849GQXBZM5WXD93GG,{33C5018B-31FA-46CF-94D8-C02E632EA543},PADGETT CT,67,C,4.25,asphalt,2,206.14456730904715,50,20,5 Years and 1 Months,10684.342038188353,paved,,City,Cul-de-sac,,,,HARMON DR
01KP4C82MV48C3ZSCEM03HND2Z,{FBA63C21-13D1-4211-8CB0-51ECE637CACF},CARTER ST,67,C,14.19,asphalt,2,292.50194724550306,50,20,5 Years and 1 Months,15160.190210212362,paved,,City,Local,,,SINGLETON ST,OLD MILL RD
01KP4C82RMFX7012C1PHN5BNBG,{A9B77C99-26D4-49F2-9106-8CDF7C2B060A},BURKE CT,67,C,'-18.25,asphalt,2,223.9488409376646,50,20,5 Years and 1 Months,11607.126236058879,paved,,City,Cul-de-sac,,,BURKE PL,
01KP4C82S6EC4MB4S259P2ZPS5,{99EA3A7F-4398-4C25-876F-E191C7C4A3FC},TUCKER AV,67,C,38.5,asphalt,2,543.0515630095591,50,20,5 Years and 1 Months,28146.017716142265,paved,,City,Local,,,VICKERSTAFF ST,BYRD ST
01KP4C82ZC0GS8P281MAPV77W8,{B37FE825-B99E-48BA-BFC7-DA7F846DE0E8},ZELLARS AV,67,C,9,asphalt,2,338.99988003861506,24,20,5 Years and 1 Months,8433.671301303526,paved,,City,Local,,,HOWARD ST,
01KP4C832WVW4DRJSA8H9XFBJS,{319E14B4-782A-4580-B8A7-9A35B15B6A9B},HAMILTON HILLS LN,67,C,3,asphalt,2,538.7461613280984,60,20,5 Years and 1 Months,33507.44577669664,paved,,City,Local,,,HAMILTON HILLS DR,HAMILTON HILLS CT
01KP4C85GPBEYQG0JPFJ46V4E7,{3EE5EEFD-197A-48AE-BF62-B8CDFB4BA9E5},SANDSTONE LN,67,C,'-3.75,asphalt,2,205.37830321748743,50,20,5 Years and 1 Months,10644.627056839692,paved,,City,Local,,,BEDROCK DR,CLAY CT
01KP4C85HQFX4P7J92P1ZGDS5J,{5DA292AA-6F6A-4769-8364-2B13831CBED5},FIELDVIEW DR,67,C,'-4.62,asphalt,2,1537.4739069298462,50,20,5 Years and 1 Months,79686.29642226477,paved,,City,Local,,,,COX RD
01KP4C85MCDXNSKSDQ9XWP6CT2,{3C075961-73C4-4756-B6DE-C5FBA44D853B},CAROLINA CT,67,C,'-5.5,asphalt,2,572.4580539474774,50,20,5 Years and 1 Months,29670.13747066668,paved,,City,Local,,,,
01KP4C85QMFZDTFBFAPXB09PWW,{8EB982B5-A434-4C85-ADBC-7201F9C1EE88},ROXANNA CT,67,C,0.33,asphalt,2,591.7602185190658,50,20,5 Years and 1 Months,30670.556405069514,paved,,City,Local,,,MRS JAMES RD,
01KP4C8ANJZ6A7W2S3KXTH7Y8T,{9427760D-4602-48A0-BF84-44942AF27810},CARY DR,67,C,'-10,asphalt,2,518.7260841158237,60,20,5 Years and 1 Months,32262.29230779416,paved,,City,Local,,,,BAYTREE LN
01KP4C8611HBFXMZBCC897D7CP,{9DD40375-B5EE-4D47-B5BA-96C06F595495},S BROOKWOOD DR,67,C,'-5.5,asphalt,2,453.28111932685465,40,20,5 Years and 1 Months,18794.618093739835,paved,,City,Local,,,,
01KP4C861KJAJAJ603RCZW8H0J,{17D1F27A-6F2B-45F1-8E2B-9D3BA5119BAD},CORPORATE PKWY,67,C,11.75,asphalt,2,413.60973331481347,200,20,5 Years and 1 Months,85748.51947340918,paved,,City,Local Commercial,,,RILEY ST,
01KP4C82MYPXNBQ756HM1REC8W,{032A7CCF-6067-495C-924D-799FB9DBC8D9},HOMEWOOD DR,67,C,'-6,asphalt,2,237.04851378069552,50,20,5 Years and 1 Months,12286.07396226057,paved,,City,Local,,,,
01KP4C8AG8K7WJVK8T064M8ZV4,{8C29CABA-C655-468D-B971-42FA08EFE670},COMANCHE DR,67,C,40.5,asphalt,2,213.50372132781928,60,20,5 Years and 1 Months,13278.914782203085,paved,,City,Local,,,INDIAN HILL RD,
01KP4C8ART2C0FVJMSXBQJ2CVW,{8E3F2AB1-6CB3-4A61-A25E-50C72C2DAAD3},BOTTLE WAY,67,C,'-4.5,asphalt,2,605.8785916247161,50,30,7 Years and 7 Months,31402.30271908895,paved,,City,Cul-de-sac,,,,
01KP4C8ARVZ7X74CC4FTTAANBE,{229F1EE3-F471-4198-AA9E-5847215EB589},BRADLEY LN,67,C,22.63,asphalt,2,178.24026963790482,50,20,5 Years and 1 Months,9238.080006907438,paved,,City,Cul-de-sac,,,HATCHER DR,
01KP4C82XN56NSSZDTESX7JSP0,{834F3E1E-DCBC-46F7-95C6-7D38734DB54D},TALHIEM ST,67,C,'-4.76,asphalt,2,3048.802480380028,60,20,5 Years and 1 Months,189620.99617258832,paved,,City,Local,,,TALHIEM DR,WIRE RD
01KP4C8DQ172CG9VZ0375N869S,{DA40BAAE-1A6B-42EE-9367-C890DDFC7AA6},COVINGTON RDG,67,C,'-6.83,asphalt,2,302.1789198438487,50,20,5 Years and 1 Months,15661.74155587503,paved,,City,Local,,,MOORES MILL DR,
01KP4C8DSBG08V74F70E2BSEAM,{A5CEDD97-5A74-4506-A2CB-F4BCE496E3B8},DEKALB ST,67,C,1.5,asphalt,2,290.0252835447904,60,20,5 Years and 1 Months,18038.191563707176,paved,,City,Collector,,,,
01KP4C8AFZC6Z18HG7ER7KHWV8,{E65E4BA5-9B86-4FA5-954A-1E587A619029},BRIDLE CT,67,C,5.83,asphalt,2,736.9791693840381,24,20,5 Years and 1 Months,18334.63796442842,paved,,City,Local,,,MARTIN LUTHER KING DR,TALLYHO DR
01KP4C82X58C8DQRBP19RCQEJE,{731732C6-8A4A-4FCA-929B-01AEA9ADA0FC},JANABROOKE LN,67,C,'-10.81,asphalt,2,1394.174721593605,24,20,5 Years and 1 Months,34684.411502350624,paved,,City,Local,,,SAINT JAMES DR,HEDGEROW CIR
01KP4C7ZD5NVP0NBWJYJE373PD,{292F6E92-DD2D-4BB8-A5DA-0E041F046973},JUNIPER DR,67,C,'-18.42,asphalt,2,1478.7249997101478,50,20,5 Years and 1 Months,76641.37786196126,paved,,City,Local,,,PINE HILLS AV,SANDERS ST
01KP4C8AP8Y9MFCEBP0BTMPXXC,{0F350011-FB61-4D6B-AEA7-CE63A94A815A},AZALEA DR,67,C,'-2.5,asphalt,2,34.04991161075477,60,20,5 Years and 1 Months,2117.742359752705,paved,,City,Local,,,,PEACHTREE LN
01KP4C7ZGTS2KPBFDJGM8M8XMT,{11E41A54-4B8D-4031-A989-431B881B24E7},ARNELL LN,67,C,'-12,asphalt,2,1431.4323157013755,24,20,5 Years and 1 Months,35611.309476906026,paved,,City,Local,,,E UNIVERSITY DR,HARDWOOD ST
01KP4C7YT8ZFQ2K1E09ZS6Y3HH,{0CAF5B4E-DBFA-454D-83B5-D0B1B9EC6509},WOODLEY RD,67,C,'-4.25,asphalt,2,787.5925565227814,50,20,5 Years and 1 Months,40820.42214580971,paved,,City,Local,,,MILLERS POINT RD,PARK LANE RD
01KP4C7ZN20DFBS6QKZWGK8F3A,{F526C11F-29F4-44DF-8D2B-0285730FDB54},CHINOOK ST,67,C,3,asphalt,2,251.21009809590856,50,20,5 Years and 1 Months,13020.059885835957,paved,,City,Local,,,CHEYENNE AV,CHICKASAW AV
01KP4C7VN9W4KXEX0PJX32G0AH,{6E5D7588-5F19-4707-A61A-6C9892BED38F},NORTHLAKE DR,67,C,'-10.83,asphalt,2,817.5195708303762,50,20,5 Years and 1 Months,42371.520296093426,paved,,City,Local,,,NORTHPOINTE DR,
01KP4C7ZCAN1YYJYG7THWWJPF0,{98D6273A-CFE3-4075-B7B5-AD2F814DBA00},WHITE ST,67,C,'-8.37,asphalt,2,264.514063252233,55,20,5 Years and 1 Months,15080.555548218874,paved,,City,Local,,,CANTON AV,PORTER AV
01KP4C7Z8EAB9TC31X8VBMTH7Y,{8E9FB30A-25E3-4E46-9897-52D20B1EE65B},SANDERS ST,67,C,7,asphalt,2,1912.8012526621476,24,30,7 Years and 7 Months,47586.85173527678,paved,,City,Residential Collector,,,NORWOOD AV,N CARY DR
01KP4C82QPB80S5MDNVRSJVKG5,{AE858C75-2C75-4106-976C-C626AF40C5E6},E GLENN AV,67,C,3,asphalt,2,571.8495984061823,150,20,5 Years and 1 Months,88915.80481884698,paved,,City,Arterial,,,ALICE ST,
01KP4C82H4BVPCFZJDHJGJWCZV,{F7933073-9FE0-4119-A9F3-E626E6835188},ACADEMY DR,67,C,28.88,asphalt,2,520.1472775700629,60,20,5 Years and 1 Months,32350.68377305996,paved,,City,Residential Collector,,,GATEWOOD DR,
01KP4C7Z4H9ZTS2B2Q35BC7MT2,{1B0F07D6-663C-4FD9-AA7A-D35D608168BF},N DEAN RD,67,C,'-5.94,asphalt,2,354.35585917910703,60,6,1 Years and 6 Months,22039.24703208722,paved,,City,Arterial,,,HARPER AV,MERCER CIR
01KP4C8AQXHE28SH668WSNWQTS,{3E94BEB2-C595-43FB-9294-BE3C72E96415},COOL STONE BEND DR,67,C,'-19,asphalt,2,719.4901067186908,50,20,5 Years and 1 Months,37290.71541211437,paved,,City,Local,,,LANDON LN,HARVEST GATE LN
01KP4C85MWNEEXE3ZSYZMHNTNR,{EEA25EDE-3FE5-42D0-BB49-7A5D441108F0},BENT CREEK RD,67,C,6.33,asphalt,2,735.5943798632136,24,20,5 Years and 1 Months,18300.187038844633,paved,,City,Arterial,,,OFF RAMP,OFF RAMP
01KP4C7W375WNRZFV3G2ASF7KH,{A299E0C4-798A-43E6-AA1D-4D8A6186DA6F},E VETERANS BLVD,67,C,'-2.25,asphalt,2,301.2814304931731,60,20,5 Years and 1 Months,18738.270303196823,paved,,City,Collector,,,ROCK LEDGE CT,LONGVIEW CT
01KP4C7Z53PJK858F0EVGF1GSE,{DEBBAE10-076B-4D00-948E-D5390425F8F8},W DRAKE AV,67,C,8.25,asphalt,2,449.7606503564678,24,16,4 Years and 1 Months,11189.188293915859,paved,,City,Collector,,,WHITE ST,N DONAHUE DR
01KP4C7ZPC75T10H31B7HCMNES,{ECC2D473-E39C-4FA7-87F2-CE555584110E},SUMMER HILL RD,67,C,0.33,asphalt,2,462.9121692312303,50,20,5 Years and 1 Months,23992.443818766264,paved,,City,Local,,,HARPER AV,FLORENCE DR
01KP4C7Z9GXJ4GFSKQW1SNM85H,{0D4F591F-CFFF-42CE-A138-C06F959FB737},N DEAN RD,67,C,8.13,asphalt,2,1078.789576281405,24,20,5 Years and 1 Months,26838.229820593202,paved,,City,Collector,,,TWIN FORKS AV,E UNIVERSITY DR
01KP4C8DN4JMQW8VP6MV06DEZG,{7469A36C-C6FB-4D7D-896B-A853623705E1},N DONAHUE DR,67,C,21.75,asphalt,2,584.5193491760899,80,30,7 Years and 7 Months,48472.4267910407,paved,,City,Arterial,,,,
01KP4C7VNYR5AZKGD1GHK63ATC,{DE7734F4-2166-4560-8FF6-DF34E13F344B},ALFA CT,67,C,'-5.37,asphalt,2,412.4678097512422,50,20,5 Years and 1 Months,21377.94469508323,paved,,City,Cul-de-sac,,,E UNIVERSITY DR,
01KP4C8ATG4RGA61Q1RNENT0TR,{D4C1A9A0-0104-4F89-9A46-3B67DDB85140},SHELTON MILL RD,67,C,5.5,asphalt,2,1355.3980600057353,80,28,7 Years and 1 Months,112399.07340784067,paved,,City,Arterial,,,GRACE RIDGE DR,
01KP4C8DVRXJSD2MJ4ZD6MRMNM,{729054F5-9EE4-4A4B-93ED-70B6AE5F2933},ADARE DR,67,C,'-2.12,asphalt,2,431.59236291395644,60,20,5 Years and 1 Months,26842.98977151993,paved,,City,Local,,,LEE RD 146,OLD FOREST WAY
01KP4C85Q3GEXMDA8CZ5VBZPR6,{E0D64E78-9880-4E97-9BF4-2FED9CC015F9},REDTAIL LN,67,C,11.33,asphalt,2,285.2058163076697,24,30,7 Years and 7 Months,7095.377460560902,paved,,City,Local,,,,SEQUOIA DR
01KP4C82KZS5AWG99XQJZ76NF1,{C2206CF0-6A7D-4916-9F24-A6DF159742B2},MOORES MILL RD,67,C,'-5.56,asphalt,2,1048.1675304898122,80,6,1 Years and 6 Months,86921.3721633488,paved,,City,Arterial,,,GROVE HILL RD,STONERIDGE DR
01KP4C8ASYRKDP0KXS6H7YHJX7,{41F1EB41-19BA-4FAC-A123-3923AC5FE3FA},ACADEMY DR,67,C,26.5,asphalt,2,192.91566562556852,60,20,5 Years and 1 Months,11998.435755883569,paved,,City,Residential Collector,,,,
01KP4C82QCATF10G3ZGEYARRNH,{F99A18AA-804F-4BDF-9DA4-F400AEAEBC02},N GAY ST,67,C,2.38,asphalt,2,623.8485368321402,60,28,7 Years and 1 Months,38800.40828364087,paved,,City,Arterial,,,S GAY ST,TICHENOR AV
01KP4C7YVDJXB8EQXDJM79CZ9F,{C07A89D8-E922-49DE-99F8-71FED97CD717},LAUREN LN,67,C,'-2.56,asphalt,2,492.0735711040734,50,20,5 Years and 1 Months,25503.860762659926,paved,,City,Local,,,YORKSHIRE DR,
01KP4C8DX0GJ82A1BMYQ4S5G30,{3F0D4284-A322-4242-A3B1-31D9AE66958B},W FARMVILLE RD,67,C,1.67,asphalt,2,1464.0242699237601,80,20,5 Years and 1 Months,121407.11739348719,paved,,City,Arterial,,,BUD BLACK RD,NATURES TRL
01KP4C7ZMD9CWHJ2FMWJH1CSE2,{41A94B91-01B8-44F8-B8E8-F97A35ECA6EC},HARRIS AV,67,C,1.5,asphalt,2,160.87013010681656,50,20,5 Years and 1 Months,8337.796703671154,paved,,City,Local,,,MADDOX ST,SPRING ST
01KP4C7ZEP1GBMQV26C26SWNXC,{7A01BEF0-F7AE-4041-AB9B-ADA6CCC2B0EC},MARTIN LUTHER KING DR,67,C,'-11.5,asphalt,2,339.49640995750036,24,10,2 Years and 6 Months,8446.024019914117,paved,,City,Arterial,,,VICKERSTAFF ST,BYRD ST
01KP4C7Z7ZF5GGXSVFNJJHHRAX,{91EE3B5B-B3EB-49D6-98F6-5CAF13DD75CE},N GAY ST,67,C,25,asphalt,2,324.57378562350436,60,20,5 Years and 1 Months,20186.943876326615,paved,,City,Collector,,,LACOSTA CIR,MIMOSA AV
01KP4C8DX1M55CKB2F3P1KA6W3,{A8AE9F0D-ECC4-418D-95CC-97EC6814ED29},JAMES BURT PKWY,67,C,'-6,asphalt,2,446.37948116682594,60,28,7 Years and 1 Months,27762.67811199959,paved,,City,Residential Collector,,,GREY OAK CIR,CLEAR SPRING DR
01KP4C82TY5C2GXGBZJESE0Q7H,{C178F59D-839A-4E5D-A8B8-1945E5192AAD},NORTHPOINTE DR,67,C,'-15.12,asphalt,2,340.31456148770144,60,20,5 Years and 1 Months,21165.945179004135,paved,,City,Local,,,NORTHSTAR CT,NORTHLAKE DR
01KP4C8ARXPJXKV9S4K7M9J3SJ,{93711DB2-DA70-4E45-A58B-455AD58F1969},TIGERS TAIL TRL,67,C,9.85,asphalt,2,1371.9142208147155,50,20,5 Years and 1 Months,71105.44300817855,paved,,City,Local,,,WIRE RD,CANDLEWOOD LN
01KP4C7QV129PYV1GQ2Z62P2JZ,{4ED36AA8-01E7-4706-ADE0-84D53B480E42},DEER RUN RD,67,C,'-1.47,asphalt,2,1038.4995968136627,60,10,2 Years and 6 Months,64589.72968563452,paved,,City,Residential Collector,,,WATERFORD RD,CROSS CREEK RD
01KP4C8DVA0P1RZB28X96CF0JC,{52B4C73E-628F-4EE2-AE7B-920DA2BCCFB9},N DONAHUE DR,67,C,'-2.37,asphalt,2,939.1896501365297,24,30,7 Years and 7 Months,23365.24956272993,paved,,City,Arterial,,,STABLE CREEK CT,DARTMOUTH DR
01KP4C7YX4G7R4CR58F39XTB9R,{4D5FABB8-9EF9-47F9-97D9-5E6C5EB84560},HOMEWOOD DR,67,C,'-11.17,asphalt,2,321.1100993925291,50,20,5 Years and 1 Months,16642.932572086596,paved,,City,Local,,,,
01KP4C8AQYXCVW9XCS2XD2917M,{C51C230A-A7BF-46CE-B602-52E054D211A3},DUNFORD AV,67,C,'-1,asphalt,2,157.05779699186425,24,20,5 Years and 1 Months,3907.2988314490267,paved,,City,Local,,,PETER ST,JORDAN ST
01KP4C7ZCPQT8650ZQSKCAB92Y,{53067267-3B73-4DBC-BDBA-A8CF0A144E6B},BURKE PL,67,C,12.75,asphalt,2,195.87889517331038,60,20,5 Years and 1 Months,12182.734523136223,paved,,City,Local,,,ANNALUE DR,HUNTINGTON CT
01KP4C85XM16T4YWWDDSR5240M,{026EF5F2-1CF1-4554-8F7D-5BC3AFFD54FD},W LONGLEAF DR,67,C,'-6.4,asphalt,2,1130.6573711027124,60,20,5 Years and 1 Months,70321.50439986918,paved,,City,Collector,,,DOWNS WAY,
01KP4C7R7G45E68AFHF5B4F4M0,{958D83EC-B780-4B7E-81A6-C6A23A3B1E4C},N DONAHUE DR,67,C,'-0.4,asphalt,2,1313.830447895783,80,8,2 Years,108951.99669820206,paved,,City,Arterial,,,RUTH WAY,SHUG JORDAN PKWY
01KP4C8DNWEQ1S7GY4ZAGCE5EC,{C40092B7-02FF-4AA6-A04C-C1EA3EB5CDEB},N DONAHUE DR,67,C,3.5,asphalt,2,243.61018752136624,80,6,1 Years and 6 Months,20201.858153755966,paved,,City,Arterial,,,,
01KP4C85HX8JCNZ0489DQRADG9,{BD39DA58-D8FC-40A9-8D37-A83150F83BA4},SURREY LN,67,C,'-9.12,asphalt,2,922.1904322388897,50,20,5 Years and 1 Months,47796.544585206895,paved,,City,Local,,,CARRIAGEHOUSE LN,COACHMANS DR
01KP4C7ZKFSRH7DRPHVRHJ0332,{E6D1983B-0632-4254-A61B-B79B3CA60FD8},MARTIN AV,67,C,2.38,asphalt,2,441.3874760399891,50,20,5 Years and 1 Months,22876.8326371361,paved,,City,Local,,,MADDOX ST,SPRING ST
01KP4C7Z22ARYNM8CM5EQK2BR5,{74A522DD-11A1-4195-AD5C-9D310A464AB4},S DEAN RD,67,C,'-4.5,asphalt,2,375.70594082227296,90,6,1 Years and 6 Months,35050.68066485505,paved,,City,Arterial,,,N DEAN RD,MCKINLEY AV
01KP4C7YRXHTNW4EMCKJ42E2NR,{DD70DC55-1322-4FDC-9660-DCF061F76873},WRIGHTS MILL RD,67,C,'-8.66,asphalt,2,997.3584823247709,80,6,1 Years and 6 Months,82707.93103265925,paved,,City,Collector,,,,SHELL TOOMER PKWY
01KP4C7RHSBS53ZGMKD922RMVW,{8943E26F-02D1-4566-A62F-56A1D883A893},RETRIEVER CV,66,C,'-6,asphalt,2,534.8807237842184,60,20,4 Years and 11 Months,32367.92494214213,paved,,City,Cul-de-sac,,,WINCHESTER LN,
01KP4C8AS73SFZ6HTCCRXC0QHE,{CF5F86D4-2CA0-437A-8770-997F7BAEC39C},GRAHAM CIR,66,C,'-8,asphalt,2,167.36912867045027,50,20,4 Years and 11 Months,8440.186060095562,paved,,City,Cul-de-sac,,,FARMVILLE LAKES DR,
01KP4C7ZNNB8KNWDCWXRJY9YQC,{4CCFCAA4-4A19-4D49-95E7-F82A84298CA4},CHEWACLA DR,66,C,'-16.25,asphalt,2,373.23029893886644,60,6,1 Years and 6 Months,22585.76494721483,paved,,City,Collector,,,GARDNER DR,E SAMFORD AV
01KP4C8DQ367G5NVJNSF8MNZ4K,{E13BF0D6-B1D7-49DD-8F1A-83763464D1B9},BROOKEVIEW CT,66,C,2.13,asphalt,2,128.2702622524679,50,20,4 Years and 11 Months,6468.486082160165,paved,,City,Cul-de-sac,,,MILLERS POINT RD,
01KP4C7W7JE7ZCCHJSFXBTTBHB,{257A5CC1-2F31-411E-890A-776F4C969DF5},MALONE CT,66,C,'-12.75,asphalt,2,263.2137553357519,50,20,4 Years and 11 Months,13273.493661931485,paved,,City,Local,,,ABERDEEN LN,BEDFORD CT
01KP4C7RAH6HP8SK6PH31G3YRN,{93D836AB-1B5A-4783-B551-2023CC749AB8},MIMMS TRL,66,C,'-6,asphalt,2,187.1400728567582,50,20,4 Years and 11 Months,9437.206531205089,paved,,City,Local,,,RUTLAND RD,
01KP4C82YPS75YG1E1WM55714X,{FA35382D-B4B0-420E-AD4C-47A368259265},THORPE ST,66,C,4.38,asphalt,2,1032.9947491640985,50,20,4 Years and 11 Months,52092.449493560955,paved,,City,Local,,,STAGE RD,CUMBERLAND DR
01KP4C7W4TGP085P273943VT9Z,{12EBC754-594D-4DC0-9021-8F61E4FBFC66},TAYLOR CT,66,C,'-9.06,asphalt,2,513.7554533823336,50,20,4 Years and 11 Months,25907.95357770911,paved,,City,Cul-de-sac,,,GROVE HILL RD,
01KP4C7RDJKWBACVX9KE6WGCX0,{EAE81BFE-9179-4C69-A097-49A3F1393D2F},TRUMPETER ST,66,C,'-14.5,asphalt,2,276.7627209368491,50,20,4 Years and 11 Months,13956.748641529675,paved,,City,Local,,,WHOOPER LN,BLACK SWANN RD
01KP4C8AAER8W9SNEAYRZ3XTF6,{90E95D0D-653F-46EF-A1CC-281C98EAB05C},FAIRWAY DR,66,C,11,asphalt,2,363.2407984119738,50,20,4 Years and 11 Months,18317.714548489534,paved,,City,Local,,,BELCASTEL CT,CANDLER WAY
01KP4C82G2YWN4KN6CN0M212SD,{3AC54D9F-E280-49D0-82F9-A4CF3592419E},TALLYHO CT,66,C,23.75,asphalt,2,213.8996453766814,50,20,4 Years and 11 Months,10786.653545424078,paved,,City,Cul-de-sac,,,,TALLYHO DR
01KP4C8AAE9PTPCW3W6T4N2886,{285A9506-8CB1-4FE9-9033-6D356EE701A2},FAIRWAY DR,66,C,9.75,asphalt,2,789.3942910850677,50,20,4 Years and 11 Months,39808.02639328984,paved,,City,Local,,,CANDLER WAY,HERON PT
01KP4C8APTNMASJNBTKFN8P2QS,{AB3008AE-3C4B-4283-93D9-7DBE89B33C20},CHESTNUT DR,66,C,'-14.75,asphalt,2,507.18069362728477,24,20,4 Years and 11 Months,12276.670961172447,paved,,City,Local,,,BEEHIVE RD,CHINABERRY CT
01KP4C7YXXB8H923N23BS7H6D1,{C4778486-C5E2-4312-9025-DA840ACC8BD8},BIBB AV,66,C,1.31,asphalt,2,1000.1337255800871,50,20,4 Years and 11 Months,50435.31501853868,paved,,City,Local,,,BODDIE LN,
01KP4C7QXZDA5FGBKCWM65N36G,{E9F4B49D-26D4-42BA-BE63-F40CAC45256E},RUNNINGVINE LN,66,C,'-0.25,asphalt,2,557.1165578560426,50,20,4 Years and 11 Months,28094.59213188329,paved,,City,Local,,,GATEWOOD DR,
01KP4C7YTRNZMFHRQS6STE96HG,{45D27797-F2CC-4CBF-AFB3-7486407A67FC},HOLLON AV,66,C,20.5,asphalt,2,276.90007286849163,50,20,4 Years and 11 Months,13963.675103225363,paved,,City,Local,,,JANET DR,MARSHALL CIR
01KP4C8AAGT2MVKKV6V4GW92ZM,{6D3949AD-6526-481A-8FDE-5D9285850F5A},FAIRWAY DR,66,C,10.75,asphalt,2,390.0467100205549,50,20,4 Years and 11 Months,19669.49837675084,paved,,City,Local,,,ALTAMONT CT,SAINT ANDREWS LN
01KP4C7QTATEJX6J6AHY433KXZ,{99A1198B-44FA-41FF-B5CF-CA52C0880202},TY CT,66,C,16.88,asphalt,2,335.23753954090387,50,20,4 Years and 11 Months,16905.55020827701,paved,,City,Cul-de-sac,,,RICK DR,
01KP4C82KF9PWWCDFT5TWST38H,{DF3DFAE3-CD1F-40CE-85DC-8872AF0AF80D},WELLINGTON ST,66,C,21.25,asphalt,2,288.3339522348409,50,30,7 Years and 5 Months,14540.26930555698,paved,,City,Local,,,HEATHER PL,JEFFERSON ST
01KP4C7VNCE70ZPC29TZMP1HND,{805E97D0-75FF-4437-A5DB-5C9F9192ABE1},SHELTON MILL RD,66,C,'-9.33,asphalt,2,816.8873219301367,80,20,4 Years and 11 Months,65911.13706087733,paved,,City,Arterial,,,TACOMA DR,
01KP4C7QV8SCB20KNXX5J29MRB,{C2FD4199-AE16-47CD-808E-7494C04AF6A2},AUBIE DR,66,C,13.63,asphalt,2,976.8653867765704,50,20,4 Years and 11 Months,49261.925933161336,paved,,City,Local,,,PULL CART LN,RICK DR
01KP4C7W7HT40HHAZHRDZJH7CQ,{C189BC32-04B0-48B5-B6E8-F85E9270D5C6},S GAY ST,66,C,'-2.37,asphalt,2,849.7502910729535,60,6,1 Years and 6 Months,51422.031899786154,paved,,City,Collector,,,LOFTIN DR,E UNIVERSITY DR
01KP4C85FV7M96E4PZ4FPP6J11,{CDD6FED2-F2E6-41AB-8C07-A27000E7C0BF},E UNIVERSITY DR,66,C,'-1.5,asphalt,2,456.03436276036257,80,20,4 Years and 11 Months,36795.45829815039,paved,,City,Arterial,,,OLD MILL RD,KATIE LN
01KP4C8DNB5S7ZKMT2QTRMQRK6,{4D26A117-C95F-4BA2-A036-9140138E1A83},OVERHILL CT,66,C,'-13.75,asphalt,2,189.8181401100216,50,30,7 Years and 5 Months,9572.257636976803,paved,,City,Local,,,N DONAHUE DR,
01KP4C85RQCJ4VTGR7X3EXG6SN,{ECD66E23-BA58-42B0-986A-6BB9894D1B72},PIEDMONT DR,66,C,14.17,asphalt,2,354.8144603938754,60,28,6 Years and 11 Months,21471.34363183509,paved,,City,Residential Collector,,,CRESCENT BLVD,HYDEN PARK LN
01KP4C7W5P0GAB800D17SQX78N,{E6E1DF35-54B2-4053-911F-33BC41C07292},CHARING LOOP,66,C,1.88,asphalt,2,180.54026944005238,60,20,4 Years and 11 Months,10925.265447829455,paved,,City,Cul-de-sac,,,E UNIVERSITY DR,
01KP4C82KZD72PRS7AQWJYPDS5,{07844652-A583-4212-B004-CCB054F97A16},PARK LANE RD,66,C,'-4,asphalt,2,384.4914166478447,50,20,4 Years and 11 Months,19389.352868098453,paved,,City,Local,,,MOORES MILL DR,WOODLEY RD
01KP4C7ZEPV29E4407FQRPJRAD,{D7C77D95-E9D8-4F5C-981A-F368A9A70C70},RIVERWOOD DR,66,C,'-6.37,asphalt,2,365.64686006108064,50,20,4 Years and 11 Months,18439.04880022307,paved,,City,Local,,,COLEMAN CT,SENECA DR
01KP4C82YF541R89YPS4N1NFHQ,{18AEAEE5-ABEB-4963-AFF6-61EE956700D4},DEKALB ST,66,C,'-8.5,asphalt,2,231.06296538476704,60,20,4 Years and 11 Months,13982.6103052839,paved,,City,Residential Collector,,,CORNSTALK LN,TWIN FORKS AV
01KP4C7Z28K1N95H8PN0JCD4E5,{ABF92212-E49F-4AB0-8CBE-A2DEA2E29C16},E MAGNOLIA AV,66,C,'-2.25,asphalt,2,516.2910329288258,80,20,4 Years and 11 Months,41657.31077117154,paved,,City,Collector,,,BURTON ST,CEDARCREST CIR
01KP4C7ZNG8FK6BADPA6VBNR7C,{9B1F787B-8834-4B83-9830-B3F8FFEF129C},GENTRY DR,66,C,11,asphalt,2,237.32850636087352,50,6,1 Years and 6 Months,11968.137535055477,paved,,City,Local,,,PICKETT CT,BOND AV
01KP4C85XRJZ5BMNWGKDHTNT09,{C4FD840C-A014-4258-BD00-C80718A90A1B},ACADEMY DR,66,C,23.75,asphalt,2,287.1435611337359,60,20,4 Years and 11 Months,17376.28749946436,paved,,City,Residential Collector,,,,REYNOLDS DR
01KP4C7R6508345N90PNVARYQB,{DDAF790B-D8D8-47E0-8834-5C10CD4BF607},SOPHIA CT,66,C,'-8,asphalt,2,75.32132288442634,24,20,4 Years and 11 Months,1823.2064213624567,paved,,City,Local,,,TUSCANY HILLS DR,TUSCANY HILLS DR
01KP4C85FAHXVX31BG2XW5C43E,{52ED28B9-E36C-404D-8270-B1F6057E5DD9},N DONAHUE DR,66,C,19.25,asphalt,2,519.1329592261341,24,30,7 Years and 5 Months,12565.984087325163,paved,,City,Arterial,,,S DONAHUE DR,GENELDA AV
01KP4C7ZDRENYZ2MDRSV1K5H4P,{8FD343AA-E075-42B4-89A1-885DB9B89F3F},ASHETON LN,66,C,'-4.25,asphalt,2,387.38123109285414,60,30,7 Years and 5 Months,23442.09849870472,paved,,City,Residential Collector,,,AMBERTON CT,WATERCREST DR
01KP4C8DTMJ05N4QKN92WBS4D1,{02F4DC0E-5FB2-480C-9CFC-CD396606F805},W MAGNOLIA AV,66,C,'-14.5,asphalt,2,521.0165747283862,50,20,4 Years and 11 Months,26274.121554160043,paved,,City,Collector,,,,
01KP4C83201485HWR7F1VCQGFY,{7679E1A9-95DA-4337-B70A-963981794BEA},CONSERVATION DR,66,C,'-2.25,asphalt,2,444.8351088727813,60,18,4 Years and 5 Months,26918.878874072874,paved,,City,Residential Collector,,,W FARMVILLE RD,PRESERVE DR
01KP4C7R6J960CDRY7VK5S4G3B,{8D001849-4CA7-4A6A-BDF8-F7D748FB8EB7},WHITE ST,66,C,'-11.75,asphalt,2,124.37419229855428,50,20,4 Years and 11 Months,6272.012840198523,paved,,City,Local,,,PHILLIPS AV,ARBOR WAY
01KP4C8APDFH6RA71W64XDVMGF,{C380D679-27BF-4F6F-B09B-9F789791DF4B},S COLLEGE ST,66,C,11.13,asphalt,2,1002.3910851570208,80,20,4 Years and 11 Months,80878.64069952648,paved,,City,Arterial,,,E THACH AV,ROOSEVELT DR
01KP4C7ZE3BT822VVDTRJ6DQYD,{39672C08-C2F9-4018-89D3-08E9CB15CD9F},CRESCENT BLVD,66,C,9.67,asphalt,2,280.1847448315628,80,30,7 Years and 5 Months,22606.906268695235,paved,,City,Residential Collector,,,N DONAHUE DR,
01KP4C8301K22J4TA8KYMANHST,{C9B067E7-AECB-4957-AB4D-9E119E0D29FA},PERRY ST,66,C,'-0.87,asphalt,2,148.94364564659108,50,20,4 Years and 11 Months,7511.015273320951,paved,,City,Local,,,E DRAKE AV,
01KP4C7ZHQBZSTBWGY1WFF0FPE,{C64B92BE-2DEF-44EB-A9BE-133BCCB06E02},HAMILTON RD,66,C,'-9.5,asphalt,2,1018.6399291318836,80,20,4 Years and 11 Months,82189.6902819554,paved,,City,Collector,,,,
01KP4C7YR1W7M7G0VE0830CZW9,{9C4F4DD3-5349-43DC-BD26-42F9701EA293},PIERCE CHAPEL RD,66,C,4.63,asphalt,2,384.4981656930921,80,20,4 Years and 11 Months,31023.50914049406,paved,,City,Local,,,TARA LN,SOCIETY HILL RD
01KP4C7Z1EWPA5EWDNPVX7BWX6,{91DDFCDA-D890-4626-9F3E-9887A676EDEF},W CHEWACLA DR,66,C,0.19,asphalt,2,471.47638129270825,35,20,4 Years and 11 Months,16643.1162596326,paved,,City,Local,,,E THACH AV,
01KP4C7Z2Q7G9YHRZJ02KER1Y7,{1B8096CD-2E71-4EC5-9B89-C08AAECEFD6A},N GAY ST,66,C,20,asphalt,2,225.68846452650263,24,16,3 Years and 11 Months,5462.950489910087,paved,,City,Collector,,,WYNN AV,HALAL CT
01KP4C7ZK0RCPD2WVWD2GJJCPK,{CA7F7F87-9193-4F92-B4FE-6D90F724A3A6},ABBY RD,66,C,15,asphalt,2,491.1144609327789,50,20,4 Years and 11 Months,24766.20067275299,paved,,City,Local,,,BARKLEY CIR,
01KP4C82FHEF2K8YF8ASCFKES7,{50EF5CED-ADE2-49A3-A0E7-29DD8C6AA85C},SEMINOLE ST,66,C,'-2.56,asphalt,2,894.512510733751,50,20,4 Years and 11 Months,45108.98804128772,paved,,City,Local,,,STAGE RD,CUMBERLAND DR
01KP4C82K5MJ1E5AXBVTWT1GZG,{684CCD35-167B-4DD7-9BF1-CCCFFE7C65FD},MORNING GLORY CIR,66,C,24,asphalt,2,508.57989797728663,50,20,4 Years and 11 Months,25646.95771228316,paved,,City,Cul-de-sac,,,SUMMERTREES DR,
01KP4C82VD8EB4K9DV3FZXT15H,{30602712-5010-47A8-94F1-B6539CA81982},JENKINS DR,66,C,'-2.56,asphalt,2,950.2981628959268,60,20,4 Years and 11 Months,57506.614543244934,paved,,City,Local,,,OWENS RD,CHARLES AV
01KP4C82VCQBEVXVZXCCYFHZWQ,{B81449E1-30FC-44D4-A25B-558EA037EC0F},E UNIVERSITY DR,66,C,13.2,asphalt,2,848.1753714285205,100,30,7 Years and 5 Months,85544.5446040765,paved,,City,Arterial,,,DEKALB ST,SHELTON MILL RD
01KP4C82YXX05B1BMANNG2CPZZ,{7164CE7E-A692-4614-8F80-C106102FCDCF},RUSTIC RIDGE RD,66,C,'-3.75,asphalt,2,844.7320933103547,60,20,4 Years and 11 Months,51118.35924660946,paved,,City,Local,,,DREW LN,BOND AV
01KP4C7Z1T16ZMCAPQ1JTGACDF,{9DF59EA1-1641-485F-8C37-F85D0806F921},W MAGNOLIA AV,66,C,'-13,asphalt,2,305.9654620321794,50,20,4 Years and 11 Months,15429.401156765618,paved,,City,Collector,,,HEMLOCK DR,LOCUST CIR
01KP4C8332467X9PCYZ9ASH2X2,{8BC091D7-FDBE-43B2-9A2B-90ACE4A2FA1C},COACHMANS DR,66,C,'-5.87,asphalt,2,1034.410327802145,50,20,4 Years and 11 Months,52163.83510202246,paved,,City,Local,,,SURREY LN,
01KP4C85FMB8KMSXKKCKZM3ENZ,{4F2ABB26-471C-48C5-90F4-C1A5F8BC0475},COUNTRY CIR,66,C,'-6,asphalt,2,147.01715386509014,60,20,4 Years and 11 Months,8896.638053893168,paved,,City,Cul-de-sac,,,RUSTIC RIDGE RD,
01KP4C85KHT56P0B1WVM828Z1D,{BB23BEB6-92CA-4521-A178-95C13F99BF77},MARION CIR,66,C,'-9.83,asphalt,2,335.15795081265514,40,20,4 Years and 11 Months,13521.229329927686,paved,,City,Cul-de-sac,,,S GAY ST,
01KP4C85RHEAGX5F6BCTZZSY3F,{DCB6C676-1119-4BD8-9887-3D53E8C47A74},EASTON CT,66,C,5.25,asphalt,2,218.5182295704854,50,20,4 Years and 11 Months,11019.562148340194,paved,,City,Local,,,OGLETREE RD,
01KP4C85TQJJXQ5ZC805HHA20S,{7A04D4C6-D5D2-43FF-988D-332819F416FC},CHERRY ST,66,C,6.56,asphalt,2,936.3450562690808,50,20,4 Years and 11 Months,47218.54355185507,paved,,City,Local,,,ANNALUE DR,
01KP4C85XMETFKXX52CN4HV215,{12441F0E-6ADA-40D2-B9BF-822F49E6C7D3},ASPEN HEIGHTS LN,66,C,'-11.75,asphalt,2,428.6455480356458,50,20,4 Years and 11 Months,21615.982636654702,paved,,City,Local,,,,N DEAN RD
01KP4C8ABZECYNQAHJJZM9NAQ0,{F9B6850D-1C84-4F81-9211-83708C37027B},CHAMPIONS BLVD,66,C,'-6,asphalt,2,376.1266205121072,50,20,4 Years and 11 Months,18967.528148681977,paved,,City,Cul-de-sac,,,BONNY GLEN RD,
01KP4C8ACYV302N2A8RCDRW2XK,{0647A0D0-179C-46D8-9FC5-E58DF6DB2685},WESTOVER ST,66,C,'-13,asphalt,2,462.63251244367285,50,24,5 Years and 11 Months,23329.896698945216,paved,,City,Local,,,LONG DRIVE CT,IRON ST
01KP4C8ASB7WJ2C5FK5Y4PE22P,{B763FFCC-DABD-47B2-B287-167955E86452},BUNKER DR,66,C,'-6,asphalt,2,172.54990675274723,50,20,4 Years and 11 Months,8701.445297674252,paved,,City,Local,,,CHIPPER CT,
01KP4C8DNHWWMD2BR4T1N9KTYR,{09718027-AA62-488C-B4EF-D494DAAAF0B2},REDTAIL LN,66,C,'-1.5,asphalt,2,174.4983122585755,24,30,7 Years and 5 Months,4223.856289870433,paved,,City,Local,,,W FARMVILLE RD,
01KP4C8DPMCJW5N84F1MY2CEM6,{B956CA62-B4DF-47B7-AF20-1E2C50025D7D},GOOSE HOLLOW DR,66,C,2.31,asphalt,2,447.2955742726692,50,20,4 Years and 11 Months,22556.47681689318,paved,,City,Local,,,,STINSON DR
01KP4C8DT3FBEB48NCTSYV8EWX,{8DEE02DC-B967-4614-AE0E-B23D8E509FFC},MARTIN AV,66,C,24,asphalt,2,291.82763179680245,50,20,4 Years and 11 Months,14716.450574895893,paved,,City,Local,,,,N ROSS ST
01KP4C8DWHC3RPS8EB9EE1026E,{5EEAC850-9F8D-4CA1-9991-4988E40FB5BE},REYNOLDS DR,66,C,'-13,asphalt,2,164.3727154774886,50,20,4 Years and 11 Months,8289.081223364783,paved,,City,Local,,,,CHATHAM DR
01KP4C7YZM3ZRQQX89Z5HNEHR7,{B1FA42F2-388F-4B4A-A931-C21103227C9C},SINGLETON ST,66,C,'-13.58,asphalt,2,489.80168241270485,50,20,4 Years and 11 Months,24699.999127383548,paved,,City,Local,,,E SAMFORD AV,CARTER ST
01KP4C85KJR1ZH85YCRE8R08YR,{35152D54-4F87-458D-A16A-54F482C4F85E},PINEDALE DR,66,C,5.17,asphalt,2,289.6122932829384,45,20,4 Years and 11 Months,13144.260796569937,paved,,City,Local,,,,E SAMFORD AV
01KP4C7R4DDDBH31MF47QT085Z,{7665C7FC-8786-4CFA-8050-B45944A1B04D},COX RD,66,C,7.08,asphalt,2,1159.2157915893324,24,14,3 Years and 5 Months,28059.646246699496,paved,,City,Arterial,,,,ON RAMP
01KP4C7Z8J43BT0EKP3K5WMS9H,{39CF525B-7543-4AEC-A551-37F537F9A2E2},SHELTON MILL RD,66,C,26.5,asphalt,2,342.570514981355,80,20,4 Years and 11 Months,27640.546694495617,paved,,City,Arterial,,,BODDIE LN,TULLAHOMA DR
01KP4C7ZAPNEFX3XM9BCJG3Y47,{33541E7A-18AE-4B37-A09C-72D4B70FAF49},GATEWOOD DR,66,C,15.33,asphalt,2,621.7164679778815,100,20,4 Years and 11 Months,62704.54662748346,paved,,City,Collector,,,,ACADEMY DR
01KP4C85SBG6Z77FEP10ZQ6JMA,{0D64FE59-29B3-48FD-9C10-EBB616860059},WRIGHTS MILL RD,66,C,'-12.62,asphalt,2,452.30799474377,120,8,2 Years,54742.19044956027,paved,,City,Collector,,,TANGLEWOOD AV,OLD WRIGHTS MILL RD
01KP4C85FBA0HK5FH215BG5W3C,{6D730692-649B-4F70-84DF-53118162E38F},N ROSS ST,66,C,'-1.5,asphalt,2,761.1440239617328,24,30,7 Years and 5 Months,18424.034774296575,paved,,City,Collector,,,MARTIN AV,MARY LN
01KP4C7YVPRD9TQFR2Y0VW89GX,{15493823-3E51-4752-9790-651FA64D5E5E},WRIGHTS MILL RD,66,C,'-15.25,asphalt,2,656.6192872935306,50,20,4 Years and 11 Months,33112.37263065947,paved,,City,Collector,,,WOODFIELD DR,BROOKSIDE DR
01KP4C7YREEEMTCW7ECWBKFQ2D,{E8E11652-083C-47B8-A488-FFB12CF54D09},BELMONTE DR,66,C,'-1.33,asphalt,2,823.791285790244,50,6,1 Years and 6 Months,41542.61769770802,paved,,City,Local,,,RIDGEVIEW CT,FALCON CREST CT
01KP4C7VM3GJSFKTS7NSWDT8WM,{F79D764B-A828-4630-BA80-F50B2B87DBEC},N DEAN RD,66,C,3.13,asphalt,2,290.5181124714229,60,12,3 Years,17580.49606327068,paved,,City,Arterial,,,MERCER CIR,ANNALUE DR
01KP4C836K7G2VYXWQWN68SWWM,{1F3D3B15-30B5-40BA-B13C-55E07BB7CFF6},E UNIVERSITY DR,66,C,20.75,asphalt,2,1092.2249278664215,24,12,3 Years,26438.084539669497,paved,,City,Arterial,,,,DEKALB ST
01KP4C7Z9JFNH1KDXGHBYDB682,{CCE4141B-F8B6-4BBA-BCD8-91DA39959DA6},SANDERS ST,66,C,11,asphalt,2,260.93722465762903,60,28,6 Years and 11 Months,15790.429766424519,paved,,City,Residential Collector,,,TIMBERDALE CT,PINE HILLS AV
01KP4C8DXGQS4S9KFYX10V66NG,{64650555-8672-430F-BA90-0A95572F7FB2},BOTTLE WAY,66,C,11,asphalt,2,708.1141487598397,50,30,7 Years and 5 Months,35709.18493031763,paved,,City,Local,,,HATCHER DR,
01KP4C82N5XC2JWY9K9QEP97SQ,{37720D30-2A4E-4AC9-B342-5C94385089FF},DUMAS DR,66,C,'-2.6,asphalt,2,822.1316950731248,50,20,4 Years and 11 Months,41458.92690868757,paved,,City,Local,,,HEARD AV,SHERWOOD DR
01KP4C7W2HTY8ST3KE4KQDWC1G,{4E9C5895-726B-4D05-972F-245B80744717},WRIGHTS MILL RD,66,C,2,asphalt,2,618.8102714896478,80,14,3 Years and 5 Months,49929.14876247901,paved,,City,Collector,,,ESTATE AV,OGLETREE RD
01KP4C7VP29GVQ9AEVT6K09WB2,{FB6C8775-D498-4DBA-B6F2-76F8DE3BCC3F},MOORES MILL DR,66,C,5.79,asphalt,2,917.905225959267,24,20,4 Years and 11 Months,22218.55164093402,paved,,City,Residential Collector,,,HAYDEN AV,WOODBERRY CIR
01KP4C7Z4AC9DMNJ3KSM4FG05Y,{27E3342B-57B0-485E-89A1-9975C0320A46},N DEAN RD,66,C,'-8.56,asphalt,2,532.3288682682709,80,6,1 Years and 6 Months,42951.33497113133,paved,,City,Arterial,,,E GLENN AV,HARPER AV
01KP4C7YQVQ3E8EDCMVCSP31S3,{77D75656-412A-4A4E-9979-FC87DC994A0D},CHESTNUT DR,66,C,9.5,asphalt,2,130.41648421897816,50,20,4 Years and 11 Months,6576.716989899898,paved,,City,Local,,,CHINABERRY CT,MULBERRY CT
01KP4C7VN1DXPERQZ1KB9SGMD0,{B7D3C303-2BDD-482D-A48A-663FAD9E7274},WOODY DR,66,C,'-8.07,asphalt,2,1147.0655521018484,60,20,4 Years and 11 Months,69413.85255290614,paved,,City,Local,,,LITTLE CREEK RD,
01KP4C82Y96SS3BGQ7NWGYFHQ8,{9C9CF951-0366-418F-B67A-9CA945B03884},LAW DR,66,C,8.75,asphalt,2,273.34029387606876,50,20,4 Years and 11 Months,13784.160534036037,paved,,City,Local,,,CRAIG CT,WHITAKER LN
01KP4C7Z73BZGCKKVN47G7X0PY,{2CA02087-024B-4AAB-A3FB-DF65CF0E1C8A},ANNALUE DR,66,C,'-24.75,asphalt,2,586.5208222115859,60,30,7 Years and 5 Months,35492.88861268969,paved,,City,Collector,,,E UNIVERSITY DR,SAUGAHATCHEE RD
01KP4C85ZEBTP82XVFM4SVVQAH,{639C3033-78C0-4E4E-B1B2-45BE335E5FE1},CHADWICK LN,66,C,7.19,asphalt,2,1453.550093719655,70,30,7 Years and 5 Months,102620.63661660763,paved,,City,Arterial,,,,TALHIEM DR
01KP4C7R5NAAD6H35WG90JANM4,{15CF968C-371E-4475-9547-86161E0C77EF},SHERIDAN GLEN XING,66,C,20.75,asphalt,2,253.91258365070593,50,20,4 Years and 11 Months,12804.448861242743,paved,,City,Local,,,SAUGAHATCHEE RD,PEMBROKE PL
01KP4C85TXFFQQMN31H0FA5V3N,{7B6CB81A-7526-494F-9805-06D4688B3BC2},E GLENN AV,66,C,7,asphalt,2,2057.024536062077,24,22,5 Years and 5 Months,49791.74819862261,paved,,City,Arterial,,,AIRPORT RD,E SAMFORD AV
01KP4C85QAYY0QDNZ7W84ZGAWG,{5ED559DB-0E0B-4D5C-9F28-44F24ADE3140},SOCIETY HILL RD,66,C,'-3.91,asphalt,2,898.0430320725081,80,20,4 Years and 11 Months,72459.24350207894,paved,,City,Arterial,,,MENEWA DR,MCCURRY LN
01KP4C82RS2M4N3ZHYFBEZPW9W,{D303F1CF-AB17-4867-9419-F59EB13AA0EB},N DEAN RD,66,C,11.88,asphalt,2,457.1631720037713,60,6,1 Years and 6 Months,27664.902808685358,paved,,City,Arterial,,,PATRICIA CIR,
01KP4C835S7KVF0058D57ME6WT,{8C681862-7446-4ABF-A5C3-90C6703B3D9E},DUNFORD AV,66,C,'-10.33,asphalt,2,665.4695562980942,24,20,4 Years and 11 Months,16108.165945592726,paved,,City,Local,,,BYRD ST,PETER ST
01KP4C85TFRP9KABXGZXX8DQMQ,{5ABB9269-C5C6-4B19-830D-FE70B7C8249E},E GLENN AV,66,C,2.71,asphalt,2,568.0338079617783,24,20,4 Years and 11 Months,13749.6640601491,paved,,City,Arterial,,,BENT CREEK RD,
01KP4C82TT00KA38K60E5PW75W,{17DFE50F-F022-45B3-A704-446EFB29DCC1},N COLLEGE ST,66,C,'-4.75,asphalt,2,439.1995495753146,24,6,1 Years and 6 Months,10631.138811434472,paved,,City,Arterial,,,N CARY DR,LAUREL DR
01KP4C7ZAM688DZVSJ3J5M4ZM8,{FD50DC2B-C914-43C5-98FF-079459B083AA},N COLLEGE ST,66,C,7.07,asphalt,2,842.8911600392535,100,30,7 Years and 5 Months,85011.59414110184,paved,,City,Arterial,,,S CEDARBROOK DR,N CEDARBROOK DR
01KP4C7Z3JJGHCN6633DQVD1RJ,{4E48BF48-7DE2-49D0-BDEE-AEB8B04275DD},W GLENN AV,66,C,14.7,asphalt,2,1254.2877839919936,24,6,1 Years and 6 Months,30360.931731371908,paved,,City,Collector,,,N DONAHUE DR,
01KP4C8DQYCZFMR1FVZDGG755V,{3152E558-2B32-4376-974C-4252D6959863},W LONGLEAF DR,66,C,2,asphalt,2,943.1242488207258,60,20,4 Years and 11 Months,57072.4902572085,paved,,City,Collector,,,S COLLEGE ST,
01KP4C7YSCREB93897RR0AYAMQ,{1E77A2C3-3C79-4361-A161-23F46496130E},WRIGHTS MILL RD,66,C,'-19.5,asphalt,2,398.70075333781614,80,6,1 Years and 6 Months,32169.455069314085,paved,,City,Collector,,,SAINT JAMES DR,ESTATE AV
01KP4C7Z90D3ZYF1GSJCXZB9XB,{1C2D5B5D-06AF-4F91-B396-A80B212D64A1},SANDERS ST,66,C,11.94,asphalt,2,493.2454329418396,60,30,7 Years and 5 Months,29848.395056309033,paved,,City,Residential Collector,,,LAUREL DR,RIDGEWOOD CT
01KP4C7YQW3M0WG4HHAMVAFM6X,{25B72A28-D8AD-4125-BDC5-21B74F36B72D},CHINABERRY CT,65,C,10,asphalt,2,280.2167458364377,50,20,4 Years and 9 Months,13738.404344480903,paved,,City,Cul-de-sac,,,CHESTNUT DR,
01KP4C82YKKQKNFC3W1WFGFTBN,{1A4A4DB8-C780-4200-A433-D24616312154},SHORT ST,65,C,'-4.12,asphalt,2,510.4871341707966,50,20,4 Years and 9 Months,25028.049772540442,paved,,City,Local,,,LAKEVIEW DR,E GLENN AV
01KP4C8DT7SKY75RTH4HZRDDTC,{40FD392B-79A1-410D-B2B9-72AC2F542927},N GAY ST,65,C,19,asphalt,2,252.8691183265943,24,6,1 Years and 5 Months,5950.853251285852,paved,,City,Collector,,,HALAL CT,
01KP4C7YGYEFM5PP4RBEDVQD8K,{28F0EC33-E4DB-40C2-B867-0DD5C270A9CE},,65,C,14.5,asphalt,2,228.46611547527107,15,20,4 Years and 9 Months,3360.355781782112,paved,,City,Unclassified,,,,
01KP4C7W72KBGEM4GNEJ0D8G82,{9B6A10C2-2FFA-4CCB-AC1A-5FF46E993647},KINSLEY CT,65,C,'-14.12,asphalt,2,438.9049634252541,50,20,4 Years and 9 Months,21518.53501237704,paved,,City,Cul-de-sac,,,INGLESIDE DR,
01KP4C82KJ24QMCZP9P7HXV3V8,{5855A746-A84C-4B60-BA81-EB29C41092FE},LAKE HILLS RD,65,C,'-19.25,asphalt,2,230.53320357108683,50,20,4 Years and 9 Months,11302.53067508245,paved,,City,Cul-de-sac,,,INGLESIDE DR,
01KP4C82YK8P6649WV0DT3HJSK,{06503B1D-BDEA-4C9D-9BBF-1E587B7243B6},COTTAGE LN,65,C,10.63,asphalt,2,451.25152201180924,30,20,4 Years and 9 Months,13274.315605847389,paved,,City,Local,,,N DEAN RD,
01KP4C7W3TRTAXD7TQN506VPZC,{10A251F1-B282-4FC2-8ECD-E20A57511C4B},OAK RIDGE DR,65,C,'-7.25,asphalt,2,204.42144605404695,60,20,4 Years and 9 Months,12026.79507617976,paved,,City,Local,,,OAK HILL CT,
01KP4C8AQXRP9A82VS2TE12YBS,{01B30F50-A098-4A62-9BD2-99B89E8B0E9C},LANDON LN,65,C,'-17.67,asphalt,2,449.00074056880726,50,20,4 Years and 9 Months,22013.50853066513,paved,,City,Local,,,COOL STONE BEND DR,THUNDER RIDGE WAY
01KP4C7W525WQ0GC3WBZX8JE9T,{BA69A0C7-C65D-40DA-9B6B-6E46990EFFF4},REDFERN PL,65,C,'-1.75,asphalt,2,251.63842517910894,50,20,4 Years and 9 Months,12337.272790031311,paved,,City,Cul-de-sac,,,GROVE HILL RD,
01KP4C7ZAG3AY164KGNABWMFH1,{BB005B21-ABEF-4F9C-B3E6-8789BA0823A6},WILSON ST,65,C,2.25,asphalt,2,498.87495791824364,60,20,4 Years and 9 Months,29350.476690856667,paved,,City,Cul-de-sac,,,SANDERS ST,
01KP4C7Z6T7H5RDC8HV2X1VP57,{27AA1B3C-B1E3-4A4A-B3A1-E7C30CE27A62},SANDERS ST,65,C,'-6.75,asphalt,2,508.93134372355644,80,6,1 Years and 5 Months,39922.83651875898,paved,,City,Residential Collector,,,S CARY DR,NORWOOD AV
01KP4C7R5Z68KBW9M83WZJNKPW,{9236D81F-AF15-4B79-BFC4-0650B3B96539},MIRACLE RD,65,C,7.17,asphalt,2,279.26801839404413,24,20,4 Years and 9 Months,6572.107366206506,paved,,City,Local,,,N DONAHUE DR,
01KP4C7ZA6S0G7Z5Y8APGZPNE7,{9997F39F-2F32-42E3-9F4D-44B4B78A0CEA},SYCAMORE DR,65,C,'-11.12,asphalt,2,379.5605337466514,50,20,4 Years and 9 Months,18609.00950174555,paved,,City,Local,,,S CEDARBROOK DR,REDWOOD CT
01KP4C8APTSMG4691F7YVQQNE2,{DD1FFF1F-1D15-4647-8E7B-61810D2A5C61},CHESTNUT DR,65,C,'-17.5,asphalt,2,105.05267914533526,24,20,4 Years and 9 Months,2472.2397158868894,paved,,City,Local,,,COX RD,BEEHIVE RD
01KP4C8AR7TKEYS4RN3H2KSFAF,{C0F32B41-90AD-4CAD-B053-44F048B01E34},COOL STONE BEND DR,65,C,'-20.5,asphalt,2,802.7736201511044,50,20,4 Years and 9 Months,39358.206654630536,paved,,City,Local,,,HARVEST GATE LN,
01KP4C82H6JV2R4VRGQ71J5G4P,{C90CE1C0-BB86-40C3-8423-438ADC466767},WATERCREST DR,65,C,'-2.36,asphalt,2,845.9956733542286,60,6,1 Years and 5 Months,49772.74544900711,paved,,City,Residential Collector,,,MT VERNON LN,BRENTON XING
01KP4C8A8FH9WG22M435APP6CV,{6874C9DD-0B20-4802-96D9-C19D9975C54F},SOPHIA CT,65,C,'-6.75,asphalt,2,321.34792749230405,24,26,6 Years and 3 Months,7562.387893652224,paved,,City,Local,,,SOPHIA WAY,
01KP4C7W0TBRAWAFGQC4GB8MSR,{A44B898B-5D8C-4F49-A206-19A50656AE20},PHILLIPS CT,65,C,49.83,asphalt,2,353.6697186746857,60,20,4 Years and 9 Months,20807.568448694008,paved,,City,Cul-de-sac,,,,S COLLEGE ST
01KP4C7W4EZ2T7B1JPH8V6287J,{A4490A37-7BB8-4085-A514-1DE5A2BB2F42},SWEETWOOD CIR,65,C,15.17,asphalt,2,701.0709475651952,50,20,4 Years and 9 Months,34371.95062368249,paved,,City,Cul-de-sac,,,GROVE HILL RD,
01KP4C7REW4XJF8JRA9NRCW52S,{15E43028-B95F-49C0-83D0-B7BB6FE20ACC},LARKHILL LN,65,C,'-6.25,asphalt,2,1095.6371334933783,50,20,4 Years and 9 Months,53716.6539059948,paved,,City,Local,,,SHELL TOOMER PKWY,CONIFER LN
01KP4C85HACVEA6J70Z8X1HVVE,{CB7750A7-1EEE-470E-88D8-3ABD8B97B614},N DONAHUE DR,65,C,'-9.75,asphalt,2,363.2632683521818,80,6,1 Years and 5 Months,28495.98527296004,paved,,City,Arterial,,,,GREENTREE TER
01KP4C82XZ707NHGJKNYQ3T25A,{6103137B-085C-4657-B11C-943DD1CAF2CA},HAMILTON RD,65,C,'-27,asphalt,2,362.9865426405786,80,20,4 Years and 9 Months,28474.27767824983,paved,,City,Collector,,,HAMILTON HILLS DR,BENT CREEK RD
01KP4C7R3WNWGCBKPZWDQRNSJ9,{D230D561-31B3-43C1-9BF8-E156076AC212},MARJORIE CT,65,C,2,asphalt,2,132.73819127038993,50,20,4 Years and 9 Months,6507.8585442288395,paved,,City,Cul-de-sac,,,REYNOLDS DR,
01KP4C82KP34N8N537XCB77TXQ,{BD73F3CC-CD07-492E-A667-B423D2385FE9},MONTROSE RD,65,C,'-9.5,asphalt,2,291.54329629358745,50,20,4 Years and 9 Months,14293.719943282827,paved,,City,Local,,,ARROWHEAD CIR,
01KP4C85N74ZEV8F629TDGM0ZY,{51F60BA1-2CEB-4219-843F-4A669E7383D8},SLATE CT,65,C,'-2.75,asphalt,2,146.53844360795392,50,20,4 Years and 9 Months,7184.454249112186,paved,,City,Cul-de-sac,,,BEDROCK DR,
01KP4C82KWS4TMG134THEZSKHG,{F4A92059-9E1C-4C24-8A0A-0D8BF659CDA6},S DEAN RD,65,C,'-4.75,asphalt,2,289.1248211334082,90,6,1 Years and 5 Months,25515.26546502327,paved,,City,Collector,,,HOLLON AV,E UNIVERSITY DR
01KP4C85HAD6198AZZ66ZGJ5YD,{EF84DC10-9B86-4165-81DA-45CF341C293B},N DONAHUE DR,65,C,2,asphalt,2,196.049531105938,80,6,1 Years and 5 Months,15378.996551199134,paved,,City,Arterial,,,PRIDE AV,
01KP4C8DPT2FKQ6CPT5TJ0R65W,{A6BE65F7-2DB0-485B-A71B-F0CB4D7758B0},E SAMFORD AV,65,C,'-10.41,asphalt,2,967.4644840981521,80,20,4 Years and 9 Months,75892.21397481058,paved,,City,Arterial,,,JOCKISH ST,
01KP4C7Z9B9EADNHF84XAJE61X,{D50CD077-ED27-41B1-A645-260E85CA52D0},NORTHPOINTE DR,65,C,'-17.87,asphalt,2,344.5008442037926,60,20,4 Years and 9 Months,20268.133000656468,paved,,City,Local,,,NORTHWOOD DR,NORTHSTAR CT
01KP4C7Z2K5S66XP6RD6A582PB,{33BA546C-FF7C-41FA-A5BA-F01ECFB22BB2},LAKESHORE LN,65,C,'-4,asphalt,2,248.9722803896942,50,20,4 Years and 9 Months,12206.557635772508,paved,,City,Local,,,PRATHERS LAKE DR,
01KP4C85H4EW0F4194VXVY89CZ,{E047DEF0-6889-45DB-A78E-A98131E6DCCD},E SAMFORD AV,65,C,3.5,asphalt,2,474.82675629519235,60,6,1 Years and 5 Months,27935.64082870048,paved,,City,Arterial,,,CHEWACLA DR,SCOTT ST
01KP4C7YREN12X1RRMHQSYNHPJ,{01C77C61-8499-4FA0-A910-A6A37D44DC4E},BELMONTE DR,65,C,1.56,asphalt,2,287.4618152296171,50,28,6 Years and 8 Months,14093.613996674285,paved,,City,Local,,,HAWKS LNDG,HAWTHORN CT
01KP4C85GQKRX0C8Z5KBC7RYGX,{5081F41E-CC76-4C3D-99FF-39EA81E442FA},CHEROKEE RD,65,C,0.38,asphalt,2,386.8161110966435,24,20,4 Years and 9 Months,9103.07248114101,paved,,City,Local,,,BIBB AV,
01KP4C832BZF0WTMGWV2T3AJNE,{27C0466C-040D-4B99-AF73-FF45B94BC858},BENT CREEK RD,65,C,'-1,asphalt,2,507.8001237684578,24,20,4 Years and 9 Months,11950.22957935104,paved,,City,Collector,,,OFF RAMP,CHAMPIONS BLVD
01KP4C85H4D7EZ4BBPSDZSQ0T2,{29D9B779-5C28-4523-BA3C-DACCE25ED87B},E SAMFORD AV,65,C,'-5.5,asphalt,2,447.71567098611985,60,6,1 Years and 5 Months,26340.605309683382,paved,,City,Arterial,,,NELOCCO DR,CHEWACLA DR
01KP4C8ANXRGG2EN8R8RK896ZB,{F2F0084A-EAE8-42B3-8509-6589CE5A0A46},S BROOKWOOD DR,65,C,'-8,asphalt,2,32.496077778492705,60,20,4 Years and 9 Months,1911.8525759679871,paved,,City,Local,,,,AUBURN DR
01KP4C82YXJYMVRRP63D7BPJ8C,{BB8AA64D-9CAC-4336-8AF2-C5A389560822},RUSTIC RIDGE CT,65,C,7.75,asphalt,2,375.4494597394337,60,20,4 Years and 9 Months,22088.943214670013,paved,,City,Cul-de-sac,,,RUSTIC RIDGE RD,
01KP4C85X97XY0MSKWRH9QCPZ3,{7B760A96-6A69-40C6-B809-A37CDF2F62B8},FORESTDALE DR,65,C,42.5,asphalt,2,401.33890858379004,50,20,4 Years and 9 Months,19676.754823621926,paved,,City,Local,,,SCOTT ST,DELWOOD DR
01KP4C82ZCZRKFKD8VZ830BJ44,{72294E08-6C51-4EF2-8827-8F1448E1CBD7},MARY BROOKS DR,65,C,'-13.12,asphalt,2,908.0736411737363,24,20,4 Years and 9 Months,21369.999688955264,paved,,City,Local,,,SLAUGHTER AV,MARTIN LUTHER KING DR
01KP4C7ZKN99H6Q4ZSN93211AZ,{BE8FFB49-0BF8-4145-9F26-11AE3B5BE9F1},MARTIN AV,65,C,'-4.25,asphalt,2,222.5719493048472,50,20,4 Years and 9 Months,10912.20807008487,paved,,City,Local,,,PITTS ST,LINCOLN ST
01KP4C7ZMF728NGEVCGC9WD4RY,{1BE4E113-BE64-4C6A-A9FB-BA4517325EB8},PITTS ST,65,C,14,asphalt,2,287.28915153189814,50,20,4 Years and 9 Months,14085.148679272228,paved,,City,Local,,,WASHINGTON CT,MARTIN AV
01KP4C7ZAKH2RERD5ZP7BN5B4K,{4A78B47A-3490-4898-8BAB-1A89AA491764},SYCAMORE DR,65,C,3.63,asphalt,2,261.04149043936457,50,20,4 Years and 9 Months,12798.284184041067,paved,,City,Local,,,REDWOOD CT,N CEDARBROOK DR
01KP4C85H13R13R6VP4QSAF7YM,{5C840C38-CBB3-4F97-919F-FC030412A3DE},S DEAN RD,65,C,3.06,asphalt,2,313.0601623047959,90,16,3 Years and 10 Months,27627.55932339824,paved,,City,Arterial,,,OLD MILL RD,E PARK AV
01KP4C8AAH9MHQE6ZGAJVBW1YT,{0D920121-CFE5-45BC-8A52-289E2E376083},HAMILTON RD,65,C,'-4.75,asphalt,2,469.91679624712896,80,6,1 Years and 5 Months,36862.36201671923,paved,,City,Collector,,,TUTTON DR,SUMMERLIN DR
01KP4C7VN3AHAX5QJSA8T4YTEJ,{6AC3594E-2B46-4ABA-994B-CA6029E0B4A9},N GAY ST,65,C,25,asphalt,2,378.60183662482376,24,16,3 Years and 10 Months,8909.763221904184,paved,,City,Collector,,,,LACOSTA CIR
01KP4C7YZ8Z5233HZT3TKR9T7H,{9D0F56D1-9A22-498A-8D19-B2AC5FD483AA},E SAMFORD AV,65,C,3.75,asphalt,2,349.9886471816909,60,20,4 Years and 9 Months,20590.99874252281,paved,,City,Arterial,,,SINGLETON ST,E UNIVERSITY DR
01KP4C7Z1XDV363P064833E15M,{7E6FB622-D6FC-4836-AA36-971044D40031},MCKINLEY AV,65,C,'-11.5,asphalt,2,92.67902890073165,60,20,4 Years and 9 Months,5452.616200326378,paved,,City,Local,,,ALICE ST,
01KP4C7Z6PPPQG6FNZ251GZH3J,{6AE973B5-0E4A-4F98-86EA-8B7A39EC0F1F},N COLLEGE ST,65,C,'-9.5,asphalt,2,589.7433144682611,80,16,3 Years and 10 Months,46262.086668288044,paved,,City,Arterial,,,S CARY DR,NORTH AV
01KP4C7ZCH91FF2A5C0NMV95M7,{17D2E334-1A97-42DF-8228-59D35B520416},SKYWAY DR,65,C,'-7,asphalt,2,1517.8210625407105,60,20,4 Years and 9 Months,89298.4725128118,paved,,City,Local,,,E GLENN AV,
01KP4C82GN034C5DS52204E5CQ,{8EA2E88B-DD96-433B-9324-63BC0F78E008},OLD COUNTRY RD,65,C,'-7.25,asphalt,2,267.3466387640625,60,20,4 Years and 9 Months,15728.89391395234,paved,,City,Local,,,OLD COUNTRY LN,PINEBROOK CIR
01KP4C82KJNRZN08N7DCG69EPN,{0AF1D0E3-0495-4E28-BDB1-46915686F8F8},COTTONWOOD CIR,65,C,'-4,asphalt,2,182.40901060758853,60,20,4 Years and 9 Months,10731.73012407979,paved,,City,Cul-de-sac,,,FERNDALE DR,
01KP4C82WEQ0JWJE90XACS08CC,{030F8401-80EC-46DB-8AF1-E53457DB62B7},N COLLEGE ST,65,C,'-1.87,asphalt,2,238.1826160198716,24,6,1 Years and 5 Months,5605.230897000977,paved,,City,Arterial,,,SHELTON MILL RD,N CARY DR
01KP4C82XN2YSD061Z31NG5S32,{1E997FAF-7509-48C4-980F-9CE3F34C282E},TALHIEM DR,65,C,'-9.4,asphalt,2,1287.864188662143,60,20,4 Years and 9 Months,75769.34309962274,paved,,City,Local,,,TALHIEM ST,CHADWICK LN
01KP4C82YWXJST8QG13K40WPWX,{BA5C3365-230C-4692-983B-C86886F5EF33},OVERWOOD CT,65,C,'-7,asphalt,2,346.9478759540957,60,20,4 Years and 9 Months,20412.100035299296,paved,,City,Cul-de-sac,,,BOND AV,
01KP4C838ZC5NPC86X82ZKW4F9,{0B5F5C2B-5F19-48F2-AA7A-FD96F6CB97D8},TUSCANY HILLS DR,65,C,'-7,asphalt,2,27.461164787122527,24,20,4 Years and 9 Months,646.2527446569502,paved,,City,Residential Collector,,,QUARRY PL,
01KP4C85GYCRWQH4FARQDQC0VZ,{462A5217-F945-4031-B2C3-15E89BD47F50},VICKERSTAFF ST,65,C,'-7,asphalt,2,388.351440630149,15,20,4 Years and 9 Months,5712.002439268441,paved,,City,Local,,,MARTIN LUTHER KING DR,
01KP4C896T7T353HBVS00N36P3,{609FB7A5-B46F-4E39-A052-D2FEA849D397},ANTLER RIDGE DR,65,C,2.17,asphalt,2,822.4002360784731,50,20,4 Years and 9 Months,40320.456018847355,paved,,City,Cul-de-sac,,,ANTLER RIDGE CT,DEER RUN RD
01KP4C8AR65HNJ91FSPCCN8VMC,{F612ECB7-9731-41CF-9872-D47713D75C45},ARBOR DR,65,C,'-19.5,asphalt,2,230.21537737866115,24,20,4 Years and 9 Months,5417.735214311158,paved,,City,Cul-de-sac,,,,
01KP4C85NTH16KV3ZF22PQ96GK,{6625571D-3563-41FA-A4CA-88446D8AC375},JOYE PASS,65,C,27.5,asphalt,2,123.44491314555012,50,20,4 Years and 9 Months,6052.2297694971085,paved,,City,Local,,,DELLIA DR,
01KP4C82SSTBG0G373HGGJDDRT,{A9255958-A1E7-41ED-B20E-8A2B29733CED},LINDSEY CT,65,C,'-12.25,asphalt,2,273.6618975714999,50,20,4 Years and 9 Months,13417.034700380478,paved,,City,Local,,,PLEASANT AV,
01KP4C85FTYAAVGYSVVP405KJW,{29208383-FA29-4A23-A199-6D76ED3C72D3},E UNIVERSITY DR,65,C,8.25,asphalt,2,158.24511733740135,80,20,4 Years and 9 Months,12413.450315578371,paved,,City,Arterial,,,HILLSIDE CT,CAROLYN CT
01KP4C833RZBAW39RZX9P7TTX6,{5885B707-8BA1-4A80-8D7E-F38DAF2636D6},OVERCUP CIR,65,C,'-17.62,asphalt,2,491.92061769269736,50,20,4 Years and 9 Months,24117.774728544744,paved,,City,Local,,,ROCK FENCE RD,ROCK FENCE RD
01KP4C82YJ0BY60J7Y0M68R1BC,{FAF6841F-E0E3-465A-A4C0-C75CE61F1312},CHINOOK ST,65,C,'-3,asphalt,2,236.80834565006015,50,20,4 Years and 9 Months,11610.186946454336,paved,,City,Local,,,CHICKASAW AV,CHOCTAW AV
01KP4C82V8T1ZYE8TCTS7YSEZS,{0B012712-B4E8-40FB-9E95-9F860EEADA3A},FELTON LN,65,C,1.42,asphalt,2,682.8994583294182,50,20,4 Years and 9 Months,33481.04288753953,paved,,City,Local,,,LANCASTER AV,PINE HILLS AV
01KP4C7YZ2R5QHDX9TZFS6RQXP,{71A338A1-7413-4407-AEBE-59F9FADB3EDB},GODFREY LN,65,C,5.79,asphalt,2,651.0119548491137,50,20,4 Years and 9 Months,31917.66945301905,paved,,City,Cul-de-sac,,,MOORES MILL RD,
01KP4C82VYAHTRZ0WDWDZAWY61,{2B6ED7D0-5406-40DD-B65B-C75AFE5BD269},N CEDARBROOK DR,65,C,0.17,asphalt,2,1515.5487018496347,60,30,7 Years and 2 Months,89164.78195882018,paved,,City,Local,,,SYCAMORE DR,SANDERS ST
01KP4C830X512WTXCE8DC1V88F,{48740C9A-403B-46E9-BF0B-2B30B092447A},STINSON DR,65,C,1.25,asphalt,2,388.3507899733136,40,20,4 Years and 9 Months,15231.980984508855,paved,,City,Local,,,GOOSE HOLLOW DR,STINSON CT
01KP4C85FRYWAMW0J2BKFFYFMH,{FBDCF069-B6E4-4FD2-8708-4B0650B28041},N DONAHUE DR,65,C,25.33,asphalt,2,613.0201022724718,90,28,6 Years and 8 Months,54099.02402554564,paved,,City,Arterial,,,STONE POINTE DR,W FARMVILLE RD
01KP4C8DNAPE5P4J1VABQVKVCE,{6D34FD13-9C2B-490E-A1C3-F9AAE64E518F},W FARMVILLE RD,65,C,21.13,asphalt,2,954.3100009250006,80,28,6 Years and 8 Months,74860.31785033895,paved,,City,Arterial,,,,LEE RD 91
01KP4C7ZBNWK9JJWF8TW4P7PR1,{C64C937A-1FFD-45CC-97DC-8C3B79A5266A},WRIGHTS MILL RD,65,C,'-1.37,asphalt,2,66.77319947793548,50,20,4 Years and 9 Months,3273.7415855154477,paved,,City,Collector,,,DUMAS DR,WOODFIELD DR
01KP4C8301S0CMA0VX8XXZ8WGM,{E70D5CD5-5F42-49F4-BE02-759B38649B17},N ROSS ST,65,C,5.8,asphalt,2,861.4035324830738,24,18,4 Years and 4 Months,20271.696464435,paved,,City,Collector,,,HARPER AV,OPELIKA RD
01KP4C82R5V5ZG3VADR38QG7F7,{E65B6910-ACAC-4320-A567-07D1FF24E928},N GAY ST,65,C,2.25,asphalt,2,247.40835567194495,60,30,7 Years and 2 Months,14555.858258699423,paved,,City,Arterial,,,TICHENOR AV,E GLENN AV
01KP4C7YZE4HCEZV0RVPKJFF7K,{346017C5-68BF-4A59-807E-36E65E94ABE2},E SAMFORD AV,65,C,15.5,asphalt,2,375.70584366186336,24,6,1 Years and 5 Months,8841.610854175851,paved,,City,Arterial,,,S GAY ST,ARMSTRONG ST
01KP4C7Z8CAS580GQC6MMZSRC1,{536B90BD-D3DB-46DB-A117-5BEECBC472F0},N CARY DR,65,C,'-31.83,asphalt,2,563.0587118388839,60,30,7 Years and 2 Months,33126.62087985434,paved,,City,Local,,,CARY DR,SANDERS ST
01KP4C7VNGTZZAB0BWBB5TWQP7,{F7CA9F3F-65A1-402A-A353-F50E8D013928},SANDERS ST,65,C,18.5,asphalt,2,316.5224193372124,60,30,7 Years and 2 Months,18622.06900433933,paved,,City,Residential Collector,,,LANCASTER AV,TIMBERDALE CT
01KP4C82KD5YWCSNE2SGH5JTYF,{DC58BFBE-9E1F-4015-9203-9396557E1A9A},WIRE RD,65,C,15.5,asphalt,2,278.2149857770374,80,10,2 Years and 5 Months,21824.419995398708,paved,,City,Arterial,,,,
01KP4C82NQ56D0DA4Q2Z89602T,{F0566197-F1A2-4AEC-B299-E1305A8B6B31},E SAMFORD AV,65,C,'-3.87,asphalt,2,323.7811067141421,45,6,1 Years and 5 Months,14286.841333761517,paved,,City,Arterial,,,DUMAS DR,MOORES MILL RD
01KP4C7Z2D6PH05HV0C5D6G5D8,{55D48C8E-E408-472E-B047-63641E85C787},N DEAN RD,65,C,'-2.31,asphalt,2,370.38124607887164,24,6,1 Years and 5 Months,8716.305324389445,paved,,City,Arterial,,,COTTAGE LN,LAKEVIEW DR
01KP4C85FEKR46ZRWDE9Z21CQT,{E14D127B-B590-422F-AE22-A4196D97C0CC},HARPER AV,65,C,16.5,asphalt,2,264.01784423102805,50,30,7 Years and 2 Months,12944.208196326792,paved,,City,Collector,,,,GIDDEN ST
01KP4C85K12P3QDZ3SEX1TYE5S,{7188510B-1AFC-4A6F-A73F-9414E9B1BED1},N DONAHUE DR,65,C,13.56,asphalt,2,641.2606184144362,80,10,2 Years and 5 Months,50303.332955621314,paved,,City,Arterial,,,,YARBROUGH FARMS BLVD
01KP4C85SCPX1MVYV3SQAF2RGR,{0A20C5C0-EDEF-4E1D-8273-6766B83F4170},WRIGHTS MILL RD,65,C,'-10,asphalt,2,183.28293363948208,120,6,1 Years and 5 Months,21566.291858245724,paved,,City,Collector,,,OLD WRIGHTS MILL RD,WOODEN BRIDGE DR
01KP4C82FTQTEVKPV5CMTK4SXR,{63605D42-B6F3-45C2-B4FC-EF4EE7EDC979},DEER RUN RD,65,C,'-4.12,asphalt,2,456.6645547044814,60,24,5 Years and 9 Months,26867.097968446986,paved,,City,Residential Collector,,,WATERFORD RD,MIDDLEBROOK LN
01KP4C7YZEYY8VM7RD1RCR6ZZ9,{76E26B4D-C277-4C3F-9BCB-FA0AF3183514},E SAMFORD AV,65,C,2.25,asphalt,2,275.21500880695226,45,6,1 Years and 5 Months,12143.862263606768,paved,,City,Arterial,,,PAYNE ST,DUMAS DR
01KP4C82VBX8Z6PCNXYWWEC442,{70382ABC-9CFF-4D9E-9211-24F3DFEE2C1F},N COLLEGE ST,65,C,'-7.11,asphalt,2,1703.3228475736018,100,6,1 Years and 5 Months,167020.26810930038,paved,,City,Arterial,,,LAUREL DR,PINE HILLS AV
01KP4C7ZKBYFNZQV9RA8QE7645,{AA9A545F-5F71-4566-AAB0-F12DF7C2E229},FULLER AV,65,C,1,asphalt,2,224.8703850775766,50,20,4 Years and 9 Months,11024.895268386741,paved,,City,Local,,,N GAY ST,N HERITAGE CT
01KP4C8A8ZJK0B6DMGGQ9JG1VZ,{1984802C-7E8E-4F7D-AD80-620C424F2543},MOORES MILL RD,65,C,'-2.78,asphalt,2,894.2713000204518,80,6,1 Years and 5 Months,70150.61531271544,paved,,City,Arterial,,,STONERIDGE DR,
01KP4C82W0GX88WCMMK6G01P8J,{73714BC9-6F64-4F04-8A3D-813AED572E4B},S DEAN RD,65,C,3.81,asphalt,2,526.4355519309443,90,6,1 Years and 5 Months,46457.93745790582,paved,,City,Arterial,,,E THACH AV,OLD MILL RD
01KP4C82K8KAF27NY6K139G1NV,{AD32C836-ABE7-4B53-9EFE-031FFD0A391A},WIRE RD,65,C,18.88,asphalt,2,120.74983423473041,80,6,1 Years and 5 Months,9472.153663302184,paved,,City,Arterial,,,,
01KP4C8DPDNBH8PVZWN38ZPZB6,{A6D1C755-C982-44C7-9CE0-4A3C485D6451},WRIGHTS MILL RD,65,C,'-10.7,asphalt,2,1150.8729815627485,80,6,1 Years and 5 Months,90279.59166481116,paved,,City,Collector,,,OGLETREE RD,
01KP4C7W4HPJCN7SKQ14TCRNZ0,{D0AA5917-91CA-474B-B309-E8DC0A041579},RED OAK CT,64,C,'-16.87,asphalt,2,534.022314043561,50,20,4 Years and 8 Months,25433.87227440801,paved,,City,Cul-de-sac,,,S DONAHUE DR,
01KP4C82RHWG1P9ADAS8XK24JG,{C069E56D-61AB-4F3A-BCCC-17AFE8ABEDA2},REEDE ST,64,C,8.25,asphalt,2,315.3638067174731,50,20,4 Years and 8 Months,15019.82701675838,paved,,City,Local,,,KURT CIR,KENT DR
01KP4C82YMHSG6DH8XZ3GA3KR3,{31A7B49A-C381-4815-ABCA-E97CB466C047},CRAWFORD ST,64,C,'-5.5,asphalt,2,518.7436640585893,50,20,4 Years and 8 Months,24706.196254092014,paved,,City,Local,,,LAKEVIEW DR,E GLENN AV
01KP4C7W7TR0S7GBNNQWSF33RD,{746F41BD-0FE0-44E2-8954-DAE6011126EA},LEE DR,64,C,'-7.29,asphalt,2,1417.6291566731884,60,20,4 Years and 8 Months,81020.8816113886,paved,,City,Local,,,KIMBERLY DR,FERNDALE DR
01KP4C82Q1DW4DDZ81GBGM3CST,{2044F193-315D-4303-8FD2-DBBA7BBA58A4},PRATHERS LAKE DR,64,C,'-7.12,asphalt,2,370.904250844913,50,20,4 Years and 8 Months,17665.050867621612,paved,,City,Local,,,LAKESHORE LN,
01KP4C7RBTP9T4ENYEC1G2FRVM,{2E556AE8-C30E-4FF1-817B-43AA0103409B},EDEN GATE XING,64,C,'-2.37,asphalt,2,129.07015825984192,50,20,4 Years and 8 Months,6147.222378708821,paved,,City,Local,,,PEMBROKE PL,
01KP4C7QXPY134BYN13FP025WM,{5B8EA8BD-DD7C-46C9-9CE4-B7660EB00D1F},STEVEN ST,64,C,'-25,asphalt,2,179.2403014255281,50,20,4 Years and 8 Months,8536.674990909476,paved,,City,Local,,,EMILY AV,
01KP4C7R1M3SPDTGJGM0HJ576Z,{D7FEA9F3-F681-406A-8066-32130800EA60},KENT DR,64,C,'-7,asphalt,2,140.51052402880393,30,20,4 Years and 8 Months,4015.2554985564393,paved,,City,Local,,,,
01KP4C82VX9VYX9N5GHZDKE8MF,{5CAB98B4-5190-4AF7-9786-FF1CE23BEA83},S CEDARBROOK DR,64,C,7,asphalt,2,150.7540095946223,60,28,6 Years and 6 Months,8615.950586450745,paved,,City,Local,,,GRANITE CT,PENNY LN
01KP4C7W74RF7DVMA0PN3ZHDK6,{86240BC8-92C2-4185-B2D6-81725180F2CE},FERNDALE CIR,64,C,'-7,asphalt,2,133.0597520381718,60,20,4 Years and 8 Months,7604.681637914943,paved,,City,Cul-de-sac,,,FERNDALE DR,
01KP4C85GQXV3S32D8A31QD77J,{056114F0-59B2-4B55-BCA8-AE773666C23E},DEKALB ST,64,C,0,asphalt,2,97.66268516910328,60,20,4 Years and 8 Months,5581.654987617036,paved,,City,Residential Collector,,,WHITAKER LN,
01KP4C830V5VY3EZYT8NTKSNKC,{F98B9322-476A-4A7B-AE20-A05C03BC0C28},STINSON CT,64,C,'-0.5,asphalt,2,218.48428541486558,40,20,4 Years and 8 Months,8324.598074759419,paved,,City,Cul-de-sac,,,STINSON DR,
01KP4C85VGMTAS82FMRY6BEWPM,{FDE537E1-F67F-4232-AFD5-084B6487A119},BELCASTEL CT,64,C,6.81,asphalt,2,915.2949436515191,50,20,4 Years and 8 Months,43592.73775279973,paved,,City,Cul-de-sac,,,FAIRWAY DR,
01KP4C7QWA3J7DYTVEY265JXTX,{5EF8AFB1-913B-4F98-A669-3869F1913E75},WEST LN,64,C,33.9,asphalt,2,1204.7553626614579,50,20,4 Years and 8 Months,57378.86453437626,paved,,City,Local,,,SCOTTWOODS DR,SCOTTWOODS DR
01KP4C7RHGY0P1JTF3GW9C4J8S,{9A01873A-C91F-4460-9706-0EF01AF49309},HABERSHAM DR,64,C,'-7,asphalt,2,360.54229198623375,50,20,4 Years and 8 Months,17171.542017534826,paved,,City,Local,,,SANDHILL RD,HARROGATE LN
01KP4C7Z1BGBE920JQ58FEYHZJ,{B2509773-0705-44A5-92C4-63C7A9D709B5},CONE ST,64,C,1.81,asphalt,2,355.58512117970554,50,20,4 Years and 8 Months,16935.44692221756,paved,,City,Local,,,ALAN AV,OLD MILL RD
01KP4C82FSAJSPV67JV2B68YK6,{88D033A2-849E-4C49-BED9-8FDB827333EC},PLANTATION RD,64,C,'-4.41,asphalt,2,2206.574298576866,60,20,4 Years and 8 Months,126110.97491199781,paved,,City,Local,,,,MARTIN LUTHER KING DR
01KP4C7RF978P9DHGB8FXC6HHQ,{F396BD34-B914-4279-90D1-1900D693E30B},CAP CT,64,C,'-7,asphalt,2,844.4936728941526,50,20,4 Years and 8 Months,40220.686754268325,paved,,City,Local,,,NORTHGATE BLVD,
01KP4C8AB6M79M66VM5EK7HQWE,{8B7248E0-AEDA-4494-B584-0DC58FCFA10B},E FARMVILLE RD,64,C,'-5.69,asphalt,2,451.52332241186167,80,30,7 Years,34407.5105751566,paved,,City,Arterial,,,HARVEST DR,FARMVILLE LAKES DR
01KP4C85TPY3BYM36YKJNA1DA4,{3014D8F0-AD55-429F-A514-8360EBA15FEF},KARLEE CT,64,C,'-6.75,asphalt,2,117.74371448521809,50,20,4 Years and 8 Months,5607.7780208396325,paved,,City,Local,,,,
01KP4C7VN3XAR369W85NYD8R0A,{BF10679E-28BD-4215-BC64-91E2010AC704},LITTLE CREEK RD,64,C,10.5,asphalt,2,272.67173723256525,60,20,4 Years and 8 Months,15583.839001263086,paved,,City,Local,,,LACY DR,
01KP4C7YQPMMXSXP8XS9AN84GQ,{0F8F2A5F-109C-4FD0-874B-B121B394DB63},CHESTNUT DR,64,C,1.5,asphalt,2,141.37217936916846,50,30,7 Years,6733.130542812539,paved,,City,Local,,,PECAN CT,TIMBERWOOD DR
01KP4C8ACZR9ZE4C947RM9HT86,{819EB90C-F7F1-4E2F-8C06-D2F0F3AA47BA},AIRPORT RD,64,C,'-5.5,asphalt,2,679.178321062075,100,30,7 Years,64694.430233230334,paved,,City,Collector,,,CYPRUS COVE DR,
01KP4C8DY0Q1T5QJVP9E6NFDPH,{429DAA5B-EEBB-41F5-BE1A-799920E04771},NATURES TRL,64,C,'-7,asphalt,2,94.03055101420345,50,20,4 Years and 8 Months,4478.39156060504,paved,,City,Local,,,WINN DR,
01KP4C7Z6M0K1T4APBGP2KBT82,{713454A3-A721-472F-AAAB-7B79B19EC46F},E UNIVERSITY DR,64,C,'-20.5,asphalt,2,1762.6930051721317,130,20,4 Years and 8 Months,218274.55462300553,paved,,City,Arterial,,,KENT DR,ANNALUE DR
01KP4C8AKPWRHH0GHJC9JE2C40,{F9A6562F-47C7-4618-BA9A-5016F0C80E25},WRIGHTS MILL RD,64,C,'-12,asphalt,2,578.0271572563539,80,12,2 Years and 9 Months,44047.50438978259,paved,,City,Collector,,,,SAINT JAMES DR
01KP4C7W7VMSDS27PG5044MVHE,{E1C19193-BCDC-4F76-8D88-3E26AAE7CD41},FAIRMONT LN,64,C,15.5,asphalt,2,383.2450815678445,50,20,4 Years and 8 Months,18252.807416576466,paved,,City,Local,,,GROVE PARK,
01KP4C82GV73HDR3Q69KTVX4ZN,{D195B6AF-1524-4E07-B25D-04C3753ECC97},ASHETON LN,64,C,'-3.62,asphalt,2,543.658304663769,60,20,4 Years and 8 Months,31071.36653606931,paved,,City,Residential Collector,,,N COLLEGE ST,ELLINGTON WAY
01KP4C85P24AR4K2WKQHWJSA2E,{0D8B756B-9C97-43CF-8824-DBFD400DF424},RAYMER PL,64,C,8.75,asphalt,2,504.5567805556637,50,20,4 Years and 8 Months,24030.517778686808,paved,,City,Local,,,DURHAM CT,
01KP4C82MXJM0MWRACJMVE0VKR,{570E01F9-7A0B-4B09-B0B6-FB6E6F3A748E},HOMEWOOD DR,64,C,'-23,asphalt,2,195.38850335794052,24,20,4 Years and 8 Months,4466.7672710514325,paved,,City,Local,,,S BROOKWOOD DR,
01KP4C7ZMR8XD9WQDDR65NHGVK,{740CC55B-A09C-466C-9CDB-AF399FF5AA8A},TACOMA DR,64,C,30,asphalt,2,1027.8972461214944,60,20,4 Years and 8 Months,58746.774990238926,paved,,City,Residential Collector,,,SUNDILLA CT,TULANE RD
01KP4C8DTAS6M4N0G6VFAA5012,{7EB2CD8A-7DC4-45B5-8844-53062E71BF24},WYNN AV,64,C,'-1.25,asphalt,2,150.48432016929166,27,20,4 Years and 8 Months,3870.24173715394,paved,,City,Local,,,N COLLEGE ST,
01KP4C82H6CM3Z723SF3SN2EPR,{BD23A0E9-A383-4DD3-A851-214AFEEBF3FE},WATERCREST DR,64,C,1.83,asphalt,2,709.9821261346999,60,30,7 Years,40577.16894223174,paved,,City,Residential Collector,,,BRENTON LN,MT VERNON LN
01KP4C7ZK6NRCN082SH5SQ09VV,{20E5CEC5-4D6F-4D01-9B63-3EEF59247D17},N HERITAGE CT,64,C,'-1.19,asphalt,2,416.447497763626,50,20,4 Years and 8 Months,19834.138365710478,paved,,City,Cul-de-sac,,,FULLER AV,
01KP4C7Z2Y16AGD87MXRH6563D,{73D50C27-54ED-4A0B-B341-E64AA9BF4745},THOMAS ST,64,C,'-2.25,asphalt,2,462.89444897322693,50,20,4 Years and 8 Months,22046.266573716945,paved,,City,Local,,,GENELDA AV,W GLENN AV
01KP4C82WA719R1M5KGGF3S27Z,{65E225CB-4566-4D81-AB8B-ED38B57B6D79},E DRAKE AV,64,C,16.88,asphalt,2,385.49509580045634,50,30,7 Years,18359.968808718553,paved,,City,Collector,,,PERRY ST,N ROSS ST
01KP4C85SEP14PV0FXECRRR6TB,{68F379A6-4A46-44B3-931F-9CB9224FC919},SUMMER HILL RD,64,C,27,asphalt,2,107.80989428689139,50,20,4 Years and 8 Months,5134.660123933614,paved,,City,Local,,,,BRYANT AV
01KP4C7YSEQA6MJ8H5XCH95A3P,{414D4AB0-4CA5-4B6C-8912-7F1EFB46645B},SUNSET DR,64,C,'-3.25,asphalt,2,695.1834172105532,60,20,4 Years and 8 Months,39731.38749219551,paved,,City,Local,,,COX RD,
01KP4C7YZ3WYDZRFJ0H95RVYX6,{F1C8731C-C4A3-40A5-BD22-D10C1E9B16C5},ROSEMARY CT,64,C,'-7,asphalt,2,282.30737124924696,50,20,4 Years and 8 Months,13445.448689418503,paved,,City,Cul-de-sac,,,RIVERWOOD DR,
01KP4C7Z3Z05GT2WBYRQ3P51M6,{040BA6BD-92FE-4548-94C6-D8FDA139D850},HEMLOCK DR,64,C,8.17,asphalt,2,333.6941754362292,40,20,4 Years and 8 Months,12714.277757414675,paved,,City,Local,,,W GLENN AV,RAILROAD AV
01KP4C7Z6BFTSASS2T7D421KK2,{30463141-A6B4-43FC-A8C2-F2C65E515176},BURKE PL,64,C,3,asphalt,2,456.7690768556125,60,20,4 Years and 8 Months,26105.44028771934,paved,,City,Local,,,BURKE LN,
01KP4C7ZJTX6DJ84P738684HSE,{79A83B7A-9760-45A2-9440-0455D5B10DD8},RIDGEVIEW LN,64,C,'-16.5,asphalt,2,257.5135082879757,50,20,4 Years and 8 Months,12264.591771715413,paved,,City,Local,,,GROVE HILL RD,ABBY RD
01KP4C82HV951DKJ45P8W9PKN1,{1D6E0C7D-7D1C-4E73-A954-2DA65EECF7A0},TIMBERWOOD DR,64,C,0.69,asphalt,2,1052.4845841860854,50,30,7 Years,50126.66658492617,paved,,City,Local,,,CHESTNUT DR,LIVE OAK DR
01KP4C82MT4PTT8CXT233HFSW2,{40DDD4ED-C015-4433-B964-3CC42906CD14},ARNELL LN,64,C,'-11,asphalt,2,123.12277431527964,50,20,4 Years and 8 Months,5863.966417984073,paved,,City,Local,,,HARDWOOD ST,
01KP4C82ND9BPYCVQZE3AXMAW9,{6AB38B80-2D13-4101-95AC-8C9FDB9697ED},HAMILTON RD,64,C,0,asphalt,2,194.84476002812448,80,20,4 Years and 8 Months,14847.789268936825,paved,,City,Collector,,,LEE RD 109,
01KP4C82YXVZ380KQZT0KV3Q6Z,{A8A1E70E-6102-4AE3-86AF-BB1ECE06F1EE},RUSTIC RIDGE RD,64,C,'-0.5,asphalt,2,417.46337095962764,60,20,4 Years and 8 Months,23859.025610749766,paved,,City,Local,,,DREW LN,COUNTRY CIR
01KP4C8303CCBXZESZH7P46D0V,{DCCFEAE8-E077-4FE4-9727-C09C906F39D9},RUSTIC RIDGE RD,64,C,11.5,asphalt,2,345.4386068927276,60,20,4 Years and 8 Months,19742.638856792935,paved,,City,Local,,,COUNTRY CIR,
01KP4C8340SXWHX8YS784S4GE5,{224AEDD7-E5B5-45BF-B79C-BE5C02D88444},MEADOWBROOK DR,64,C,'-7,asphalt,2,128.8168042955283,50,20,4 Years and 8 Months,6135.155893471947,paved,,City,Local,,,,
01KP4C838QD64A2XBK0EXWJB0C,{62EDB9E6-C95E-496C-B037-C30AC7679474},BELLWOOD PL,64,C,'-0.31,asphalt,2,513.8927169675819,50,20,4 Years and 8 Months,24475.160273987774,paved,,City,Local,,,TALEEDA CT,
01KP4C85JM4KAMMM035BHGB361,{C6B33A77-C7FD-4511-8501-5B1B89BB9F6B},BRYANT CIR,64,C,8.08,asphalt,2,667.6777758544849,24,20,4 Years and 8 Months,15263.74983962958,paved,,City,Local,,,BRYANT AV,BRYANT AV
01KP4C85JVK71VCQQG8GRDKMMD,{B6394C98-2903-4676-8E22-19374323832F},CROSSING WAY,64,C,'-15.5,asphalt,2,245.24589163643458,50,20,4 Years and 8 Months,11680.322188176537,paved,,City,Local,,,BRADFORD LN,
01KP4C8618F147ACK3XKRJ2RTH,{3D174F76-956F-4108-A92E-229921DE9292},OLD COX RD,64,C,'-2.17,asphalt,2,2055.9485794634224,24,20,4 Years and 8 Months,47000.94257279999,paved,,City,Collector,,,,BEEHIVE RD
01KP4C8ADC87K3G5YP51RPTP30,{09187E1A-3375-4B01-8CBF-BC3FABAD4A64},OAKMONT DR,64,C,9,asphalt,2,275.3930572607944,50,20,4 Years and 8 Months,13116.140766841483,paved,,City,Local,,,ANDREWS AV,HOGAN DR
01KP4C8ARXA7XAMCY1TJ1D7KS8,{2D599E57-4322-4267-B744-5DF9129B9242},CANDLEWOOD LN,64,C,21.5,asphalt,2,85.02681040843603,50,20,4 Years and 8 Months,4049.5705496906726,paved,,City,Local,,,TIGERS TAIL TRL,
01KP4C8DN5MTM9BJQRS22S2NY4,{405F58F8-5262-4547-844E-1A1B1B72C892},CLUB CREEK DR,64,C,6.25,asphalt,2,82.98225479526502,50,6,1 Years and 5 Months,3952.1945319554393,paved,,City,Local,,,YARBROUGH FARMS BLVD,YARBROUGH FARMS BLVD
01KP4C8DNSHFH5RXTN94WB55X8,{5CAD5E65-1933-4854-A4EC-ADC6CE34A19D},NORTHPOINTE CIR,64,C,8.5,asphalt,2,182.48659642026183,50,20,4 Years and 8 Months,8691.286231095171,paved,,City,Cul-de-sac,,,,
01KP4C8DQEXAAEQA97S6H3BSWZ,{69FA5DB6-E4AF-40E8-AD45-D25BB6832FE7},CLOVERBROOK CIR,64,C,'-8.5,asphalt,2,110.1877325360714,50,20,4 Years and 8 Months,5247.909388483844,paved,,City,Local,,,S DONAHUE DR,
01KP4C8DSS9TXFM8P1KT5CKF9Q,{61E3BA45-42D6-4363-A7DA-5FA954C0CCFC},N DEAN RD,64,C,5.75,asphalt,2,256.2636088453417,60,6,1 Years and 5 Months,14646.075396960909,paved,,City,Arterial,,,,STAGE RD
01KP4C85HF45WEHD8B7EVNX4SY,{85D55AF6-E0CA-40EA-BB4B-C11F64EF8AEF},SANDSTONE LN,64,C,'-4.87,asphalt,2,262.2815411450629,60,20,4 Years and 8 Months,14990.014556300212,paved,,City,Local,,,N DEAN RD,BEDROCK DR
01KP4C8A95XMRNJR1AD6E6ZT26,{1509D227-DB3B-406A-8DDB-66E6AC4C54D6},AIRPORT RD,64,C,'-10.42,asphalt,2,652.9755229078905,100,30,7 Years,62198.50972968651,paved,,City,Collector,,,E GLENN AV,AVIATION WAY
01KP4C7W812DTWFZW8ZS99XJD3,{9173976D-F67A-451B-858E-2525BC7A88A7},S COLLEGE ST,64,C,30.5,asphalt,2,378.8528604949105,100,6,1 Years and 5 Months,36087.23834650726,paved,,City,Arterial,,,S DONAHUE DR,
01KP4C8ABMPHPVZB0ZK7DBEA2P,{07B523B9-3D3D-4361-A874-3B129E36AC39},RUTLAND RD,64,C,1,asphalt,2,260.65998922420687,50,6,1 Years and 5 Months,12414.449169321153,paved,,City,Local,,,SHELL TOOMER PKWY,NORTHERN FLICKER DR
01KP4C85T8WG25TM9Z9KGRDNCH,{6C86D4B4-6F68-4441-8A89-41233A9E7879},E UNIVERSITY DR,64,C,39,asphalt,2,722.4370838965314,90,30,7 Years,61933.49914947264,paved,,City,Arterial,,,INDIAN PINES DR,OPELIKA RD
01KP4C7Z8W6V5G41BSSKWQWJ7B,{9D740B83-81CC-408A-9243-BA176CC6BAC2},SHELTON MILL RD,64,C,28.5,asphalt,2,440.20370173586025,80,20,4 Years and 8 Months,33544.919544341545,paved,,City,Arterial,,,TULLAHOMA DR,TACOMA DR
01KP4C7W47QB8TZ3E6Q9NPA58Z,{95616944-B101-4F93-A447-9ECA0392A854},WRIGHTS MILL RD,64,C,'-4.08,asphalt,2,1513.0566573280507,120,8,1 Years and 10 Months,172949.58096429775,paved,,City,Collector,,,WOODEN BRIDGE DR,OLD WRIGHTS MILL RD
01KP4C82M91CFFQ5STYCX3771H,{BF672F59-D749-401A-A264-65737AAD645C},WRIGHTS MILL RD,64,C,'-0.83,asphalt,2,972.7286759050639,60,20,4 Years and 8 Months,55593.759848631315,paved,,City,Collector,,,CAMELLIA DR,JANET DR
01KP4C82XPCG8AAQCK2T6K3F5Q,{175670E3-B0CC-4CD7-B96F-7151455CCC1D},CHADWICK LN,64,C,4.19,asphalt,2,3998.0882237795777,70,30,7 Years,266583.63812112494,paved,,City,Arterial,,,,
01KP4C7VG83GC2EB3M4763HVQ8,{1B18C13C-AE68-47F5-9925-44CB872A59E2},CHADWICK LN,64,C,10.13,asphalt,2,2836.6149736303137,80,30,7 Years,216159.0661175303,paved,,City,Arterial,,,,WIRE RD
01KP4C7Z4EJ8HGXQ19EE7AV1E2,{2C7A07C6-4E6B-4465-9B0D-5485192D7C35},N DONAHUE DR,64,C,14.38,asphalt,2,254.51196592422997,24,6,1 Years and 5 Months,5818.385933376398,paved,,City,Arterial,,,,MARTIN LUTHER KING DR
01KP4C82NECD50DJPX7XQC0A79,{6CFCAD1B-20E5-4D9B-9E09-B6D98F28427A},E SAMFORD AV,64,C,'-9.42,asphalt,2,584.8810551996393,60,20,4 Years and 8 Months,33427.34487860033,paved,,City,Arterial,,,E UNIVERSITY DR,JOCKISH ST
01KP4C82SM2JDYVZ9TNF6A3D2Z,{3743B11F-5FC6-4796-932A-1A829F82579D},N GAY ST,64,C,10,asphalt,2,34.563553773832076,50,10,2 Years and 4 Months,1646.1578269584625,paved,,City,Collector,,,NORTH AV,PITTS CIR
01KP4C8A8FBAMAJ1KAV0A87EAX,{F18FCA22-50FC-4F26-A393-B30457610F11},BILTMORE LN,64,C,'-12.12,asphalt,2,3272.4884300958784,60,20,4 Years and 8 Months,187030.50541909868,paved,,City,Local,,,CANNON LN,
01KP4C7YT0YJK6KPHQKD8109RG,{950C4246-6624-4CC7-ADBC-DDC7D848B5CB},S GAY ST,64,C,'-4.15,asphalt,2,1371.0941332905848,60,6,1 Years and 5 Months,78361.29422739807,paved,,City,Collector,,,CAMELLIA DR,AZALEA DR
01KP4C8613ECVBW635J5ERPVWT,{5F831BC0-30E8-43B2-A623-0F25C58BC476},STUBB AV,64,C,'-7,asphalt,2,145.4966093380156,50,20,4 Years and 8 Months,6929.564703471679,paved,,City,Unclassified,,,,FOSTER ST
01KP4C8DTR8PWGT0E185GVGTBQ,{3466534C-5869-4F62-BC39-B91F1BFF97AC},W GLENN AV,64,C,20.33,asphalt,2,733.7645438494707,24,6,1 Years and 5 Months,16774.556295773993,paved,,City,Collector,,,,
01KP4C7YZE7SJ8XB0B2B9J57Q6,{B258F350-E501-4347-AB18-1B7F9DF3043F},E SAMFORD AV,64,C,2.5,asphalt,2,94.78034603593754,50,6,1 Years and 5 Months,4514.102036203661,paved,,City,Arterial,,,ARMSTRONG ST,WRIGHTS MILL RD
01KP4C7Z80408GGNHC6HBYTC9V,{CBD810EB-3472-4B9E-8B21-3629ED9E6150},N DONAHUE DR,64,C,7.5,asphalt,2,113.73983442529857,70,6,1 Years and 5 Months,7583.919404291295,paved,,City,Arterial,,,RAINTREE AV,JULIE AV
01KP4C85Q0V4YZNQZ0460867H1,{39B796B8-02D9-47EB-8796-D24ADABB7CBF},W FARMVILLE RD,64,C,'-5.36,asphalt,2,1922.4286110430833,80,30,7 Years,146495.1631094545,paved,,City,Arterial,,,,REDTAIL LN
01KP4C85N4JSEQ2CJ6VPVXXZPE,{D4649E71-085D-411D-96B7-454847622A30},BOULDER LN,64,C,0.5,asphalt,2,353.1490251109094,50,20,4 Years and 8 Months,16819.4230134172,paved,,City,Cul-de-sac,,,BEDROCK DR,
01KP4C7W58W6PC0NNN63H20VCY,{64B18B1B-6CD9-44B4-8B68-DC37019D114C},WRIGHTS MILL RD,64,C,'-11.08,asphalt,2,739.0649889982516,120,8,1 Years and 10 Months,84478.6475995906,paved,,City,Collector,,,BRIARWOOD AV,TANGLEWOOD AV
01KP4C82GX9D7N075YR302BSNQ,{2AF5DD95-CEC1-4D09-A325-6B31008A8700},ASHETON LN,64,C,'-2,asphalt,2,510.9352715989758,60,30,7 Years,29201.167284432893,paved,,City,Residential Collector,,,ELLINGTON WAY,S ASHE CT
01KP4C7Z030V3AA25PESGTRB08,{907AD0BA-AA42-4BC1-A69F-E58012DD4679},CASEY AV,64,C,'-9.25,asphalt,2,382.10091865809346,50,20,4 Years and 8 Months,18198.31438783507,paved,,City,Local,,,ARMSTRONG ST,S GAY ST
01KP4C7ZGSHEZFHVN5NK0SXA5A,{F960D3F5-CB65-4D81-B12E-3FAC064CD0B5},VFW RD,64,C,14.79,asphalt,2,1608.762675075678,24,20,4 Years and 8 Months,36777.84690715865,paved,,City,Residential Collector,,,MADELINE LN,BINFORD DR
01KP4C7Z8H8TNPKQV658GQJQPJ,{7FBD0D52-E976-4F5E-A41A-43F475319471},N DONAHUE DR,64,C,7,asphalt,2,253.85974747684043,70,6,1 Years and 5 Months,16926.803828983546,paved,,City,Arterial,,,CROSBY CIR,PRIDE AV
01KP4C7Z32XWR1J58CGKW45YGT,{27C81015-9705-418C-9832-4D5101C25941},E GLENN AV,64,C,1.73,asphalt,2,1635.894752546994,24,20,4 Years and 8 Months,37398.1120382267,paved,,City,Arterial,,,HILTON GARDEN DR,BENT CREEK RD
01KP4C7YRP3MRPSDZE76E5FG22,{00C41F44-64E3-4DE2-823B-A57DD5BEEB62},COX RD,64,C,1.5,asphalt,2,441.63404441356624,24,10,2 Years and 4 Months,10096.174859145947,paved,,City,Arterial,,,FIELDVIEW DR,W VETERANS BLVD
01KP4C82M7H9CJ63ABM0JHVSQE,{58BBF6E1-FB20-4D91-A56A-DB55EA927D0B},S DEAN RD,64,C,4.31,asphalt,2,436.9531875269811,90,8,1 Years and 10 Months,37459.37254784876,paved,,City,Collector,,,BRENDA AV,HOLLON AV
01KP4C8ACZ7KW8ST1V4VGXRVGD,{7F814D5E-93D1-4E78-8A78-D2931FEC1334},AIRPORT RD,64,C,'-12,asphalt,2,470.27722257818635,100,28,6 Years and 6 Months,44795.77163002692,paved,,City,Collector,,,AVIATION WAY,CYPRUS COVE DR
01KP4C8DPF0H8R7KWFX0VBVNXZ,{E97BC566-CE23-4F85-9513-949FAE4ECE99},WRIGHTS MILL RD,64,C,'-13,asphalt,2,206.78151899867493,80,6,1 Years and 5 Months,15757.40819696569,paved,,City,Collector,,,,
01KP4C82RPQZ7360EEJ1FNMDRT,{765A4ACE-045E-4EAC-99A5-B36E8BF3C1E0},BURKE PL,63,C,4.5,asphalt,2,102.0720667676174,60,20,4 Years and 6 Months,5662.083360837977,paved,,City,Local,,,HUNTINGTON CT,BURKE CT
01KP4C7VZ4Y2BX9RTMKQ5MD7EX,{33411A9B-B6E0-437C-ACB6-B0D58C1F29B9},BELMONTE DR,63,C,0.81,asphalt,2,516.6957170345086,50,6,1 Years and 4 Months,23884.874633869007,paved,,City,Local,,,HAWTHORN CT,RIDGEVIEW CT
01KP4C7W4DFB50XGWA1VBV3TKE,{5462EC08-D948-4E0C-BEF3-532BC0D9DA3B},FERNDALE DR,63,C,18.5,asphalt,2,72.86067657551625,60,20,4 Years and 6 Months,4041.6858163247084,paved,,City,Local,,,OAK RIDGE DR,
01KP4C7ZA5X5CK4E7RTB7QRFZD,{090551EA-0158-45F8-9674-9B9A6A11240E},SANDERS ST,63,C,8.75,asphalt,2,332.65439191863067,60,30,6 Years and 9 Months,18452.814340286328,paved,,City,Residential Collector,,,S CEDARBROOK DR,WILSON ST
01KP4C8ANQX395D4HWKTV20TS9,{21D3073A-A3C4-4367-ACD3-CF9C6F262FA5},CARY DR,63,C,'-8,asphalt,2,48.63062992876344,60,20,4 Years and 6 Months,2697.610514476977,paved,,City,Local,,,,
01KP4C7RE85JJ8YZ5MXHSZ3T03,{6874C9DD-0B20-4802-96D9-C19D9975C54F},SOPHIA CT,63,C,23.13,asphalt,2,495.8905266531784,50,30,6 Years and 9 Months,22923.12994040824,paved,,City,Local,,,SOPHIA WAY,CANTERA CT
01KP4C7QYRSFFAJZ2B52XA78XJ,{84661EDC-3AA8-434B-8C18-34D5CDC06ABB},MALL PKWY,63,C,2.4,asphalt,2,1156.3362641444783,60,6,1 Years and 4 Months,64143.62448104299,paved,,City,Local Commercial,,,OPELIKA RD,MALL BLVD
01KP4C85P300FG09PF5F1A07W9,{10A9DF0D-01EB-49FD-AE1E-5EBD35DEC2A8},PRESLEY CT,63,C,8.17,asphalt,2,624.2575345293819,50,20,4 Years and 6 Months,28857.047697352264,paved,,City,Local,,,RAYMER PL,
01KP4C85H3GE1RSZ4ZV0CKD7B1,{E73DA5E7-75C5-422E-9208-EE81087C5BAC},STINSON CT,63,C,19,asphalt,2,139.87036832455985,24,20,4 Years and 6 Months,3103.52365831009,paved,,City,Cul-de-sac,,,,STINSON DR
01KP4C7YY1NSPEQ9EA1AX8DK4F,{E031A6CC-1610-4753-8FF7-2761768C416B},CAHABA DR,63,C,'-6.59,asphalt,2,876.0305711582938,50,20,4 Years and 6 Months,40495.55604532921,paved,,City,Local,,,SHELTON MILL RD,CHEAHA CIR
01KP4C7YS8Y9NW9VZVTMYVB2HJ,{0F508960-1987-4F07-8B46-E3BDDDBF337E},HUMMINGBIRD LN,63,C,'-2.65,asphalt,2,1798.897709762108,60,20,4 Years and 6 Months,99787.4258143752,paved,,City,Local,,,MOCKINGBIRD LN,CANARY DR
01KP4C8AQBDN6AG6APED3MNSEM,{18171BEA-96E3-4E51-9399-5FC98FB1422C},SCARSBORO LN,63,C,'-8.37,asphalt,2,165.7601829537477,60,20,4 Years and 6 Months,9194.954148705749,paved,,City,Local,,,,GARRETT LN
01KP4C7YSR6KGANY1B6H1VTXY4,{61DF319F-9932-4841-9CD7-F9B30CF11DFC},FAIRMONT LN,63,C,31,asphalt,2,286.5430654886974,50,20,4 Years and 6 Months,13245.794324912044,paved,,City,Local,,,GROVE PARK,
01KP4C7QW2WX4TPDQZWREXGHMH,{078FB626-F70D-43BE-80B9-7FC616EBA4ED},LITTLE CREEK RD,63,C,'-11.2,asphalt,2,803.662322959983,60,20,4 Years and 6 Months,44580.29714362305,paved,,City,Local,,,CROSS CREEK RD,WOODY DR
01KP4C7VYZ4Y836EY97C75H25Z,{521DB860-65C4-4F35-AB48-88BF31FB1B4C},BELMONTE DR,63,C,'-2.56,asphalt,2,928.0449026631903,50,14,3 Years and 2 Months,42899.98044096628,paved,,City,Local,,,PENNCROSS CT,HAWKS LNDG
01KP4C8ABCEHB5PQ0QJKY6ZF8G,{27910FAB-9631-41FE-8B20-7BEC6E5F1F51},E GLENN AV,63,C,11.06,asphalt,2,519.165876152769,24,10,2 Years and 3 Months,11519.54912629258,paved,,City,Arterial,,,E SAMFORD AV,SAMGLENN DR
01KP4C839C5ZD3493GM8X74CT0,{0316CBA3-89B7-4B2B-82BD-F1EA78DAEF38},TUSCANY HILLS DR,63,C,4.75,asphalt,2,348.35689049943875,24,10,2 Years and 3 Months,7729.541747481831,paved,,City,Residential Collector,,,,N COLLEGE ST
01KP4C7Z4MQ4E7TFY6ZX2B0FM3,{8B90C1E9-AC62-4396-BE1F-51F4B58A655B},E GLENN AV,63,C,'-4.09,asphalt,2,1107.2626791541054,24,20,4 Years and 6 Months,24568.577046602233,paved,,City,Arterial,,,,INDIAN HILL RD
01KP4C85HSE6EMG4MHVQZRX018,{413C1247-BF01-4853-85B1-F4E2612F3597},BARKLEY CREST DR,63,C,2.5,asphalt,2,183.66321683097476,50,6,1 Years and 4 Months,8490.050844698511,paved,,City,Local,,,HAMILTON RD,BARKLEY CREST LN
01KP4C82JKFM2Q1D2ZJ4Z0Z535,{F8A8746E-4654-4DC1-AD44-1FD10072CA1B},WINDWAY RD,63,C,14.44,asphalt,2,2219.8060543012557,24,20,4 Years and 6 Months,49254.325193438715,paved,,City,Local,,,KENTWOOD DR,MOSSWOOD PL
01KP4C7R41CT5YP1DV67TA1RJ7,{6B3907FE-64A4-46B1-9FA8-A565FAB4BD5B},MUIR DR,63,C,'-0.5,asphalt,2,307.5324769993637,50,20,4 Years and 6 Months,14216.054859387254,paved,,City,Local,,,REYNOLDS DR,
01KP4C8DRVN9KQDT90NRB37NEC,{EE15306B-80AA-43E9-92F2-D71E3A4B8D0A},,63,C,9.88,concrete,2,468.93707636794466,24,30,6 Years and 9 Months,6091.7159253893005,paved,,City,Driveway,,,,
01KP4C85KXEWZMKVR8Q37DDDM0,{D239F8E6-7EE8-4F83-A650-D834230224DB},N DEAN RD,63,C,'-2.37,asphalt,2,1051.1959683391074,60,20,4 Years and 6 Months,58311.34207229649,paved,,City,Collector,,,,SANDSTONE LN
01KP4C85QPRCTD6M43RDWCX26D,{348F45C6-6948-4AED-B7DC-29F415FF3A95},MRS JAMES RD,63,C,'-3.5,asphalt,2,1319.332224233071,100,30,6 Years and 9 Months,121975.40539754796,paved,,City,Collector,,,ROXANNA CT,SHADOWWOOD LN
01KP4C7ZE7Y7J12K5EG5Y7QWT8,{0C217419-0474-4CF0-B091-D8A399D8FB1D},PIEDMONT DR,63,C,'-7.12,asphalt,2,360.22108626008986,60,10,2 Years and 3 Months,19981.978256398983,paved,,City,Residential Collector,,,CRESCENT BLVD,SIERRA CT
01KP4C8A9KZ458GZ2KTP6GJ1Z2,{33178ADD-7A04-4DC9-8F28-8DA65EA0F8F0},WRIGHTS MILL RD,63,C,'-9.67,asphalt,2,631.8815802580214,24,8,1 Years and 10 Months,14020.549577953698,paved,,City,Collector,,,E UNIVERSITY DR,BINFORD DR
01KP4C7R4F3ZMFGCAY0KAB70XJ,{24171D71-BA34-4113-AAD6-496ADF4F0F45},COX RD,63,C,'-19.5,asphalt,2,994.4569834601291,24,30,6 Years and 9 Months,22065.579810146748,paved,,City,Arterial,,,ON RAMP,OFF RAMP
01KP4C8AP5KN3NCJGT30VKZWF7,{C7E00C6D-C8D0-48C1-9FB8-8B5388EF70D9},PEACHTREE LN,63,C,'-6.5,asphalt,2,522.1253901220225,50,20,4 Years and 6 Months,24135.867736235872,paved,,City,Local,,,LOFTIN DR,AZALEA DR
01KP4C7YY236AFXAMCVTJYEW1D,{C29AF994-8B2E-496A-828E-A33D551ECCEB},LACOSTA CIR,63,C,2.5,asphalt,2,179.82360722141323,50,20,4 Years and 6 Months,8312.560319532708,paved,,City,Cul-de-sac,,,N GAY ST,
01KP4C7ZNCMFH25K2PBJJH26JT,{4A6B55E0-F928-4823-ABCA-6895D318E754},GENTRY DR,63,C,'-18.5,asphalt,2,937.6311783921265,50,20,4 Years and 6 Months,43343.11744876937,paved,,City,Local,,,DISTRICT CT,DREW LN
01KP4C7Z9DW03Y4C97RE4RZNZ3,{A8BCBFA6-4392-4C56-A33C-00DB411F91F3},FELTON LN,63,C,4.09,asphalt,2,902.0622679836049,50,20,4 Years and 6 Months,41698.90222119449,paved,,City,Local,,,LANCASTER AV,LAUREL DR
01KP4C82QJW17MKQXXB7AFAXMA,{BCE11F90-3C28-435C-915A-F540AE6DFFA3},E GLENN AV,63,C,3.85,asphalt,2,1230.412160791438,150,20,4 Years and 6 Months,170631.80072689833,paved,,City,Arterial,,,E UNIVERSITY DR,AIRPORT RD
01KP4C7Z279F397AFP24R90T7T,{9F213E2B-C13B-4C91-B2BE-4FD4F810D214},E MAGNOLIA AV,63,C,6.42,asphalt,2,570.1060953491398,95,20,4 Years and 6 Months,50072.282614968426,paved,,City,Collector,,,S COLLEGE ST,S GAY ST
01KP4C82TP6PDCGKT6KR8H67MM,{8EC909F8-6E02-4681-A441-9714D5C251D9},N GAY ST,63,C,11,asphalt,2,193.141559929168,60,26,5 Years and 10 Months,10713.838245785135,paved,,City,Collector,,,MIMOSA AV,SHELTON MILL RD
01KP4C7ZEMTWY2PVJE5N9EBRT1,{22F566A1-1E37-4CAC-A28B-F65515B5AE34},E DRAKE AV,63,C,12.25,asphalt,2,299.0191234853698,50,6,1 Years and 4 Months,13822.514958258223,paved,,City,Collector,,,HUDSON TER,PERRY ST
01KP4C836YY95EQ1TKTQY1C9Z5,{10A2AB3C-7638-4097-A037-AA9E76825C1D},BRYANT AV,63,C,5.5,asphalt,2,385.8774978549501,24,20,4 Years and 6 Months,8562.070423832978,paved,,City,Local,,,SUMMER HILL RD,BRYANT CIR
01KP4C82QFSXN09MKQ1ZA9PNJE,{D0851F10-D95E-49E1-9676-E64E232B052A},N COLLEGE ST,63,C,4.42,asphalt,2,661.3192507074892,105,20,4 Years and 6 Months,64197.566262429515,paved,,City,Arterial,,,S COLLEGE ST,TICHENOR AV
01KP4C7Z238REWZJET5ZSBVSZD,{5842004A-7252-4F3E-A347-1DA6D69C27E8},W MAGNOLIA AV,63,C,'-10,asphalt,2,332.8883690277769,83,20,4 Years and 6 Months,25544.347515617425,paved,,City,Collector,,,TOOMER ST,GINN CONC
01KP4C7ZHQC5FE3TD0SDS9CSNP,{02C9B3DE-A1E7-4387-8E0E-2C8E296594E0},HAMILTON RD,63,C,'-15.5,asphalt,2,581.3985540781216,80,20,4 Years and 6 Months,43001.344485435155,paved,,City,Collector,,,,
01KP4C7YSH29P0M2HXYQ250MSP,{69733CE0-34BB-490E-873B-EBA41D0AE7F2},BLUFF CT,63,C,'-10,asphalt,2,233.8872771377908,50,20,4 Years and 6 Months,10811.717822929068,paved,,City,Cul-de-sac,,,CLIFF DR,
01KP4C7ZN30DFQ2ZP5WFPHVD6V,{8D884228-BE28-4615-BB72-94F0D1DAD584},CHEYENNE AV,63,C,10.5,asphalt,2,244.72494444590853,50,20,4 Years and 6 Months,11312.7018962317,paved,,City,Local,,,CHINOOK ST,CORNSTALK LN
01KP4C7YTGM81M5A92ATW64R6G,{69D52DC2-3340-4589-A964-3A023D6963FD},HOLLON AV,63,C,13,asphalt,2,1465.6744867579287,50,20,4 Years and 6 Months,67752.54800096473,paved,,City,Local,,,MARSHALL CIR,S DEAN RD
01KP4C82SXTBCPH25VHAWMTNH1,{7C68B4F2-E4E0-46E2-83CE-AF00882B4D1D},TRACY CT,63,C,'-14,asphalt,2,278.78289358187794,50,20,4 Years and 6 Months,12887.071140219428,paved,,City,Local,,,PLEASANT AV,
01KP4C82W4PHEQFMT557YZ49WF,{022C26C5-A895-440C-99FF-5AA69EE56E48},OSBURN CIR,63,C,'-2.25,asphalt,2,133.87331087242427,60,20,4 Years and 6 Months,7426.143801680334,paved,,City,Cul-de-sac,,,ALICE ST,
01KP4C831MBGBCFJ03R5XWF5N0,{61E96A08-6691-4806-933D-FACE7F4832B7},JOYE PASS,63,C,6.5,asphalt,2,76.60456320446467,50,20,4 Years and 6 Months,3541.1371300349556,paved,,City,Local,,,,CORE DR
01KP4C838THQ75FFSX3FQ25VAY,{84CD08C8-2804-4CAC-B649-AF87F98AD1BE},GROVE HILL RD,63,C,'-4.25,asphalt,2,177.71292459547175,60,20,4 Years and 6 Months,9857.989802917384,paved,,City,Residential Collector,,,STANTON DR,
01KP4C7ZBZSGR973G8FC7Y5PYC,{3927B429-3A8D-4B3B-9597-49681A6C843C},E MAGNOLIA AV,63,C,'-10,asphalt,2,207.50793592149788,80,20,4 Years and 6 Months,15347.682193965262,paved,,City,Collector,,,CEDARCREST CIR,DUPLEX CT
01KP4C85JX4FMFQ0GK8ZN5571V,{5438926A-0B47-46DE-A1AC-74E5970BB725},BROOKHAVEN CT,63,C,0,asphalt,2,247.33131999688825,50,20,4 Years and 6 Months,11433.184708903773,paved,,City,Cul-de-sac,,,HILLBROOK CIR,
01KP4C85QKZN8G6007BP0PKAVT,{D9D78069-F801-4631-9F52-78222D651973},KEYSTONE DR,63,C,4,asphalt,2,321.0674260714326,50,20,4 Years and 6 Months,14841.723993278245,paved,,City,Cul-de-sac,,,MRS JAMES RD,
01KP4C8ANPB5960XCR1DWWPSD7,{CD1DD38F-9089-43D3-B7D2-852D452E04A5},CARY DR,63,C,'-9,asphalt,2,48.19822815535844,60,20,4 Years and 6 Months,2673.624570389383,paved,,City,Local,,,,
01KP4C8AAKM7SGAMZT4DTVBMS6,{05819E5D-7082-49DC-AEBD-ADC449BA8228},ARLINGTON CT,63,C,0.75,asphalt,2,314.7589462813633,50,20,4 Years and 6 Months,14550.107004887306,paved,,City,Local,,,HERITAGE RIDGE LN,
01KP4C8AS7JKGGE6AY2VZA04JQ,{90BAF2AE-D4BE-4EA0-8C7D-46034235DE1C},COSCOROBA RD,63,C,'-6,asphalt,2,15.08657270309752,24,20,4 Years and 6 Months,334.7494960350153,paved,,City,Local,,,CYGNUS ST,
01KP4C8DQXBEH7G9MC3H2T7QDF,{F437607E-3F73-4BD9-968A-0ABB7DB84D9E},E LONGLEAF DR,63,C,8.5,asphalt,2,130.717852408193,60,6,1 Years and 4 Months,7251.10601287162,paved,,City,Collector,,,LOIS LN,
01KP4C833TK03Y987PD7HYCPB7,{F3026948-5567-4F54-AE31-A3C234F127BE},PEACHTREE CIR,63,C,'-5.75,asphalt,2,652.8770136701256,100,20,4 Years and 6 Months,60360.03438288327,paved,,City,Local,,,PEACHTREE LN,PEACHTREE LN
01KP4C85KTJK7T5DH85DFHJH9X,{47EE0BA0-8DB3-4A66-976B-4A4B82C4EC65},S BROOKWOOD DR,63,C,'-1.42,asphalt,2,371.385923819503,40,20,4 Years and 6 Months,13734.205163725046,paved,,City,Local,,,,
01KP4C7Z3K8VAGPPZXX8YBK62R,{CF664619-BCBD-4B28-9990-107271C9869A},BYRD ST,63,C,11,asphalt,2,306.58032798397574,50,20,4 Years and 6 Months,14172.040637640213,paved,,City,Collector,,,W GLENN AV,RAILROAD AV
01KP4C837W33H6BMG2F97SGSTH,{3CAC558C-8D2E-4DDF-BF2E-ACFC4264B45B},WRIGHTS MILL RD,63,C,'-10.25,asphalt,2,382.79480501154467,100,8,1 Years and 10 Months,35390.29113951971,paved,,City,Collector,,,OLD WRIGHTS MILL RD,
01KP4C7ZG3MPN8KN29KVAAVBJV,{1EA51AF4-AA8A-4BD2-A655-B5FF9ABE9B7B},CHADWICK LN,63,C,7.02,asphalt,2,1877.0788944870048,80,30,6 Years and 9 Months,138832.33042462933,paved,,City,Arterial,,,,
01KP4C82QR8N9V1AFTW173V7EM,{1E9A3E92-3F21-4F76-9173-645BF28B2081},E GLENN AV,63,C,20.67,asphalt,2,446.16725090221473,150,20,4 Years and 6 Months,61873.83697333214,paved,,City,Arterial,,,,E UNIVERSITY DR
01KP4C85JWCMD6A64KVT5SV7YA,{09FE0792-FC27-47EC-AADA-4D77DDB28BA1},HILLBROOK CIR,63,C,10.25,asphalt,2,407.61593294983055,50,20,4 Years and 6 Months,18842.531757668952,paved,,City,Local,,,ROCK FENCE RD,
01KP4C7QYNEGFXNNHV22K58PWC,{224C95CE-0DDF-4DB2-9930-BD29969789CA},MALL PKWY,63,C,11.43,asphalt,2,1900.4925649124787,60,6,1 Years and 4 Months,105423.03756507364,paved,,City,Local Commercial,,,E UNIVERSITY DR,MALL BLVD
01KP4C7W20P9DAQFB3KGVVE7Q1,{19A8E5BF-454B-4D6D-995E-950566C0AFBC},WRIGHTS MILL RD,63,C,'-9.67,asphalt,2,1567.1009107036712,80,12,2 Years and 8 Months,115905.76830975915,paved,,City,Collector,,,,FINLEY DR
01KP4C833ZNTT4QZ8ZPHCDWMZX,{6F00794A-E7C2-4FAC-97F1-879E67C4E381},HILLBROOK CIR,63,C,12.95,asphalt,2,1377.9875608257541,50,20,4 Years and 6 Months,63699.11546055242,paved,,City,Local,,,BROOKHAVEN CT,
01KP4C7Z0GZBX8ES31NM6XZJC5,{B313AABF-43F9-4B42-921F-D8685E341CC2},SINGLETON ST,63,C,'-2.83,asphalt,2,860.6694203861733,50,20,4 Years and 6 Months,39785.46856380369,paved,,City,Local,,,NIXON AV,CARTER ST
01KP4C7W0XMCGNAC60E9X4BDET,{75591D02-4FB5-4055-A838-510B37053BD7},MOCKINGBIRD LN,63,C,4.17,asphalt,2,630.9197455126922,60,20,4 Years and 6 Months,34998.01959751119,paved,,City,Local,,,CANARY DR,ROBIN DR
01KP4C7Z3HQPDHSWRMKNB3WFVK,{1E766158-F8E6-40F5-AA1E-A012F9C8EDFD},W GLENN AV,63,C,12.83,asphalt,2,668.3932037541174,24,6,1 Years and 4 Months,14830.69034386993,paved,,City,Collector,,,,HEMLOCK DR
01KP4C7QTPEHH7NTQKGJH4MNJ5,{9E1266F1-58D9-4928-82A5-185D111B7900},WILDWOOD DR,63,C,'-2.17,asphalt,2,728.8267583369342,60,20,4 Years and 6 Months,40429.06146603307,paved,,City,Local,,,DEER RUN RD,CROSS CREEK RD
01KP4C7ZFW5Z1XYACVW4K6PRWT,{9AF76432-1CFD-4692-9EC2-08E6BB994670},CHADWICK LN,63,C,9.15,asphalt,2,1740.4841984620912,80,30,6 Years and 9 Months,128729.52652625329,paved,,City,Arterial,,,MARTIN LUTHER KING DR,
01KP4C7YZG4G858R920ABZG5GR,{0C26E278-F276-412B-A2D1-10675A567EE5},E SAMFORD AV,63,C,5.41,asphalt,2,1010.3751659837387,60,20,4 Years and 6 Months,56046.95385021225,paved,,City,Arterial,,,OAK ST,GREEN ST
01KP4C7ZHSGWY4Y7T3HFTNJ2AX,{9C4D8C95-5B53-4087-A54B-7AC604A83686},N COLLEGE ST,63,C,2.33,asphalt,2,634.7993825891015,100,30,6 Years and 9 Months,58688.71434746383,paved,,City,Arterial,,,N CEDARBROOK DR,SHUG JORDAN PKWY
01KP4C85G6ZRMPKW9ERH8ZWFS5,{A673B617-A05E-4208-B4E7-16AEF89C53AB},SAUGAHATCHEE RD,63,C,6.44,asphalt,2,889.3400041494149,60,30,6 Years and 9 Months,49332.960515888255,paved,,City,Collector,,,AIRPORT RD,ANDERS CT
01KP4C8DT50HY8W6MZ0EJ0NJE2,{533C0884-A496-41CA-9156-5B7440715338},N GAY ST,63,C,23,asphalt,2,134.95736717020532,50,6,1 Years and 4 Months,6238.564960975086,paved,,City,Collector,,,PITTS CIR,
01KP4C7ZMP1GTXR8M2Z90480QG,{04D53C02-AE92-4686-9F26-452AC4754A84},TACOMA DR,63,C,22.25,asphalt,2,390.8652537546369,60,20,4 Years and 6 Months,21681.854004703644,paved,,City,Residential Collector,,,TULANE RD,LAW DR
01KP4C8AQXXGMXMT3VFV0429Q7,{83027C5C-D24D-4042-949A-B3A0C2970BEC},RAINMAKER RUN DR,63,C,'-3,asphalt,2,828.0734763944936,50,20,4 Years and 6 Months,38278.68224809307,paved,,City,Local,,,HARVEST GATE LN,COOL STONE BEND DR
01KP4C7YVF8S09CQX6ZS6W9S1Z,{04A3AC65-BB50-41D1-B358-76C9E723C427},MOORES MILL DR,63,C,'-3.95,asphalt,2,1226.9716564254063,60,20,4 Years and 6 Months,68061.87059856934,paved,,City,Residential Collector,,,LAUREN LN,HAYDEN AV
01KP4C7ZEPP6YYX8NE7PJCTAYF,{1AFE1722-E0D3-40F2-8884-D8F72A427BF1},WATERCREST DR,63,C,2.42,asphalt,2,789.6709295135103,60,10,2 Years and 3 Months,43804.17456144228,paved,,City,Residential Collector,,,BRENTON XING,POTOMAC DR
01KP4C835997MZ7JA49GN8PJH2,{AAD8369A-F969-4840-8EDF-577AF73286B1},N DONAHUE DR,63,C,9.25,asphalt,2,1880.031525631148,80,30,6 Years and 9 Months,139050.7126481095,paved,,City,Arterial,,,YARBROUGH FARMS BLVD,
01KP4C7ZP3C26W8TEN6MSDMC6F,{9569C318-23F1-46F1-A173-D43E235C4AF0},N DEBARDELEBEN ST,63,C,'-5.62,asphalt,2,910.8477882316934,50,20,4 Years and 6 Months,42105.02335361506,paved,,City,Residential Collector,,,E MAGNOLIA AV,E GLENN AV
01KP4C861APFP3MMQSZ4BJXNQ1,{8CE9E404-4915-409D-9701-9C6C54A001DA},BEEHIVE RD,63,C,6.25,asphalt,2,209.5532792874056,24,30,6 Years and 9 Months,4649.687905559977,paved,,City,Arterial,,,COX RD,
01KP4C82SRYVR2CA6D529GRTY6,{BE7A39E1-0A1B-4F61-A1EE-DD87E43F35B3},N COLLEGE ST,63,C,'-14.5,asphalt,2,174.289348942123,80,22,5 Years,12890.772227471687,paved,,City,Arterial,,,NORTH AV,NORWOOD AV
01KP4C8AS7J0T4BEZ3SDKBJJ1E,{BF8214B2-6608-4DB2-AD12-1267332F1B94},RICHLAND RD,63,C,'-8.66,asphalt,2,996.836990821197,80,10,2 Years and 3 Months,73727.9625782611,paved,,City,Arterial,,,,
01KP4C7W1TJRKQG7HW9BS92P53,{9B9988B2-E1DD-4F5C-A25B-C08A3B472D04},HEDGEROW CIR,62,C,'-10,asphalt,2,402.98542733501085,50,20,4 Years and 4 Months,18063.98169514398,paved,,City,Cul-de-sac,,,JANABROOKE LN,
01KP4C82Y47EW5T40FJCFN59FS,{B9A63D68-6D66-433E-83D9-D4E6E7978E02},PROFESSIONAL PKWY,62,C,'-11,asphalt,2,504.7433344983301,60,20,4 Years and 4 Months,27150.384316633987,paved,,City,Local,,,,PROFESSIONAL CIR
01KP4C7VMPGAMDKBM3GFJ9GHHC,{63E345D2-9549-4D5A-B680-B442D18EAF9A},E GLENN AV,62,C,'-5.83,asphalt,2,739.6575334692259,100,20,4 Years and 4 Months,66310.88490530457,paved,,City,Arterial,,,INDIAN HILL RD,SKYWAY DR
01KP4C7YR4Z9MCW82NAXAQQ1X6,{3A02EF8B-1AE9-4AA8-831A-ACE92D4DD39D},FALCON CREST CT,62,C,8.38,asphalt,2,200.0471776955939,50,8,1 Years and 9 Months,8967.194124005668,paved,,City,Local,,,BELMONTE DR,
01KP4C7W2W4EJQGG57ER5963PT,{CFCC8741-8FBD-47AA-BC0F-9C95AAB8442A},E VETERANS BLVD,62,C,'-3.87,asphalt,2,35.08319550874006,60,6,1 Years and 4 Months,1887.1417926987035,paved,,City,Collector,,,PANDA CT,EAGLE RIDGE CT
01KP4C82P2DVJ0QJQ595HTC1S3,{A1295D58-BDB6-4EF2-898F-FC08C2E3225E},S GAY ST,62,C,'-10.5,asphalt,2,32.067302311016725,24,30,6 Years and 7 Months,689.9661845814187,paved,,City,Arterial,,,MILLER AV,MILLER AV
01KP4C838HDB5A4CQ77C7JPQ58,{DCBD1224-01DA-4102-AB01-DC1901954092},CHEAHA CIR,62,C,'-13,asphalt,2,150.88581395787384,50,20,4 Years and 4 Months,6763.516485984695,paved,,City,Cul-de-sac,,,,
01KP4C7VMQQBGSHYNTSA18S0BR,{E06C84FA-823C-4B69-B941-D22904E4DD30},LITTLE CREEK RD,62,C,'-10,asphalt,2,316.01793351727275,60,20,4 Years and 4 Months,16998.75512862435,paved,,City,Local,,,WOODY DR,LACY DR
01KP4C8DQ3CKRJEYA1FMGCG0BZ,{0B9D46D6-EB38-4FBE-BB38-531EAFDC1783},BROOKEVIEW CT,62,C,'-6.62,asphalt,2,30.720689728881744,50,20,4 Years and 4 Months,1377.0671078470166,paved,,City,Cul-de-sac,,,,
01KP4C82XZ5EDNB15H91EEKK55,{D14247FB-DDB2-42F5-ABB1-B1A45B7F7651},AIRPORT RD,62,C,'-1.75,asphalt,2,2576.006056941534,100,30,6 Years and 7 Months,230940.98745406003,paved,,City,Collector,,,,
01KP4C7Z6CYP4JSW014WHRRV3K,{99BE754C-3E5E-410E-95BA-107E6589BAC8},BURKE LN,62,C,'-6.75,asphalt,2,206.34437096742604,50,20,4 Years and 4 Months,9249.468311301764,paved,,City,Cul-de-sac,,,BURKE PL,
01KP4C7YR5DH7RM394W2ZANSY4,{463DC71C-C051-4B49-8724-6133CF1D0FEE},BELMONTE DR,62,C,'-1.44,asphalt,2,469.21156204964444,50,20,4 Years and 4 Months,21032.59446393962,paved,,City,Local,,,S COLLEGE ST,FALCON CREST CT
01KP4C7W85AXPYASZWBMQ17SZQ,{05912E4A-FE33-40C7-8B6E-306E5486CDAD},GROVE PARK,62,C,'-3.25,asphalt,2,453.3869330822307,50,20,4 Years and 4 Months,20323.249190860624,paved,,City,Local,,,FAIRMONT LN,GRAYTON CT
01KP4C82YRSNH1TC20D8NDEG5E,{72752075-79EA-4DD1-9D0A-3ED1EE3E94B5},CUMBERLAND DR,62,C,'-3.12,asphalt,2,324.34629845692206,50,20,4 Years and 4 Months,14538.951537180124,paved,,City,Local,,,APACHE ST,SEMINOLE ST
01KP4C7Z7VMN47YH0CD04P24NJ,{406D0973-693C-44B5-9D43-BB3B2981B4FC},N DONAHUE DR,62,C,11,asphalt,2,272.8102314707918,80,10,2 Years and 2 Months,19566.123013930566,paved,,City,Arterial,,,,RAINTREE AV
01KP4C8ANMT2D3GKZ98ZP801S1,{C104340C-C8C4-495D-98C6-3CDC55E8A958},CARY DR,62,C,'-1,asphalt,2,66.01803089152286,60,20,4 Years and 4 Months,3551.1413188125816,paved,,City,Local,,,,
01KP4C85GVPKW4KR8CVYWVQX5X,{0DC31A22-4FB1-4B46-9764-A53D64D82C98},CLAY CT,62,C,5.25,asphalt,2,246.73373799988664,50,20,4 Years and 4 Months,11059.937716058412,paved,,City,Cul-de-sac,,,SANDSTONE LN,
01KP4C8AA8B8FY2NFCHQ21YWKV,{9E0A370D-482E-496F-A85C-502AC5DEE822},MRS JAMES RD,62,C,'-11.05,asphalt,2,1729.9776640311718,100,8,1 Years and 9 Months,155093.8705785406,paved,,City,Collector,,,W FARMVILLE RD,WOOD CIR
01KP4C7Z9CRARQSCFMR1K8YX5N,{42A7DECA-E79C-49EC-954E-38807F06AEA0},OWENS RD,62,C,'-3.5,asphalt,2,239.9449897763969,60,20,4 Years and 4 Months,12906.75525959133,paved,,City,Local,,,JENKINS DR,
01KP4C82YTSGFF5VWYN5EG7B0H,{C702BDA7-6F30-4E29-B2EA-E3274DF3B420},PRINCETON PL,62,C,2.25,asphalt,2,223.95985391363502,50,20,4 Years and 4 Months,10039.08932463659,paved,,City,Cul-de-sac,,,HARVARD DR,
01KP4C82QAB98PQ1PH1TE7KXDH,{216A31FB-4F8E-47DE-935F-4EA8BEAC73BD},ASHETON LN,62,C,2.13,asphalt,2,993.0856077743065,60,30,6 Years and 7 Months,53418.54774008841,paved,,City,Residential Collector,,,S ASHE CT,HILLTON CT
01KP4C7ZMSZ95D0FY3M7M5G324,{62CDFF1B-9263-4E4B-838C-EFC5D562573D},LAW DR,62,C,22.33,asphalt,2,274.34050656843294,50,20,4 Years and 4 Months,12297.42207221039,paved,,City,Local,,,TACOMA DR,CRAIG CT
01KP4C8DNC2MZ80Q6VCQ3MGDSP,{E23B7C1E-53DD-47D7-9E75-68CD856D59B4},N DONAHUE DR,62,C,48.5,asphalt,2,186.04724900641025,60,28,6 Years and 1 Months,10007.570117982907,paved,,City,Local,,,W FARMVILLE RD,
01KP4C82X5WPP3GN72VKZKVEY1,{1D70658E-C597-4D39-AA43-B17F7E219C9B},MCKINLEY AV,62,C,0.83,asphalt,2,368.4663192067466,60,20,4 Years and 4 Months,19819.978770282905,paved,,City,Local,,,ALICE ST,E UNIVERSITY DR
01KP4C7ZBQVRQ8ZAXQKD2MBMER,{493F2061-AE80-4CCB-B28D-E23505109C2B},PRIM CIR,62,C,27.75,asphalt,2,225.35602757206834,50,20,4 Years and 4 Months,10101.673362913032,paved,,City,Cul-de-sac,,,ANNABROOK DR,
01KP4C82V77GT4AZWRTPANAAXE,{2ECCF477-777A-4EFA-BB0C-96D4215EFA6F},PINE HILLS AV,62,C,'-1.62,asphalt,2,350.9477373016734,50,20,4 Years and 4 Months,15731.371589522629,paved,,City,Local,,,FELTON LN,JUNIPER DR
01KP4C833TV8NK3RZGMZYV7SMH,{B1E4271E-01C8-4C1C-B4A4-CB39FEA385A0},HILLBROOK CIR,62,C,5.83,asphalt,2,582.0992695282075,50,20,4 Years and 4 Months,26092.83074837552,paved,,City,Local,,,,BROOKHAVEN CT
01KP4C85KT86SDFVT59CVJ557F,{25C3BD76-803B-4A24-A8E5-7175205F5B29},SCOTT ST,62,C,27.38,asphalt,2,937.3195162628909,60,20,4 Years and 4 Months,50418.86312240769,paved,,City,Local,,,E SAMFORD AV,FORESTDALE DR
01KP4C7RJDM6MQR7VVMWJE5ED1,{CA937E6E-AD99-4765-86D7-EA82064C56AC},PARKER CREEK TRL,62,C,24.75,asphalt,2,184.02507719297347,50,20,4 Years and 4 Months,8248.997110999318,paved,,City,Local,,,E LONGLEAF DR,SPENCE NOLEN PL
01KP4C7ZDZMKBJ2J761X7GNTCH,{BB95CC6C-D3DE-4711-AD0D-2ABC8AB97EF9},BRENTON CT,62,C,'-9.5,asphalt,2,280.71786446925466,50,6,1 Years and 4 Months,12583.289670812304,paved,,City,Cul-de-sac,,,WATERCREST DR,
01KP4C82KTCBJP1KMQ0VFWK24J,{36F26C34-D7C5-4F78-AB85-D6FC3FD214C0},GRAYTON CT,62,C,'-8.92,asphalt,2,711.1558627889399,50,20,4 Years and 4 Months,31877.843754221678,paved,,City,Cul-de-sac,,,GROVE PARK,
01KP4C82KTQY6DZ8N1XWQ1THRS,{3878202A-8B60-4857-AE8C-A883AF9FEC15},LOFTIN DR,62,C,'-15,asphalt,2,518.3780657393244,60,20,4 Years and 4 Months,27883.803002816225,paved,,City,Local,,,BERKELEY AV,WRIGHTS MILL RD
01KP4C82P30RF81Z1DBD69XVP6,{7575C33F-E9E1-4729-B33F-9576FE296FA6},S COLLEGE ST,62,C,7.38,asphalt,2,958.70159716308,80,6,1 Years and 4 Months,68758.68724796288,paved,,City,Arterial,,,W SAMFORD AV,ROOSEVELT DR
01KP4C82PGNMV6ZRB7T3K23BY4,{FE4B2B20-48F5-4AAA-BED2-E42B0F0BBACC},AUBURN DR,62,C,9.5,asphalt,2,44.510081585496664,24,20,4 Years and 4 Months,957.6873935043244,paved,,City,Local,,,,GARDNER DR
01KP4C82Q5XZGPXSPE3X7Q763S,{313A95EE-21F0-46C5-B726-3F7842F0DA86},COX ST,62,C,8,asphalt,2,471.5359990954226,24,20,4 Years and 4 Months,10145.658372917893,paved,,City,Local,,,W MAGNOLIA AV,GENELDA AV
01KP4C82V0VMTZ5T5ZAP952C46,{6D911E23-22BC-49F8-B197-790D2D7B86FE},LANCASTER AV,62,C,'-12.58,asphalt,2,847.9457621211034,50,20,4 Years and 4 Months,38009.50527349199,paved,,City,Local,,,SANDERS ST,FELTON LN
01KP4C82W27D2QSJW9DRC9NH80,{5816C31B-EFA6-429A-ADAB-9ED369661C29},PRATHERS LAKE DR,62,C,'-13.5,asphalt,2,234.52830446917062,50,20,4 Years and 4 Months,10512.824314618061,paved,,City,Local,,,JOANNA CT,LAKESHORE LN
01KP4C82W36M68DCZAM9F91QD7,{4FF10EDC-30C2-40C3-BA18-EEA31EB1CFE0},JOANNA CT,62,C,'-14.37,asphalt,2,265.1901832419342,50,20,4 Years and 4 Months,11887.255198019398,paved,,City,Local,,,PRATHERS LAKE DR,
01KP4C82YVDNFQMZ0YHNXM0BQX,{24B04996-B098-4D5E-A039-86439719C4EB},CORNELL PL,62,C,'-7,asphalt,2,222.47407433459705,50,20,4 Years and 4 Months,9972.488665411143,paved,,City,Cul-de-sac,,,HARVARD DR,
01KP4C830SHPYPZ00WB6SDHKNX,{A5296306-BBC5-4E5E-97E4-55AD5D9738DC},ACADEMY DR,62,C,2,asphalt,2,85.45866376975367,60,20,4 Years and 4 Months,4596.862218776845,paved,,City,Residential Collector,,,STEPHANIE CT,
01KP4C833M1G4662XPP7PABHD7,{433A672D-35B6-47AF-9B32-BCDDD9A915F2},WOODEN BRIDGE DR,62,C,'-24.5,asphalt,2,153.5198577544091,50,20,4 Years and 4 Months,6881.588544419861,paved,,City,Local,,,,
01KP4C8335W7G6HVH8JCTEYPGB,{6DE02DA7-D188-438F-AF96-A3D0730B42CC},CARRIAGEHOUSE LN,62,C,8.5,asphalt,2,239.42981950660518,50,20,4 Years and 4 Months,10732.536671216714,paved,,City,Local,,,TROTTERS CT,
01KP4C833JT4K48Y1T3KWEH0N3,{B88D1532-6F21-4C0D-B19C-F66A741978F8},MEADOWBROOK DR,62,C,11,asphalt,2,39.797674623740036,50,20,4 Years and 4 Months,1783.9465577371725,paved,,City,Local,,,,
01KP4C837A80QQWWPTJVEBAWRP,{CC64F716-CF40-48BB-83AC-BAAC9F73933C},CHEAHA CIR,62,C,'-4.5,asphalt,2,189.71809442716736,50,20,4 Years and 4 Months,8504.188867655883,paved,,City,Cul-de-sac,,,CAHABA DR,
01KP4C85GQN5ZTDBFX9S0ZC5PV,{0FE9AFF5-4471-4325-AFE2-454D631EFFF2},PERSIMMON DR,62,C,8.86,asphalt,2,913.9942004854021,24,20,4 Years and 4 Months,19665.673311777336,paved,,City,Local,,,MONET LN,
01KP4C85M44ENMG2389ZEP1Y51,{4B404367-7257-4AD5-AE44-2070DA8500B3},BOULDER CT,62,C,'-7.62,asphalt,2,158.22387618535936,50,20,4 Years and 4 Months,7092.448037261189,paved,,City,Cul-de-sac,,,BEDROCK DR,
01KP4C85N3VWM7QV9EV59ZR1YY,{EC86D20F-A3BA-455B-9D64-3B871B9160A6},TALEEDA CT,62,C,'-0.67,asphalt,2,786.4838349908771,50,20,4 Years and 4 Months,35254.45000022598,paved,,City,Local,,,BELLWOOD PL,
01KP4C82T9WTZBTPN8MQ3XCC0Q,{5E01D102-3781-43C4-92BC-F945897272A6},PETRIE RD,62,C,'-4.92,asphalt,2,676.5626124353441,50,20,4 Years and 4 Months,30327.187579641457,paved,,City,Local,,,BAYTREE LN,HOLLY TREE LN
01KP4C8A8J74JR5Z6H95HCKK9H,{1DAE02F7-C1BC-4F29-A076-E95751D7BE90},OVERHILL CT,62,C,'-12.5,asphalt,2,964.4793371660066,50,28,6 Years and 1 Months,43233.16901836194,paved,,City,Local,,,N DONAHUE DR,
01KP4C8AQXNZPBZBER3FCA35XF,{8E1C2DE3-64B3-47F9-AD99-DD085665629B},THUNDER RIDGE WAY,62,C,'-8.5,asphalt,2,240.0181007186486,50,20,4 Years and 4 Months,10758.906609991485,paved,,City,Cul-de-sac,,,LANDON LN,
01KP4C7Z2ERXNFHYD71NRABTYB,{A91A9866-5D35-4C04-88FE-E5D9D868D1CE},LAKESHORE LN,62,C,'-12.5,asphalt,2,834.5906246045175,50,20,4 Years and 4 Months,37410.85593465329,paved,,City,Local,,,PRATHERS LAKE DR,PRATHERS LAKE DR
01KP4C82QSYZVPX7E0VA036SW7,{173E2E0A-45CD-41C5-AAF9-061BCA3EB610},PRATHERS LAKE DR,62,C,'-8.06,asphalt,2,329.89993074536324,80,20,4 Years and 4 Months,23660.632493330937,paved,,City,Local,,,E GLENN AV,LAKESHORE LN
01KP4C83A281G78MECVQ58Q3SF,{F5ACAB5B-FAAA-4E1E-939D-A09C8C674A9C},STAPLES CT,62,C,'-0.12,asphalt,2,459.33065166547294,50,20,4 Years and 4 Months,20589.678734972946,paved,,City,Cul-de-sac,,,DURHAM CT,
01KP4C7W577CKG0CQ6D7CSGK9S,{7C82CF76-170A-492C-A3F3-E7BEA8445EE6},GOOSE HOLLOW DR,62,C,3.88,asphalt,2,454.75741721656823,50,20,4 Years and 4 Months,20384.681686025215,paved,,City,Local,,,OGLETREE RD,
01KP4C82R5Q70STPVJPWRA58F8,{75F757C2-4280-4408-841A-ECB31EDEADD2},E GLENN AV,62,C,24.8,asphalt,2,558.5042045868056,62,20,4 Years and 4 Months,31043.614023077647,paved,,City,Arterial,,,W GLENN AV,N GAY ST
01KP4C7YSNDECPWAWGQESC82JD,{791466B2-CB85-4488-8C7F-01525BDA7512},HARMON DR,62,C,'-13.33,asphalt,2,843.9602502043609,60,20,4 Years and 4 Months,45397.023744326,paved,,City,Local,,,PADGETT CT,E VETERANS BLVD
01KP4C7W2REVD0X4BHYY4VD3KP,{20F94FA9-6FED-4277-B88B-FDB352EA6431},E VETERANS BLVD,62,C,'-2.71,asphalt,2,643.9138181929372,60,28,6 Years and 1 Months,34636.4309062258,paved,,City,Collector,,,HARMON DR,OVER LOOK CT
01KP4C82NMQS86SK0S0QQSS3QC,{66E6883B-C752-492E-87D5-698636AAE18E},DUMAS DR,62,C,11.56,asphalt,2,1010.3108611679212,50,20,4 Years and 4 Months,45287.585268860465,paved,,City,Local,,,SHERWOOD DR,E SAMFORD AV
01KP4C860W4MAR6BFCJWEK8H56,{C2392BA4-E2E9-42E8-86B2-E422B70D36A3},W MAGNOLIA AV,62,C,'-14.5,asphalt,2,201.28795505407894,83,20,4 Years and 4 Months,14977.868686043072,paved,,City,Collector,,,GINN CONC,THOMAS ST
01KP4C82XN5HVZZX6KBAF8W7WA,{FD2C8AC1-5AB2-49E4-B596-30F6220ED96A},WIRE RD,62,C,17.05,asphalt,2,1207.4557673998213,80,8,1 Years and 9 Months,86599.49427649767,paved,,City,Arterial,,,,KIRKLAND DR
01KP4C7W28V17G4FB26B7PTHGG,{7AB36527-BC4B-4381-AC3A-B8652B8FB1C6},WINDWAY RD,62,C,17.4,asphalt,2,1234.3090003439768,60,20,4 Years and 4 Months,66394.06889469313,paved,,City,Local,,,OGLETREE RD,KENTWOOD DR
01KP4C8AT6JERRJSQHYR45HZDS,{80E1E1E3-5DD4-462C-953B-9D3E0B53D5F9},GATEWOOD DR,62,C,25.83,asphalt,2,277.31906541134646,100,20,4 Years and 4 Months,24861.874308623566,paved,,City,Collector,,,E UNIVERSITY DR,
01KP4C7YZAK1P28VCJ92PJR6QJ,{C5D6CA61-618E-485D-87FC-376EF59FDC60},E SAMFORD AV,62,C,1.25,asphalt,2,87.86088724012468,45,6,1 Years and 4 Months,3544.5592223730296,paved,,City,Arterial,,,MOORES MILL RD,PINEDALE DR
01KP4C7Z6D8JW0PQ28WRBWTCJQ,{471A6FE0-A1EE-49C0-9968-DE486F6DC947},ZELLARS AV,62,C,'-11.5,asphalt,2,253.96365670006765,24,20,4 Years and 4 Months,5464.330411588504,paved,,City,Local,,,BYRD ST,HOWARD ST
01KP4C82YE6MM30XDTPH5B0RMB,{24121634-A7D1-4728-8BC7-FE2D0477047A},DEKALB ST,62,C,28,asphalt,2,125.44255908716173,60,20,4 Years and 4 Months,6747.614987850377,paved,,City,Residential Collector,,,ANDREW CT,WHITAKER LN
01KP4C8DTANK97RZF7ED81YZ5R,{DA61D5E5-23AE-42A7-AF45-9955F27BE23A},N ROSS ST,62,C,8.25,asphalt,2,193.0217577002284,50,22,4 Years and 10 Months,8652.276884848332,paved,,City,Collector,,,,MARTIN AV
01KP4C82M5GQW7PH7093482FWQ,{AB5B368B-C892-43F0-8955-9969195920EF},LAUREN LN,62,C,'-1.29,asphalt,2,648.4647651837066,60,20,4 Years and 4 Months,34881.22851197691,paved,,City,Local,,,ANNABROOK DR,MOORES MILL DR
01KP4C7W56KFF2Q26S990030S5,{B99FE708-16DF-4BDA-97A1-3631443B9700},GOOSE HOLLOW DR,62,C,3.09,asphalt,2,966.0346811004426,50,20,4 Years and 4 Months,43302.88792742302,paved,,City,Local,,,STINSON DR,
01KP4C82GNEVXZZCQJ98N2WQZR,{2245A4EF-A684-40F3-8C5D-ADB05CDCE46A},OLD COUNTRY LN,62,C,'-2.17,asphalt,2,1330.4888268925642,60,20,4 Years and 4 Months,71567.6275646591,paved,,City,Local,,,OLD COUNTRY RD,
01KP4C85KPME9SKEGAE9YA0AEC,{6E66D006-8834-4544-9C71-4597A6121CB2},EAGLE CIR,62,C,'-3.75,asphalt,2,1399.9311968892778,60,20,4 Years and 4 Months,75302.96571457754,paved,,City,Local,,,GREEN ST,GREEN ST
01KP4C85G6E3J7ZJFB02BJ7FJ7,{4E692201-F07E-4A10-830F-D129BD40832A},WARRIOR CT,62,C,'-11.75,asphalt,2,682.1117533083502,24,20,4 Years and 4 Months,14676.44641023071,paved,,City,Local,,,BRAGG AV,N COLLEGE ST
01KP4C860WECKYFFHPBXTW3VHP,{FEA42CEB-33F8-4A89-8F8B-FC6D2D349BD8},RICHLAND RD,62,C,'-5.73,asphalt,2,1519.4748869083,80,20,4 Years and 4 Months,108977.70363502321,paved,,City,Arterial,,,LUNDY CHASE DR,DAKOTA DR
01KP4C7RHP2XADTKNTTZTXCSDK,{06625878-0370-40C6-A9CA-D194D76C0D9F},HARROGATE LN,61,C,'-7,asphalt,2,205.94685568246115,50,20,4 Years and 3 Months,8943.160483068143,paved,,City,Cul-de-sac,,,HABERSHAM DR,
01KP4C7YRX8RF2PWS6MDDAVT21,{3DA90BB0-3966-43B5-AFF2-372DD5391E47},JENNIFER DR,61,C,27.25,asphalt,2,95.57087262530554,50,20,4 Years and 3 Months,4150.127218804439,paved,,City,Local,,,SPRINGHILL DR,
01KP4C85M8C250M0ES7K2BB6E1,{F8401E31-1E90-47A5-8805-1968D6729048},HICKORY WOODS DR,61,C,'-1.5,asphalt,2,244.06301019783638,60,20,4 Years and 3 Months,12718.007240928206,paved,,City,Local,,,BUTTERNUT DR,
01KP4C7QXBEQHES95EHF49247V,{7A087900-31BF-4841-B5DE-DD6B26520586},OPELIKA RD,61,C,33.83,asphalt,2,851.2533456637889,100,30,6 Years and 4 Months,73930.67747300668,paved,,City,Arterial,,,DUKE CIR,COMMERCE DR
01KP4C7YR3Y9CV2W0NDP01SWZ7,{8E12EE6B-E6FA-4F48-B487-F1DB950645F0},FALCON CREST CT,61,C,'-4,asphalt,2,111.05203116539953,24,20,4 Years and 3 Months,2314.747384843747,paved,,City,Local,,,,
01KP4C8AQX49E9MEQN0WTY1R31,{18C6CB96-C306-45F2-8CA7-FB66B43D9424},HARVEST GATE LN,61,C,6,asphalt,2,394.026203791582,24,20,4 Years and 3 Months,8213.007139221489,paved,,City,Local,,,RAINMAKER RUN DR,COOL STONE BEND DR
01KP4C7RDPP0FZPHS3YQFYJE0R,{DDD185A8-76AB-4FE6-8C1D-2952917B1A6A},BURTS GAP LOOP,61,C,'-7,asphalt,2,715.7754276692915,50,20,4 Years and 3 Months,31082.263908670855,paved,,City,Local,,,WOODLAND PINES LN,LEE RD 83
01KP4C7ZKJW62XF2H8DBDZYZPY,{B0C3D7EC-EBDF-48A3-BD0B-889BCECE4D0D},MARTIN AV,61,C,20.5,asphalt,2,136.09313306368844,50,30,6 Years and 4 Months,5909.790298079136,paved,,City,Local,,,N ROSS ST,MADDOX ST
01KP4C82KVTTMMGX4TYB7TQNVH,{2EB744CE-3E24-46FF-AFA9-AA9B02BB6F85},WRIGHTS MILL RD,61,C,'-6,asphalt,2,60.65828871093064,60,20,4 Years and 3 Months,3160.8745398272094,paved,,City,Collector,,,LOFTIN DR,
01KP4C7Z0HAXB53DFMNBF82S54,{8CF114AF-513F-4ED6-8C1A-D9A707140307},ARMSTRONG ST,61,C,1,asphalt,2,237.59428003584588,50,6,1 Years and 3 Months,10317.437327112148,paved,,City,Local,,,HARE AV,MILLER AV
01KP4C7W1XW4KFVKPMQ45XQSQP,{5403351D-2673-4DAB-B85E-9573B30F8171},JANABROOKE LN,61,C,'-7.75,asphalt,2,499.6732727319499,60,20,4 Years and 3 Months,26037.736302408226,paved,,City,Local,,,HEDGEROW CIR,S EVERGREEN DR
01KP4C7W38V80FE020952VFC4W,{DC14E599-1A88-40E1-9DDC-BC51AB8D91DD},BLUFF CT,61,C,'-14,asphalt,2,213.36255994057032,50,20,4 Years and 3 Months,9265.184497736753,paved,,City,Cul-de-sac,,,CLIFF DR,
01KP4C7W7AFV5FWKMKHW3NDYZ6,{AC848DF0-E241-4298-B5A8-A71D5A04D1C2},KINSLEY CT,61,C,16.5,asphalt,2,302.0056502108276,50,20,4 Years and 3 Months,13114.475516893199,paved,,City,Cul-de-sac,,,,INGLESIDE DR
01KP4C82T1VJV4TNE4F1BQ9DS7,{1F3CADC6-311A-4058-85B4-94B4773ED30A},N GAY ST,61,C,27.75,asphalt,2,287.8597637609632,50,10,2 Years and 1 Months,12500.19601125484,paved,,City,Collector,,,,WYNN AV
01KP4C8307BBGNEJ9WBTGTBE84,{B0EFD0FA-A6A0-4C4C-9E6E-50A08072045D},S DEAN RD,61,C,'-2.85,asphalt,2,1254.2572243157665,60,6,1 Years and 3 Months,65358.74669374967,paved,,City,Arterial,,,E PARK AV,E SAMFORD AV
01KP4C7YTYBPFGKACNZYTNQKHT,{83B1E8DD-0B00-4B0D-B69E-79C9C7B3B99E},LAUREN LN,61,C,'-6.17,asphalt,2,785.353904869146,50,20,4 Years and 3 Months,34103.68167056771,paved,,City,Local,,,MOORES MILL DR,YORKSHIRE DR
01KP4C82M22S8YS9XQP0GEE96Y,{332A3F93-A87E-48BB-90D2-33EA968105F2},ANNABROOK DR,61,C,'-13,asphalt,2,396.53875927874475,60,20,4 Years and 3 Months,20663.44591803478,paved,,City,Local,,,HAMILTON RD,LAUREN LN
01KP4C7YXZCXAXHSJQGT8B66B8,{674CBCCA-CCDF-4E0B-B8F9-E83B49FF2D4C},CAHABA DR,61,C,1.5,asphalt,2,323.9379491049981,50,20,4 Years and 3 Months,14066.876893079345,paved,,City,Local,,,CHEAHA CIR,CHEROKEE RD
01KP4C8AKPZAT8WVY4CXJN1P0K,{3020414B-6189-4767-8A05-BACA7497A65B},WRIGHTS MILL RD,61,C,'-4,asphalt,2,65.6171818791704,80,10,2 Years and 1 Months,4559.040135261978,paved,,City,Collector,,,,
01KP4C7Z4PCRHW0QRVM81791GH,{AD89B12E-35BB-45D2-B771-4C4421B57CB1},N GAY ST,61,C,0.54,asphalt,2,585.6947100184009,24,6,1 Years and 3 Months,12208.108974726401,paved,,City,Arterial,,,MITCHAM AV,OPELIKA RD
01KP4C7YVGNM1KY61C11M5BFPM,{DA402803-24E0-44AB-B096-45D1E5CDE224},ANNABROOK DR,61,C,7.61,asphalt,2,1242.8291114952933,50,20,4 Years and 3 Months,53969.36098052775,paved,,City,Local,,,LAUREN LN,HAYDEN AV
01KP4C7W6YJ7Y77QX2S3YSTANH,{BA6EE079-89FD-4F73-9E56-D782EC54116D},KIMBERLY DR,61,C,0.44,asphalt,2,370.82323816510205,60,20,4 Years and 3 Months,19323.422358289103,paved,,City,Local,,,LEE DR,E UNIVERSITY DR
01KP4C82VEHBKF5WYYJE69XZP9,{517DE1C7-FA59-4651-BD35-F49EEC8E9B45},CHARLES AV,61,C,'-6.37,asphalt,2,403.6686731277823,60,20,4 Years and 3 Months,21034.982333511056,paved,,City,Local,,,JENKINS DR,OWENS RD
01KP4C7YS4C9N2T7SX34PN1PMH,{1C8ECB70-6955-4EE5-B7C2-BBCEA1313E05},KALLIBROOKE LN,61,C,'-6.87,asphalt,2,384.3054379346543,60,20,4 Years and 3 Months,20025.973368185343,paved,,City,Cul-de-sac,,,S EVERGREEN DR,
01KP4C7YY53EBWKBDM93S5J2QX,{A3729E8E-E95F-45B1-B74C-C83503F6FB10},JASON CT,61,C,12.5,asphalt,2,178.07936224027463,50,20,4 Years and 3 Months,7733.0256388703365,paved,,City,Cul-de-sac,,,CENTER PL,
01KP4C82KD5G0HDERBKAN7RM75,{26FBD6EC-73AB-4177-997C-B97357E81CA6},BRADFORD LN,61,C,'-13.25,asphalt,2,476.86074917882866,50,20,4 Years and 3 Months,20707.488802634613,paved,,City,Cul-de-sac,,,CROSSING WAY,
01KP4C82NB2Z8MNGF8FBARSVWY,{75219F13-496D-47AC-964F-196BD7AC35B4},COLEMAN CT,61,C,'-5,asphalt,2,230.98508481183515,50,20,4 Years and 3 Months,10030.435647206,paved,,City,Cul-de-sac,,,RIVERWOOD DR,
01KP4C8354SNVSCC6W5GQG1DRE,{DA211CB5-3BF7-4A67-81E2-8B6DF395F78F},ROCK FENCE RD,61,C,'-5.5,asphalt,2,265.1752688999421,60,6,1 Years and 3 Months,13818.15698843841,paved,,City,Residential Collector,,,OVERCUP CIR,WARRENTON ST
01KP4C83A02BEKG92CRZ1PF25T,{DB9B1D93-9B35-4A76-87F8-72C44C90FE27},DURHAM CT,61,C,8.13,asphalt,2,414.00404343098677,50,20,4 Years and 3 Months,17977.961298671777,paved,,City,Local,,,RAYMER PL,STAPLES CT
01KP4C85FQXTT7BM8B77C00ZD8,{6C77FBB5-356A-4B01-A5E5-F68D4B031A6E},HARVARD PL,61,C,1.75,asphalt,2,199.14355801443088,50,20,4 Years and 3 Months,8647.729981555225,paved,,City,Local,,,DREW LN,
01KP4C82TMNK6AHE55SXDT7H40,{240ACF06-BBB6-4D21-8B29-229D6ED3FD74},N COLLEGE ST,61,C,'-11.5,asphalt,2,163.22174118925395,24,28,5 Years and 11 Months,3402.1628834933445,paved,,City,Arterial,,,MIMOSA AV,SHELTON MILL RD
01KP4C82P20DDJDSYRSHM3N5BA,{5BA22BBC-0E25-4ED7-8C9A-26BFF62CE3C8},S GAY ST,61,C,16.25,asphalt,2,263.947621043936,24,30,6 Years and 4 Months,5501.67393730246,paved,,City,Arterial,,,MILLER AV,CASEY AV
01KP4C8DY2110HZ1W93WMEEGX2,{10A212F9-5068-4F27-B2A4-4A2D1E8F7429},ARBOR DR,61,C,'-11.17,asphalt,2,289.1179094028535,50,20,4 Years and 3 Months,12554.830486489785,paved,,City,Cul-de-sac,,,,ARBOR WAY
01KP4C8DYJ3RK1EDS0FXNYMW2T,{AEE6CBB7-6B11-45E0-9C7A-5A734428236C},PINK LN,61,C,'-7,gravel,2,538.6999937195964,24,20,4 Years and 3 Months,0,paved,,City,Local,,,E FARMVILLE RD,
01KP4C85J1FNKZ2VTECQV4HCFR,{14F5DDC8-8458-4661-8B59-CE4C273A7618},WOODEN BRIDGE DR,61,C,'-24.5,asphalt,2,100.65594057835952,50,20,4 Years and 3 Months,4370.944276781699,paved,,City,Local,,,,
01KP4C7YTEXFH1EHMGDV88TXNS,{E39BFED2-E210-402A-9B63-009D07676AB0},HEARD AV,61,C,'-5.33,asphalt,2,609.2149217817109,50,20,4 Years and 3 Months,26454.91622641771,paved,,City,Local,,,HEARD CT,E UNIVERSITY DR
01KP4C838319F9VMSCWVQ9RCMP,{EA13F8F2-10E3-4154-B656-BA38F75397E5},ROCK FENCE RD,61,C,'-12.37,asphalt,2,420.88322888753953,60,30,6 Years and 4 Months,21932.024636744503,paved,,City,Residential Collector,,,WARRENTON ST,OGLETREE RD
01KP4C8AT6RPWP3YDR2TCMZ3SV,{860D7FC9-9CE3-40A7-B540-29A80FBCD723},N DEAN RD,61,C,'-7.67,asphalt,2,772.2888914479714,60,20,4 Years and 3 Months,40243.60637673881,paved,,City,Collector,,,,
01KP4C82YH8BM2X4YV8JET1B53,{E4EBA69C-E2AD-46D1-9253-C00DC8021DA1},DEKALB ST,61,C,26.75,asphalt,2,216.2076294777469,60,20,4 Years and 3 Months,11266.476616071353,paved,,City,Residential Collector,,,HOLLINS RD,ANDREW CT
01KP4C82RXKCE9B3Z1TV5KR4AN,{B602FE4D-C8B9-41E9-8DC8-77E535471073},CARVER AV,61,C,'-0.44,asphalt,2,945.2055290868648,50,20,4 Years and 3 Months,41045.17501903794,paved,,City,Local,,,LYNN ST,BOYKIN ST
01KP4C82XYR7YNCJC5RJWSQJJD,{A0003C05-13AA-4068-B414-52B1263B43C4},CANARY DR,61,C,'-5.96,asphalt,2,2913.599638623166,60,20,4 Years and 3 Months,151826.28974025382,paved,,City,Local,,,SHELL TOOMER PKWY,ORIOLE DR
01KP4C8A9ZEP345QYQJ9JP3PD3,{AF240476-6546-41AD-B868-FC59C4E0830F},BILTMORE LN,61,C,'-10.15,asphalt,2,1188.3477195900948,60,20,4 Years and 3 Months,61924.233787973375,paved,,City,Local,,,LEE RD 10,CANNON LN
01KP4C7VNE91J158M6W87PCWV0,{216CA9E6-A854-49F8-976D-AF46D95F1221},LANCASTER AV,61,C,'-15,asphalt,2,273.74499036548127,50,20,4 Years and 3 Months,11887.267577656594,paved,,City,Local,,,SANDERS ST,
01KP4C7R4HYB06ES3WBGPCFBJS,{7DF8144F-A771-4D2C-A6E8-1E0E30B2A881},BEEHIVE RD,61,C,8.7,asphalt,2,1159.720800580676,24,28,5 Years and 11 Months,24172.9994681035,paved,,City,Arterial,,,,
01KP4C82JD3Q261V96AK48AXS1,{20202291-D7CD-4D26-94A8-BBFE639140A8},HARMON DR,61,C,17.25,asphalt,2,408.1193858455984,60,20,4 Years and 3 Months,21266.906853849443,paved,,City,Local,,,ROSIE ST,PADGETT CT
01KP4C7W4MQ0VCC140CCX3YSCZ,{C0C66037-FF15-468C-895C-DAFD10151AF3},E LONGLEAF DR,61,C,'-11,asphalt,2,298.850439289685,60,6,1 Years and 3 Months,15572.954081652493,paved,,City,Collector,,,KENDAL CT,S DONAHUE DR
01KP4C8AAP6V0AZDB7FZR3WY3K,{2BC011D3-0C07-46AA-8C84-59F7C85285B7},S COLLEGE ST,61,C,21.13,asphalt,2,1997.311608653255,80,6,1 Years and 3 Months,138771.94243487346,paved,,City,Arterial,,,GARDEN DR,TALON CT
01KP4C7ZDEQ7FD5X8W6YGEMYE8,{8E3F347D-D54F-4154-BF0F-FEE9889865E6},PIEDMONT DR,61,C,16,asphalt,2,245.85977236865241,60,28,5 Years and 11 Months,12811.635662048395,paved,,City,Residential Collector,,,SIERRA CT,FALLEN OAKS CT
01KP4C7ZE0VQXKGF9TY221N06C,{ACF41AF0-CA97-479A-8ABC-A0B66F2FBB92},CRESCENT BLVD,61,C,'-6.75,asphalt,2,308.2252437966348,80,26,5 Years and 6 Months,21415.294240422692,paved,,City,Residential Collector,,,,PIEDMONT DR
01KP4C8APTETP7C7HH712KYMMR,{565E9FF0-1391-4A50-AB6B-C042124EA40E},BEEHIVE RD,61,C,4.92,asphalt,2,749.6443850101067,24,20,4 Years and 3 Months,15625.44477174399,paved,,City,Arterial,,,,CHESTNUT DR
01KP4C7ZARTV6FK5D8XGDJY0H5,{E34C4924-53D0-4257-BE55-89C32D5271DC},N DONAHUE DR,61,C,'-2,asphalt,2,70.41907526962116,80,8,1 Years and 8 Months,4892.672639209297,paved,,City,Arterial,,,YARBROUGH FARMS BLVD,YARBROUGH FARMS BLVD
01KP4C7ZEHAPEBWR2G5J42G2Y1,{AA386F7A-1B22-49FC-B656-279FE95350BD},W FARMVILLE RD,61,C,7,asphalt,2,538.9854934658797,80,10,2 Years and 1 Months,37448.3698729976,paved,,City,Arterial,,,LEE RD 91,N DONAHUE DR
01KP4C7ZJWKXDA2M3MBQMBRF88,{64477F46-439C-4B4B-9EA7-4308229CEBC7},ABBY RD,61,C,20.5,asphalt,2,353.2264379888487,50,20,4 Years and 3 Months,15338.717900444328,paved,,City,Local,,,RIDGEVIEW LN,BARKLEY CIR
01KP4C82G16DMCVN99VXM9DA05,{2D87F52B-EC94-42B3-A1E4-25D6B4FFD905},WATERFORD RD,61,C,'-12,asphalt,2,1428.2425031820017,60,20,4 Years and 3 Months,74425.0367253364,paved,,City,Local,,,WILLOW CREEK RD,DEER RUN RD
01KP4C8ABAP3JP3RQB5EPTS27S,{03642E6B-A383-4B99-9BA0-AAA9D9CA448E},E GLENN AV,61,C,3.83,asphalt,2,2364.726577958396,24,12,2 Years and 7 Months,49289.91036685471,paved,,City,Arterial,,,SAMGLENN DR,HILTON GARDEN DR
01KP4C7YWWW9C5QWQ1ZQ712KPP,{A1EC0E37-B9E0-4E44-97AF-D2658113D7A4},GREEN ST,61,C,'-13,asphalt,2,298.41285247840534,60,20,4 Years and 3 Months,15550.15164129138,paved,,City,Local,,,OLD MILL RD,DENSON DR
01KP4C7Z6AZ97C7SSFCZDJZAXY,{DB20A7B2-9BAA-4946-BE0B-EF5BC41FED4B},N COLLEGE ST,61,C,'-0.58,asphalt,2,793.6122945045057,24,6,1 Years and 3 Months,16541.903502405337,paved,,City,Arterial,,,W DRAKE AV,S CARY DR
01KP4C85FEZPN1Z7W6YN3TKZ75,{9C22F763-DCD3-442E-92A1-13F866C54FB2},N RYAN ST,61,C,'-9.69,asphalt,2,555.4898329831385,50,20,4 Years and 3 Months,24121.925564819383,paved,,City,Local,,,HARPER AV,E GLENN AV
01KP4C82QXEVM8G50J68RFV0DZ,{2E415F75-7DD1-40AA-89D9-B7FCFF9E71EE},COX ST,61,C,'-7.5,asphalt,2,453.4763977101513,24,20,4 Years and 3 Months,9452.175657413685,paved,,City,Local,,,GENELDA AV,W GLENN AV
01KP4C82K0QGYXPNHM8VHR0SF1,{7033E3FC-87E3-4554-AF44-5540AC6B226F},WINDWAY RD,61,C,15.5,asphalt,2,415.3452831501522,60,20,4 Years and 3 Months,21643.444921486258,paved,,City,Local,,,MOSSWOOD PL,GROVE HILL RD
01KP4C861XZ61225E4KW00ZRVS,{51761C4A-FDC0-4838-AD40-7F6EC847DBD2},RICHLAND RD,61,C,'-2.17,asphalt,2,1466.3538756775108,80,6,1 Years and 3 Months,101881.33626373968,paved,,City,Arterial,,,DAKOTA DR,COTSWOLD WAY
01KP4C8DNM3W3Z4W3Q8X7ZW2B5,{B05B7AC9-E2DC-4F89-9FB9-03298B488FDE},RICHLAND RD,61,C,'-5.87,asphalt,2,215.9724691365779,80,26,5 Years and 6 Months,15005.630030232202,paved,,City,Arterial,,,,LUNDY CHASE DR
01KP4C7YR4SN3TM06MVR6QVRHW,{E33AC843-0BD6-4FC1-89B2-85EB37899AC1},BELMONTE DR,60,C,'-6.23,asphalt,2,1668.0662529957535,24,6,1 Years and 3 Months,33647.27927471435,paved,,City,Local,,,FALCON CREST CT,PENNCROSS CT
01KP4C7W64RZCFVACHBWHP5YTJ,{D9C2113B-D26D-465D-B85F-2B880DA2D6D2},MAYFAIR CT,60,C,3.95,asphalt,2,558.744073667785,50,20,4 Years and 1 Months,23480.55452437239,paved,,City,Cul-de-sac,,,GROVE HILL RD,
01KP4C7W7AA5FBQEVYPHK4TK1G,{DA20C334-6243-4FD1-AC64-CD05570DE0C1},ROCK FENCE RD,60,C,'-0.83,asphalt,2,389.1476415251257,60,30,6 Years and 2 Months,19624.159636909913,paved,,City,Residential Collector,,,HILLBROOK CIR,FAIRWAY DR
01KP4C7W7RH0R9BZMWD64BH9DN,{E46970CE-6A20-4253-A8A8-901D1119268B},MALONE CT,60,C,'-4.67,asphalt,2,280.5629353957213,50,20,4 Years and 1 Months,11790.32335651067,paved,,City,Local,,,,ABERDEEN LN
01KP4C7YRFY0B692R0Z6A83HN5,{01D7E0B2-1079-43C9-B3D9-65201EEDDB7A},RIDGEVIEW CT,60,C,'-17.75,asphalt,2,301.6594805218595,50,20,4 Years and 1 Months,12676.880550501955,paved,,City,Cul-de-sac,,,BELMONTE DR,
01KP4C7Z69BMK1AHSEFHGXKB7M,{DB2A4A77-277D-4E05-B738-ECA359644AED},PITTS ST,60,C,2.5,asphalt,2,25.322855885949966,50,20,4 Years and 1 Months,1064.16287235004,paved,,City,Local,,,MARTIN AV,MARTIN AV
01KP4C7ZN3ETTJZC6XQV0KJHPJ,{9BE7FF5D-E2EF-40FE-B079-E7CF407E3766},CHEYENNE AV,60,C,'-7.5,asphalt,2,423.35198106365834,50,20,4 Years and 1 Months,17790.86301374659,paved,,City,Local,,,CORNSTALK LN,DEKALB ST
01KP4C85HFSC95RQR0VCMBY85T,{15227FCA-B622-4CE7-8FAD-A17423E8D8DE},E DRAKE AV,60,C,16.5,asphalt,2,256.39497609615347,24,20,4 Years and 1 Months,5171.852946396696,paved,,City,Local,,,N ROSS ST,
01KP4C7ZBRDT1QV4YQEB4TE032,{CF1B5B18-B8FB-417F-80AF-EF9DBCB41016},ANNABROOK DR,60,C,20.08,asphalt,2,588.8834059645528,50,20,4 Years and 1 Months,24747.124083986564,paved,,City,Local,,,HAYDEN AV,PRIM DR
01KP4C7ZNFP0WVMHKHXW6ZSWNY,{8094AF61-5A2E-4CCC-8E73-108C0DDF0718},GENTRY DR,60,C,3.13,asphalt,2,809.5704590529072,50,16,3 Years and 3 Months,34021.2347673424,paved,,City,Local,,,DREW LN,PICKETT CT
01KP4C7Z6VVXZPCBBJ7HYQJKQ6,{6781E2A9-E46D-4E2D-B673-6A98B6914D3A},AIRPORT RD,60,C,6.38,asphalt,2,69.82832461483369,60,28,5 Years and 9 Months,3521.342655576613,paved,,City,Collector,,,,SAUGAHATCHEE RD
01KP4C85HX62A3WPHH3W0J59FS,{E36F399B-FA73-4251-9721-E9320F771A82},KUDERNA ACRES,60,C,'-11.08,asphalt,2,755.6731096239857,50,20,4 Years and 1 Months,31756.262821103213,paved,,City,Local,,,WIRE RD,
01KP4C8DV065M3M6BVNKMM6KBT,{75AF9ADA-9ED0-4DD0-963A-D79FE1019FF9},ARMSTRONG ST,60,C,3.75,asphalt,2,404.1899676661994,50,6,1 Years and 3 Months,16985.602212639093,paved,,City,Local,,,,HARE AV
01KP4C7ZKSA4SDVJDRRRECS4QZ,{61CA0C9A-7E15-4D5A-82D5-8A63D84997EF},HUDSON TER,60,C,9.9,asphalt,2,1155.045395951191,40,20,4 Years and 1 Months,38831.52616864479,paved,,City,Local,,,E DRAKE AV,MARTIN AV
01KP4C7YVBGBQ795SQPDN9NM7P,{BD21C89F-6817-4863-A7C8-ADE12443C73B},WOODFIELD DR,60,C,19.5,asphalt,2,582.6635920238941,50,20,4 Years and 1 Months,24485.743807670788,paved,,City,Local,,,FONTAINE DR,S GAY ST
01KP4C7YYY1YQVB5CREF000B1W,{F3E8AD1A-FB16-4E7C-9859-349C71973585},MCMILLAN ST,60,C,0.19,asphalt,2,869.9525771915568,60,20,4 Years and 1 Months,43870.46567837421,paved,,City,Local Commercial,,,,INDUSTRY DR
01KP4C7ZKPFFHF1N1RQSF6QYKR,{1525DE5F-EC10-4199-846B-05F0464A0CFC},CENTER PL,60,C,'-11.75,asphalt,2,254.603327308836,50,20,4 Years and 1 Months,10699.401730954654,paved,,City,Local,,,MARTIN AV,JASON CT
01KP4C7ZNH66YRT7W1ZKFY0GXZ,{8290DC34-AD55-4688-9ACC-45C8D41B9274},GENTRY DR,60,C,3.75,asphalt,2,42.57293540376583,50,20,4 Years and 1 Months,1789.0769282773024,paved,,City,Local,,,BOND AV,
01KP4C82JPXFB8MHXSYTA52D23,{1A6F30B5-EA0A-4165-B389-43725BAE4278},MOSSWOOD PL,60,C,'-5.37,asphalt,2,338.6401874773672,50,20,4 Years and 1 Months,14230.950735656026,paved,,City,Local,,,WINDWAY RD,S SAGEWOOD CT
01KP4C82PEKWSCA23NN25HF4PR,{75AC26CF-9E57-4666-9AA2-51898832892C},SINGLETON ST,60,C,'-15.25,asphalt,2,516.6598079076823,50,20,4 Years and 1 Months,21712.01335612046,paved,,City,Local,,,CARTER ST,NIXON AV
01KP4C82Y46T8T7V8G9BH40JHZ,{9435E8B4-353F-4661-A741-C3D89A061956},LAKESIDE CIR,60,C,'-7,asphalt,2,465.8128589363516,50,20,4 Years and 1 Months,19575.230857682393,paved,,City,Cul-de-sac,,,PROFESSIONAL PKWY,
01KP4C8309Y3SEZZ8B0DW4KJCY,{7F91B1F3-F010-4045-8C84-3678F7A96143},THREAT CT,60,C,4,asphalt,2,579.1103000983652,24,20,4 Years and 1 Months,11681.482053412736,paved,,City,Local,,,SOUTHVIEW DR,
01KP4C8353SV7QAEBNZGDA1E7A,{3494DED5-DFA8-4F4E-A3D0-1D0669EC1EB7},ROCK FENCE RD,60,C,'-8.5,asphalt,2,261.35332198381354,60,6,1 Years and 3 Months,13179.674665755168,paved,,City,Residential Collector,,,WELLINGTON ST,OVERCUP CIR
01KP4C85R13HC2KVMQXNWJTK8K,{F645AC98-B9B8-4071-AD74-973321E5A8DB},LUNDY CHASE DR,60,C,8,asphalt,2,207.8904265068375,60,20,4 Years and 1 Months,10483.617222416235,paved,,City,Residential Collector,,,RICHLAND RD,HUNTER CT
01KP4C85RCJW5EM0Y363H5V3B0,{F8A490F9-B90D-4A02-9E0F-66AFB1B5A5F5},,60,C,'-15,concrete,2,219.07018749340128,30,20,4 Years and 1 Months,3233.8932439502096,paved,,City,Driveway,,,,
01KP4C8AAK376AYREMM67KAP0B,{1D214A40-EC0C-408F-AC64-29F3CA6722D0},GOLF MILL CT,60,C,'-29.25,asphalt,2,151.8044928343491,50,20,4 Years and 1 Months,6379.403091729196,paved,,City,Cul-de-sac,,,WESTOVER ST,
01KP4C82K4DK5BRSY5R72Y818M,{7A4B5DC1-235D-4FD8-A669-B8E5BA87FC16},SUMMERTREES DR,60,C,'-4.42,asphalt,2,345.16173003457385,60,20,4 Years and 1 Months,17406.01295745779,paved,,City,Local,,,STUART CIR,FERNDALE DR
01KP4C7YRSAYWYX8H3DP2JE6J0,{16723E7A-CB14-4599-A073-1D22B39E28AA},SUMMIT LN,60,C,'-9.5,asphalt,2,860.154763315231,50,20,4 Years and 1 Months,36146.97993455673,paved,,City,Local,,,COX RD,
01KP4C7W4MFJV08QYX5N7QT4M5,{68E752A9-E8CB-47E5-888B-49A9FB5DCA49},S DONAHUE DR,60,C,'-3,asphalt,2,400.46920995495526,60,20,4 Years and 1 Months,20195.09015915703,paved,,City,Local,,,E LONGLEAF DR,RED OAK CT
01KP4C82GMTDQPGKKWXEP97BNC,{F85A9FCF-84C0-44CE-B11E-0041BDD00A29},OLD COUNTRY RD,60,C,1.75,asphalt,2,573.8608345446135,60,20,4 Years and 1 Months,28938.98208489265,paved,,City,Local,,,COUNTRY SQUIRE RD,OGLETREE RD
01KP4C8ARXNZHPV1TDJS8198RB,{4C3713A9-8067-418E-969F-C28B2941205E},CANDLEWOOD LN,60,C,'-9.75,asphalt,2,99.2911479200635,50,20,4 Years and 1 Months,4172.592287593144,paved,,City,Local,,,TIGERS TAIL TRL,
01KP4C7ZBSNCHV768JACGPG945,{C46CF317-0F55-49A0-9984-DA0CF6068D96},PRIM DR,60,C,32,asphalt,2,219.8525073118828,50,20,4 Years and 1 Months,9239.039890606504,paved,,City,Local,,,ANNABROOK DR,
01KP4C7ZM9B063AFBRMT7MQV8F,{793DB305-4CF8-4A35-8042-8AAA915BAE98},HARRIS AV,60,C,6,asphalt,2,189.78510389031356,50,20,4 Years and 1 Months,7975.493056342941,paved,,City,Local,,,PITTS ST,
01KP4C7YSSGZX6W5Q7GPXS5ACB,{D1A30551-6297-4592-9564-0B4947CCFFA3},WRIGHTS MILL RD,60,C,22.17,asphalt,2,944.3451659353586,60,20,4 Years and 1 Months,47621.97765359736,paved,,City,Collector,,,,E UNIVERSITY DR
01KP4C82MF9E2HY7D9CQGZ97R2,{0FCE309D-0668-4CC5-9B41-2ABC5431E78E},WRIGHTS MILL RD,60,C,'-8,asphalt,2,423.74078629835213,50,20,4 Years and 1 Months,17807.20209087123,paved,,City,Collector,,,BROOKSIDE DR,CAMELLIA DR
01KP4C7QPX2ZQT3X308Q22Q9PW,{A13CF219-6BDD-4CB5-8ADD-863EFE3FDF0A},LACY DR,60,C,6.5,asphalt,2,204.20164450229504,60,20,4 Years and 1 Months,10297.597215615737,paved,,City,Local,,,LITTLE CREEK RD,
01KP4C7ZCFWFS2EC3HA4CYJSMG,{C5CCBB6C-69D6-42BF-A82B-0C6DCF21A133},E DRAKE AV,60,C,7,asphalt,2,79.23980256701665,24,6,1 Years and 3 Months,1598.3800174946787,paved,,City,Collector,,,N GAY ST,N GAY ST
01KP4C7Z0SEGPC7GRHF6VCCWBG,{A298B7F3-2791-44DB-953B-331A4046A941},DENSON DR,60,C,'-2.5,asphalt,2,767.112571355545,50,20,4 Years and 1 Months,32236.99258196517,paved,,City,Local,,,NIXON AV,CONREY DR
01KP4C85QT0Y6DDYY4TNPGPDC9,{6AFD33CB-B77D-4EE8-B5BC-23F1B41A00E1},SAINT ANDREWS LN,60,C,'-2,asphalt,2,635.7211264635157,50,20,4 Years and 1 Months,26715.423528764408,paved,,City,Cul-de-sac,,,FAIRWAY DR,
01KP4C85FBJFSD8AS0M425EBBX,{AE61537A-1A63-4655-BB65-A597F62F7CEE},N ROSS ST,60,C,'-7,asphalt,2,177.05438187037558,50,6,1 Years and 3 Months,7440.499619076499,paved,,City,Collector,,,MARTIN AV,MARTIN AV
01KP4C8ATMTJD4QRS7H8THV5X6,{F38F185E-42D0-4F7B-9F06-9C78487926EC},SHELTON MILL RD,60,C,'-1.37,asphalt,2,382.35380982298113,80,20,4 Years and 1 Months,25708.741879526155,paved,,City,Arterial,,,,SHELTON LN
01KP4C8ANREQ2DTYW9N2VWZ0JF,{80CA6C41-7A75-4561-82C8-2C87623E5E03},AUBURN DR,60,C,'-4,asphalt,2,336.8850502117874,60,20,4 Years and 1 Months,16988.631817822992,paved,,City,Local,,,BOWDEN DR,S BROOKWOOD DR
01KP4C82MF8NWXBTYJDXGG8RSG,{6CEFB8F0-2FFD-4630-8C18-2ECCD3C2B9B2},HAYDEN AV,60,C,6.9,asphalt,2,627.3477809930179,50,20,4 Years and 1 Months,26363.54365363515,paved,,City,Local,,,MOORES MILL DR,ANNABROOK DR
01KP4C8E5WXZ220PKVF81YP71H,{23D0885C-2460-40FB-B0C7-160CB05CA14F},FOSTER ST,60,C,2.5,asphalt,2,89.65292975687649,40,20,4 Years and 1 Months,3014.0461146835614,paved,,City,Residential Collector,,,ROSEGREEN LN,STUBB AV
01KP4C82K9DR8J0GC27RTM5EKX,{147A651C-BEED-416D-8336-0DDC5BBBF580},WRIGHTS MILL RD,60,C,'-7.83,asphalt,2,756.0040149340963,24,10,2 Years and 1 Months,15249.680986956344,paved,,City,Collector,,,BINFORD DR,BRIARWOOD AV
01KP4C8DPEBN1RK90RH9NRT9H0,{E2DBD91F-8488-4C03-9FBB-F8AA115FC216},WRIGHTS MILL RD,60,C,'-7.12,asphalt,2,403.6994071482351,80,12,2 Years and 6 Months,27143.979185395612,paved,,City,Collector,,,FINLEY DR,
01KP4C7Z1HNVY0MN6M8BEG5M1A,{D5C36649-14F5-460A-9D66-81C6B1FD157A},S DEAN RD,60,C,'-4,asphalt,2,67.01290546299452,90,6,1 Years and 3 Months,5069.047634665085,paved,,City,Arterial,,,MCKINLEY AV,MCKINLEY AV
01KP4C830MRKMMD4EF5HNY6K2Y,{1BE3E19F-25DD-4AF3-915E-0AE91465B58C},SANDERS ST,59,C,6.63,asphalt,2,314.6715069364012,60,6,1 Years and 2 Months,15339.486745275899,paved,,City,Residential Collector,,,PINE HILLS AV,SANDERS CT
01KP4C82N24EYNQSTFV9NZPRNV,{8800B7A2-D7EE-4466-9CB3-39CA4A38E69C},CHEROKEE RD,59,C,9.69,asphalt,2,314.47982316140235,60,20,4 Years,15330.142617634647,paved,,City,Local,,,SHELTON MILL RD,CAHABA DR
01KP4C7VZ6NKRKBWXCSC4MRF78,{2A07E064-A85F-4964-8150-36169E005C8A},COBBLESTONE CT,59,C,'-5.12,asphalt,2,190.88221994247476,50,20,4 Years,7754.21145059966,paved,,City,Cul-de-sac,,,BELMONTE DR,
01KP4C7VTXCGX2DC7293RFQDW5,{B5A26665-9042-4445-9A1D-8D46E3DB3156},LEE RD 20,59,C,16.83,asphalt,2,628.3382073573541,60,20,4 Years,30629.99156532016,paved,,City,Local,,,US HWY 29 S,LEE RD 19
01KP4C7YYTESG0JYWG1AVARJ9S,{D450D3B1-AB37-4563-B275-AABE8927D9BB},REESE AV,59,C,1.9,asphalt,2,561.9621984508356,50,20,4 Years,22828.599307703185,paved,,City,Local,,,S COLLEGE ST,S GAY ST
01KP4C7R50JZTCZY70F0K8ZAM0,{39C3B4BB-657C-45C5-A1BB-47612F482A53},DEER RUN RD,59,C,1.13,asphalt,2,146.15447865113833,60,20,4 Years,7124.682847389062,paved,,City,Residential Collector,,,,ANTLER RIDGE DR
01KP4C7ZC2A21YRYG1HH1TZQBR,{265D3AC0-43DB-492F-BC98-B24367028D39},E UNIVERSITY DR,59,C,'-4.72,asphalt,2,1467.392605839144,130,20,4 Years,154985.7741092691,paved,,City,Arterial,,,E GLENN AV,KENT DR
01KP4C7W3YHTQ146MNRVHXV1EM,{A7CCDF14-E4C9-4D3E-92E5-9CE51FEF9800},OAK HILL CT,59,C,'-4.5,asphalt,2,550.9678572233414,50,20,4 Years,22381.976009505343,paved,,City,Cul-de-sac,,,OAK RIDGE DR,
01KP4C82VZ3X4JCG247M52PRZV,{0E980AF1-C981-49DD-8E6F-BD9F46A03AF3},SUMMERTREES DR,59,C,'-3.66,asphalt,2,1029.9275561855623,60,20,4 Years,50206.516155579055,paved,,City,Local,,,CAMBRIDGE CIR,BENEDICT PL
01KP4C7W54AKMHGC11EPD1N3KN,{069A9E9D-BB7C-455F-8E65-1D48C24364EE},MILLBRANCH DR,59,C,11.17,asphalt,2,716.575854588841,50,20,4 Years,29109.472315182404,paved,,City,Local,,,TANGLEWOOD AV,BRIARWOOD AV
01KP4C8345TN9TEE4GCV8JD2FM,{5EF30860-5552-43D2-9F92-BED7E51C34A6},S ROSS ST,59,C,'-4.75,asphalt,2,151.61367266505712,45,30,5 Years and 11 Months,5543.104168114964,paved,,City,Collector,,,ROSS CIR,ROSS CIR
01KP4C82W1WBGGW5NEDDXWBHE3,{7B5EAC1E-12BF-4CD1-B65F-0BEDFB10BEF5},E MAGNOLIA AV,59,C,'-5,concrete,2,580.4903084966978,80,20,4 Years,22089.34549581085,paved,,City,Collector,,,N ROSS ST,N DEBARDELEBEN ST
01KP4C85JD69H3SFHXVYVR9FBP,{FE50CD0D-455D-4971-A7EC-10B8A50F7DE7},N DEAN RD,59,C,'-3.92,asphalt,2,658.0554701740723,60,20,4 Years,32078.637372247515,paved,,City,Collector,,,,
01KP4C82KT9E1RW9T6JGXB5TQX,{96DDFE01-9246-4B06-A771-7DDE1B799AC3},KIMBERLY DR,59,C,'-7,asphalt,2,883.9305030514639,60,20,4 Years,43089.50742732303,paved,,City,Local,,,FERNDALE DR,TOWN CREEK DR
01KP4C7R20YMDRGG6ZZ506CCTW,{F73008B4-F26D-4CAE-BA85-9B1B88639917},GATEWOOD DR,59,C,'-21,asphalt,2,425.68336805047545,60,20,4 Years,20751.050660631987,paved,,City,Collector,,,E UNIVERSITY DR,RUNNINGVINE LN
01KP4C7YZF1R0JE970KH6F90CT,{679245FA-F848-48B8-B9B1-4FE61136C6BB},E SAMFORD AV,59,C,7.13,asphalt,2,381.166754181702,24,6,1 Years and 2 Months,7432.388690586825,paved,,City,Arterial,,,,PAYNE ST
01KP4C7W7GCXRW1CKZ9R5DDCSQ,{F6074B28-64F9-4AEA-90D2-0AE7309F9DA4},LOFTIN DR,59,C,'-0.62,asphalt,2,612.2981108294681,60,6,1 Years and 2 Months,29848.075050291736,paved,,City,Local,,,PEACHTREE LN,S GAY ST
01KP4C82F88CTDB2GZB85NDTP9,{6F18F391-4959-44D9-93E0-3039C0188402},HARPER CIR,59,C,6.13,asphalt,2,144.87205364498544,50,20,4 Years,5885.139734776651,paved,,City,Cul-de-sac,,,,HARPER AV
01KP4C7Z37SB5DVJWV0M3C0TVJ,{3845A163-E4E0-4E07-88B2-DD2CA9D865D1},N DEAN RD,59,C,8.88,asphalt,2,441.82370775926904,90,6,1 Years and 2 Months,32306.780688083127,paved,,City,Arterial,,,LAKEVIEW DR,E GLENN AV
01KP4C85SFFE1ESF4DM2S7VWBG,{14E8B9B6-5EFE-4FF6-A622-405A724F1C6E},SUMMER HILL RD,59,C,4.5,asphalt,2,82.81776006701826,50,20,4 Years,3364.307181770103,paved,,City,Local,,,FLORENCE DR,
01KP4C833SWGJZ29FD9GT7MA9T,{5A7DF997-977C-46F5-863F-90BA81C0855E},HAMPTON DR,59,C,21,asphalt,2,1871.9660089791905,60,20,4 Years,91253.8858758094,paved,,City,Local,,,E UNIVERSITY DR,E UNIVERSITY DR
01KP4C83A1G023C9ZNT9CGQG9N,{1FDED6A5-03CB-4145-BE74-2103BD352B4D},DURHAM CT,59,C,6.25,asphalt,2,240.5264039606811,50,20,4 Years,9770.907925974176,paved,,City,Local,,,STAPLES CT,
01KP4C7ZAWEH389M9QC9S0FGTK,{BD96CC8B-86C6-492F-A7DF-74510BC232A1},HERNDON ST,59,C,5.75,asphalt,2,547.9260891386068,50,30,5 Years and 11 Months,22258.410216317134,paved,,City,Local,,,NEWMAN DR,MADISON ST
01KP4C7YYFJVMKV8Z8QK9MPKJA,{F4E22D61-2DB2-479B-9BC8-E90A4384E000},HARDWOOD ST,59,C,'-20.25,asphalt,2,314.44462184171005,60,20,4 Years,15328.426637112312,paved,,City,Local,,,E UNIVERSITY DR,ARNELL LN
01KP4C833342AH74V2X6V311KJ,{27B5CAE0-F235-47D5-B2DF-0C1CB9923DE5},SURREY LN,59,C,'-11.25,asphalt,2,181.83237791104855,50,20,4 Years,7386.579574108748,paved,,City,Local,,,COACHMANS DR,
01KP4C82J7T366Y9M2Z4B0YK7P,{B1254F5E-7054-41C5-BDC8-AE0EC9ACC55A},CLIFF DR,59,C,10,asphalt,2,626.2636827418071,50,20,4 Years,25440.719524713804,paved,,City,Local,,,S COLLEGE ST,BLUFF CT
01KP4C82KN1BXYRCVQ8H00GARF,{C43A3C26-62E7-49B9-8B27-020A3E736254},KIMBERLY DR,59,C,7.75,asphalt,2,532.778438375163,60,20,4 Years,25971.680350697825,paved,,City,Local,,,TOWN CREEK DR,LEE DR
01KP4C82N9QC7G7Q4VKMJFARM0,{30A58561-BE2E-42BF-8FBC-AC56A96C4759},JASMINE LN,59,C,'-8.33,asphalt,2,293.2836233081176,50,20,4 Years,11914.06528494127,paved,,City,Cul-de-sac,,,RIVERWOOD DR,
01KP4C830A1356XYDB3ECH1DR4,{8A239BA2-4C2E-4FAC-9BF8-83155C515388},ROSALIE CT,59,C,'-2.3,asphalt,2,564.2709001639844,50,20,4 Years,22922.38573404249,paved,,City,Local,,,E VETERANS BLVD,
01KP4C830CQSY000PVE25AB1XS,{3F320315-51D9-4C72-A467-40D4A6C63AED},SEAY ST,59,C,5,asphalt,2,269.3433543344081,50,20,4 Years,10941.539358417998,paved,,City,Local,,,BIBB AV,
01KP4C83AGHHEAKNEFRTMR36YZ,{C22CEAD8-D0AC-43C8-A737-7C921B786F21},CANDLER WAY,59,C,4.38,asphalt,2,428.45393157780643,50,20,4 Years,17405.090863341287,paved,,City,Cul-de-sac,,,FAIRWAY DR,
01KP4C82K5XMFAGAFV6J3F5HHB,{B4440A6F-DB7F-45D3-A45D-B960CF85EE21},NEWMAN DR,59,C,13.75,asphalt,2,269.184195156446,50,6,1 Years and 2 Months,10935.073832605309,paved,,City,Local,,,JEFFERSON ST,HERNDON ST
01KP4C861EVDQQZ2GW9VNZS3GE,{B818DA24-4C8B-4C8B-9D7F-1F8B26811DFB},CARROLL ST,59,C,'-7,asphalt,2,386.04657922151375,50,20,4 Years,15682.37631543903,paved,,City,Local,,,S COLLEGE ST,
01KP4C7ZDYWZTMJWYXH0YPYAWR,{97045678-12BB-4D72-89BB-B8CB44C214F3},WATERCREST DR,59,C,'-1.93,asphalt,2,1746.6820169029825,60,30,5 Years and 11 Months,85146.58955731348,paved,,City,Residential Collector,,,ASHETON LN,BRENTON LN
01KP4C85M9SCWSY7ZZ62DGDVRH,{39A7D5DF-B5F6-421D-A318-72F9623CBAA0},BUTTERNUT DR,59,C,'-0.44,asphalt,2,868.0872006022513,50,20,4 Years,35264.32012922716,paved,,City,Local,,,HICKORY WOODS DR,
01KP4C85G7JWNVVFMTRZ37F5KQ,{953F69C1-22D7-47FE-B512-F5831ECF6F33},SAUGAHATCHEE RD,59,C,'-4.5,asphalt,2,681.2182967675026,60,30,5 Years and 11 Months,33207.77001909011,paved,,City,Collector,,,ANDERS CT,ANNALUE DR
01KP4C85ZFHKRYDWHKSZ7ZFK5S,{2C4D0B8D-E9F9-42D5-833C-758F2206D431},LINCOLN ST,59,C,23.5,asphalt,2,167.85873017317093,30,20,4 Years,4091.3567161494066,paved,,City,Local,,,MARTIN AV,
01KP4C8AAQWP5GSPJGYYMB0K04,{3391A437-433C-454C-90D8-B82AF63A47EE},S COLLEGE ST,59,C,20.38,asphalt,2,893.8513225214433,80,6,1 Years and 2 Months,58097.4983406477,paved,,City,Arterial,,,TALON CT,WOODFIELD DR
01KP4C8A9W145M01HRHEFXJS8H,{0821B817-ACF9-4F65-9B1C-F09DC3055956},N DONAHUE DR,59,C,16.56,asphalt,2,1031.8088852147882,80,30,5 Years and 11 Months,67064.30195519865,paved,,City,Arterial,,,,MIRACLE RD
01KP4C7VNJ0ATTKBJ2DF6880TN,{13D7EFAF-BE02-4431-95F2-A7978756E5A9},TIMBERDALE CT,59,C,15.38,asphalt,2,293.0210177232417,50,20,4 Years,11903.397454098515,paved,,City,Cul-de-sac,,,SANDERS ST,
01KP4C82N0N0WDQQF5GAWXYE70,{DB48C8F5-91B5-429C-BA72-B2C2726122BF},BRAGG AV,59,C,'-15.94,asphalt,2,551.4483027883134,50,26,5 Years and 2 Months,22401.49315731732,paved,,City,Collector,,,FRAZIER ST,CRESTLINE WAY
01KP4C8AR72ARS6BJWCDAVB700,{D7D28231-4BBE-4821-94DE-1762ED211902},COOL STONE BEND DR,59,C,'-15.25,asphalt,2,332.1078464391186,50,20,4 Years,13491.22231744943,paved,,City,Local,,,,RAINMAKER RUN DR
01KP4C8DTM24K8DNQTFRY8PGHZ,{B09ADC47-EE9E-4B19-B6C2-2FA1D1DA7882},W MAGNOLIA AV,59,C,'-27,asphalt,2,204.78994499145514,50,20,4 Years,8319.18518602193,paved,,City,Collector,,,WIRE RD,
01KP4C7ZJTACBJCTNGM8VR81N0,{F6EF2A57-151B-434D-8F5F-C5D90866BB28},ABBY RD,59,C,'-13.58,asphalt,2,311.5965921672948,50,20,4 Years,12657.993309589669,paved,,City,Local,,,RIDGEVIEW LN,
01KP4C82FTBXAG23NZ94EE1VF9,{746504B2-A30B-4356-95CD-1DC53923361A},DEER RUN RD,59,C,'-8.36,asphalt,2,1958.6306536335744,60,30,5 Years and 11 Months,95478.58095831855,paved,,City,Residential Collector,,,MIDDLEBROOK LN,WILLOW CREEK RD
01KP4C82HV9HBNSV2150S54K43,{C7E3047D-3C1B-4C93-A3EA-9E5A5EB1473E},AUBURN DR,59,C,'-2.31,asphalt,2,450.7885205732134,50,20,4 Years,18312.389226618987,paved,,City,Local,,,,HILLCREST DR
01KP4C7Z62W9XPDSGZFY7X8311,{19DB50C4-28DA-44F8-BEC9-0887B3B19CAD},CLARK AV,59,C,'-2.83,asphalt,2,689.635109398875,50,20,4 Years,28015.057995699535,paved,,City,Local,,,CARLISLE DR,EDGEWOOD DR
01KP4C7QY9B8WGJB52KJXF3297,{E320616A-9863-4B7E-BE93-C6C2293BF7C6},BEEHIVE RD,59,C,3.63,asphalt,2,61.0773918599765,80,30,5 Years and 11 Months,3969.836574416378,paved,,City,Arterial,,,,
01KP4C82Q2FAF2EZM7N96QDZ9C,{BC7A2B07-50EA-45E6-B734-096B2AFC26C7},W MAGNOLIA AV,59,C,13.5,asphalt,2,536.9518978897588,72,20,4 Years,31410.151878271205,paved,,City,Collector,,,THOMAS ST,COX ST
01KP4C8DQZ99TC8PXC8A2R0ZV0,{91A83901-D67A-41BE-8127-6F2BA1B1486A},W LONGLEAF DR,58,C,'-13.5,asphalt,2,93.21931086377757,60,20,3 Years and 10 Months,4387.522231321797,paved,,City,Collector,,,,
01KP4C7W6JQ7ZWW84FY92XQRHH,{3EE7CC14-39CE-4AF6-9417-32F44FEF2374},ROCK FENCE RD,58,C,'-13.87,asphalt,2,640.3893014503611,60,30,5 Years and 9 Months,30140.989788263665,paved,,City,Residential Collector,,,FAIRWAY DR,WELLINGTON ST
01KP4C7W7QJBV1Y26FV32VBJNH,{912663B4-7EFF-465A-BD10-DA6E2EBF51E3},BERKELEY AV,58,C,'-27,asphalt,2,835.8614153983318,50,20,3 Years and 10 Months,32784.34218173457,paved,,City,Local,,,E UNIVERSITY DR,LOFTIN DR
01KP4C7ZAXJCA6XR25FQCNH4JN,{52A5909F-E5A2-49C0-8745-D06EFC784585},NEWMAN DR,58,C,'-22.5,asphalt,2,270.6937395420851,50,20,3 Years and 10 Months,10617.210006484001,paved,,City,Local,,,HERNDON ST,FRANKLIN ST
01KP4C7W7QCVRNHSAFB9DF58QS,{7E504E06-6DD1-4A5B-9F7E-8F2FA3DA0E2B},LOFTIN DR,58,C,'-9.25,asphalt,2,363.78464734222655,60,20,3 Years and 10 Months,17122.13073490746,paved,,City,Local,,,S GAY ST,BERKELEY AV
01KP4C7W7WD35J65DF8PE75P52,{A1BCB322-19DC-407A-A913-68904B016272},GROVE PARK,58,C,'-6.5,asphalt,2,305.7453619768944,50,20,3 Years and 10 Months,11992.012530871525,paved,,City,Local,,,GROVE HILL RD,FAIRMONT LN
01KP4C7Z5YSQEES058H6MB5HXM,{7804F1E9-A24B-421F-99BA-F41B8E606864},CLARK AV,58,C,'-2.75,asphalt,2,335.146255338992,50,20,3 Years and 10 Months,13145.180903851575,paved,,City,Local,,,BOYKIN ST,CARLISLE DR
01KP4C7Z24QRS1QK9G03X9MK54,{D281B860-57E1-47CB-998D-EF2C0813589B},E MAGNOLIA AV,58,C,'-3,asphalt,2,583.551491535804,80,20,3 Years and 10 Months,36621.098046602456,paved,,City,Collector,,,S GAY ST,BURTON ST
01KP4C8DWB4NXHYHWG712P07VK,{EBE361F2-6557-4962-9357-E9DCE388DCC1},BRAGG AV,58,C,'-6.12,asphalt,2,340.55572188596113,50,28,5 Years and 4 Months,13357.352202860473,paved,,City,Collector,,,CRESTLINE WAY,WHITE ST
01KP4C7ZKRZK80DHW1T3042KTV,{BD71B52A-7CFE-488E-AB7B-C5BC63EE8F78},CENTER PL,58,C,'-1.75,asphalt,2,397.68732440782094,50,20,3 Years and 10 Months,15598.180612884531,paved,,City,Local,,,JASON CT,
01KP4C8A8XZA0R744NJ34MTSPG,{89613B7C-8941-4A54-96C4-5DBEECF4DCA0},HARVARD DR,58,C,11.25,asphalt,2,253.856202081723,50,20,3 Years and 10 Months,9956.804370538692,paved,,City,Local,,,CORNELL PL,PRINCETON PL
01KP4C7YT39VPEFFSW1CPXKH89,{197720DE-F0C8-4991-B120-830CF327FC3B},STERLING CT,58,C,'-8.7,asphalt,2,575.4386244905982,50,20,3 Years and 10 Months,22569.98160502013,paved,,City,Cul-de-sac,,,,GROVE PARK
01KP4C82FGC853MG4T2ZMAGW6K,{D9B216CB-CE39-498F-8C3A-5E6CD6A56CFD},APACHE ST,58,C,3.17,asphalt,2,772.3897117753629,50,20,3 Years and 10 Months,30294.84091741146,paved,,City,Local,,,STAGE RD,CUMBERLAND DR
01KP4C82JD2BEBTGFZCQQK0JWS,{9F082356-47E6-45E8-A0C4-50457A933BBC},KIRKLAND DR,58,C,'-6.44,asphalt,2,469.2824468440457,60,20,3 Years and 10 Months,22087.560498126415,paved,,City,Local,,,WIRE RD,TAMPLIN DR
01KP4C7ZN4H60PS5GSMZ64QWCE,{2E3744B5-6907-46DD-ACB6-F2C8C57F2FA3},CORNSTALK CIR,58,C,'-3.75,asphalt,2,199.41548892782257,50,20,3 Years and 10 Months,7821.518621280153,paved,,City,Cul-de-sac,,,DEKALB ST,
01KP4C82TDT57ANX6V87VGP7DB,{50515E97-2E0D-4EBB-BB65-093EF5693AED},LUNSFORD DR,58,C,2.25,asphalt,2,269.62785289794135,50,8,1 Years and 6 Months,10575.403563663702,paved,,City,Local,,,DAVIS CT,
01KP4C82TCP1TEYXBP5ZX4T8Z8,{9E0FE254-6765-4CDC-B51C-84D9892981CB},MIMOSA AV,58,C,1.33,asphalt,2,661.101920594085,25,20,3 Years and 10 Months,12964.943220539553,paved,,City,Local,,,N COLLEGE ST,N GAY ST
01KP4C835EBZQN4W5QYYJW6SKT,{1ACEAD39-3E98-4AED-A503-2D13F70B7625},MILLBRANCH DR,58,C,'-22.75,asphalt,2,474.7146918009003,50,20,3 Years and 10 Months,18619.365133968648,paved,,City,Local,,,BRIARWOOD AV,TANGLEWOOD AV
01KP4C838P79SBAGNA8MWFQHQN,{382A84F0-91E2-4858-B826-7740D320DE7E},BELLWOOD PL,58,C,'-4.5,asphalt,2,156.45213314820057,50,30,5 Years and 9 Months,6136.4003334794215,paved,,City,Local,,,WEBSTER RD,TALEEDA CT
01KP4C85GPJ6AYZ8FMQCK9GE7D,{86A3B6D4-BF6F-48B2-AD32-17F8133FB4DB},RONALD LN,58,C,'-32,asphalt,2,520.8013069632809,24,20,3 Years and 10 Months,9804.952605762037,paved,,City,Local,,,OPELIKA RD,
01KP4C85HFXS0DA4VGPT5MZ81C,{EB0014F4-236B-44E7-A533-E290B436F0A6},GATEWOOD DR,58,C,10,asphalt,2,91.50657457543679,24,20,3 Years and 10 Months,1722.763777340223,paved,,City,Collector,,,ACADEMY DR,
01KP4C85JM80T43RHNW0XN8AK5,{28C2A204-95F8-4F4C-96E8-7B52F8FE5D1A},BRYANT AV,58,C,6.75,asphalt,2,408.3459937068255,24,20,3 Years and 10 Months,7687.793908187166,paved,,City,Local,,,BRYANT CIR,BRYANT CIR
01KP4C85PZCWRWS5H8RD5MWYQN,{C772322F-03E3-48A2-AC21-042A4B83D34A},CANAL CT,58,C,'-16.5,asphalt,2,238.97105903716167,50,30,5 Years and 9 Months,9372.97598223534,paved,,City,Local,,,SIENA PL,
01KP4C85XJ9PGPS7ZMQAP9JPH4,{24B32001-1C58-4D2E-BBB8-1D4D7713B4B4},DEKALB ST,58,C,'-14.06,asphalt,2,404.6471006616446,60,20,3 Years and 10 Months,19045.390204474737,paved,,City,Collector,,,ASPEN HEIGHTS LN,
01KP4C8A85EFTWDZ7C7ER8AD2F,{54C14663-8FA9-49E9-A12C-3619A7553DF3},DEKALB ST,58,C,'-7.62,asphalt,2,1013.1369580678637,60,20,3 Years and 10 Months,47684.979493060775,paved,,City,Collector,,,OPELIKA RD,
01KP4C8AQKAJ8DN7VS80EQAKBV,{98718046-A236-46DA-ACE4-8318CC6A43D6},ALBERTA ST,58,C,'-7,asphalt,2,191.99620353014438,40,20,3 Years and 10 Months,6024.414208545863,paved,,City,Local,,,ALBERTA CT,
01KP4C8DYJJRPRK83RP3EKYRVW,{FA4E6334-0E4F-4145-93BB-228C3E5ABAFE},PRIDE AV,58,C,'-7,asphalt,2,260.4412482413885,24,20,3 Years and 10 Months,4903.240566891207,paved,,City,Driveway,,,SHUG JORDAN PKWY,
01KP4C8A8PVN0WK0CM7CXAXT18,{7F35C289-7C2A-4711-883C-35437BCE502B},ROCK FENCE RD,58,C,'-4.37,asphalt,2,620.7547119043658,60,30,5 Years and 9 Months,29216.855106965475,paved,,City,Residential Collector,,,OGLETREE VILLAGE LN,HILLBROOK CIR
01KP4C834BQMAM2CB36JTXX2QP,{6276AA0E-84B8-461B-860A-CAEB060ECF59},BIRCH CIR,58,C,'-0.33,asphalt,2,1463.6709198203648,50,6,1 Years and 2 Months,57408.42607739874,paved,,City,Local,,,CHERRY ST,BIRCH CT
01KP4C7Z0V8WQJ63YJ4JEWARWQ,{B4F052AD-652C-4181-8433-7C90F0786B04},AUBURN DR,58,C,'-2.19,asphalt,2,440.4001996409102,60,20,3 Years and 10 Months,20728.16939643217,paved,,City,Local,,,GARDNER DR,BOWDEN DR
01KP4C7ZCFX67V266S3GZGPAKQ,{3CFB0F75-51E0-4BDE-8FB1-983F9EB2C5F9},N COLLEGE ST,58,C,'-0.5,asphalt,2,402.4850413630715,24,6,1 Years and 2 Months,7577.451712062093,paved,,City,Arterial,,,CECIL LN,W DRAKE AV
01KP4C85HXP8F1FBXVB6A3PVYZ,{557DA432-2078-45BD-85A0-C08A9C1E6569},WIRE RD,58,C,27.38,asphalt,2,2137.562263449856,80,6,1 Years and 2 Months,134143.9073773865,paved,,City,Arterial,,,KUDERNA ACRES,TALHIEM ST
01KP4C7Z1PTT653SVK8TBJEDJM,{33B750AF-C44C-41AB-9FAF-4D6831BF79DB},W MAGNOLIA AV,58,C,3,asphalt,2,300.01421994989624,50,20,3 Years and 10 Months,11767.224404701488,paved,,City,Collector,,,LOCUST CIR,BEECH ST
01KP4C8AJ0EWR5CCRWAPSXD01Q,{EAD6BBE8-548F-4054-BC4F-8317C43430EB},KUDERNA ACRES,58,C,2.1,asphalt,2,2491.7333717470033,50,20,3 Years and 10 Months,97731.32002518799,paved,,City,Local,,,,
01KP4C82VYY8S07XPV31WAMTAF,{EBAECB6B-309B-4FC2-B3F7-BBE023F698A6},FELTON LN,58,C,'-9.25,asphalt,2,1238.907405601921,50,28,5 Years and 4 Months,48592.70157527534,paved,,City,Local,,,PINE HILLS AV,S CEDARBROOK DR
01KP4C7Z9DCW6SVXCZ4NXXRHWH,{8DB9924D-80D7-49EE-9C53-E1783EE6AF1E},E UNIVERSITY DR,58,C,34.5,asphalt,2,1435.1684044200833,24,6,1 Years and 2 Months,27019.437160548772,paved,,City,Arterial,,,OPELIKA RD,MALL PKWY
01KP4C82VX6PCJ90KAQE609CYV,{698939FF-7520-4CF0-9896-28C4352F3CF8},S CEDARBROOK DR,58,C,'-1,asphalt,2,555.5765007928736,60,30,5 Years and 9 Months,26149.13397065125,paved,,City,Local,,,PENNY LN,SANDERS ST
01KP4C8DQZTR0CY127CQ10GT2G,{34D27988-CBD1-4E00-8B6A-C35AD326994E},W LONGLEAF DR,58,C,0.13,asphalt,2,965.8475889028226,60,20,3 Years and 10 Months,45459.226517692834,paved,,City,Collector,,,,
01KP4C7YZAJ0CB5DSGQN94J7SB,{A6998C28-E057-43CC-968D-F431FF8F9EB3},E SAMFORD AV,58,C,'-12.25,asphalt,2,439.5222308467403,60,6,1 Years and 2 Months,20686.846331853245,paved,,City,Arterial,,,S BROOKWOOD DR,S DEAN RD
01KP4C7ZN28N48GRDR5GBN9JQJ,{C23BE65A-666F-481C-BCA8-C093CAD53D13},CHICKASAW AV,58,C,12.6,asphalt,2,669.4487624751594,50,20,3 Years and 10 Months,26257.26812819236,paved,,City,Local,,,DEKALB ST,CHINOOK ST
01KP4C7ZN5WVVXJDRCE5061ZTW,{99577E3F-65B7-474C-9357-6D500A2D404E},IROQUOIS CIR,58,C,1.75,asphalt,2,177.76041963151226,50,20,3 Years and 10 Months,6972.158681102648,paved,,City,Cul-de-sac,,,DEKALB ST,
01KP4C85HHB7SV28YQFNGRPWEE,{AF49C331-55C4-46E2-89B4-29D9C36BF017},W FARMVILLE RD,58,C,'-10.5,asphalt,2,1645.4079232508548,80,28,5 Years and 4 Months,103258.48833912029,paved,,City,Arterial,,,CONSERVATION DR,
01KP4C82XNPCQ3ZA4W2MJ69SDZ,{5E05151B-6BC6-43D4-A53B-979724F3D282},WIRE RD,58,C,21.83,asphalt,2,575.0387061431315,80,6,1 Years and 2 Months,36086.87346996007,paved,,City,Arterial,,,CHADWICK LN,TALHIEM ST
01KP4C82YFY90HPGE64JN3JKBK,{EE1DE43D-B589-4DF5-9655-217521FB11F1},DEKALB ST,58,C,18.25,asphalt,2,396.86900441799423,60,20,3 Years and 10 Months,18679.301141273594,paved,,City,Residential Collector,,,TWIN FORKS AV,HOLLINS RD
01KP4C82HVK4XW0EE9JQBA79BQ,{7F1DB03F-A2C3-431D-9CC4-1AFC2364A34E},W DRAKE AV,58,C,'-0.25,asphalt,2,144.60098199726139,65,6,1 Years and 2 Months,7373.043404282583,paved,,City,Collector,,,BRECKENRIDGE CT,FOREST PARK CIR
01KP4C82K5N1FHPY6AJV71RY2W,{DDDAABF8-BFFF-4922-8F93-51823A85EC3B},JEFFERSON ST,58,C,9.38,asphalt,2,244.34746088646145,50,8,1 Years and 6 Months,9583.850410324543,paved,,City,Local,,,NEWMAN DR,WARRENTON ST
01KP4C82T6N6SWDQPVMVFECSRB,{A0C072C8-CD4F-4F32-8295-D77E6453B311},N COLLEGE ST,58,C,'-1,asphalt,2,325.1033541515724,80,28,5 Years and 4 Months,20402.04160275645,paved,,City,Arterial,,,NORWOOD AV,WYNN AV
01KP4C7Z62J11BQE45PCZ2XCD0,{77C13E0C-F549-48FD-954E-A6E71B98713D},CLARK AV,58,C,'-1.5,asphalt,2,945.0146456416335,50,20,3 Years and 10 Months,37065.574434610746,paved,,City,Local,,,LYNN ST,BOYKIN ST
01KP4C82JHQZFAS2B4HWEQ64Q9,{A612B19E-927A-4FF9-9723-EA42F59249C8},HARMON DR,58,C,'-3.67,asphalt,2,780.1974805187904,60,20,3 Years and 10 Months,36721.29474975106,paved,,City,Local,,,S COLLEGE ST,SARA ST
01KP4C7YS7EX8WNZNYVT6MF3YG,{5B95B124-4149-4791-B13F-B7692F464995},KIRKLAND DR,58,C,'-7.56,asphalt,2,2302.0873456715726,60,20,3 Years and 10 Months,108351.57773627536,paved,,City,Local,,,TAMPLIN DR,
01KP4C82RKXVKQGX6VJ8T3JG2E,{D20D1C36-C819-4B59-9A6E-11E27A1D3947},W DRAKE AV,58,C,'-6,asphalt,2,139.57229468086962,65,6,1 Years and 2 Months,7116.636225450119,paved,,City,Collector,,,FOREST PARK CIR,FRAZIER ST
01KP4C82YMJVPB3F10PRN2QAVP,{5B8AFCB3-BED0-43A5-8DDB-A887EE72F3F4},BIRCH CT,57,C,'-1.94,asphalt,2,465.79944125290496,50,6,1 Years and 1 Months,17617.200295958086,paved,,City,Local,,,BIRCH CIR,
01KP4C7W807XK13QYH73BBJVZ8,{2BF66173-0517-4B77-BAF7-23595BD19E0D},GROVE PARK,57,C,'-22.37,asphalt,2,520.3481604917795,50,20,3 Years and 8 Months,19680.310784314086,paved,,City,Local,,,AMBER LN,
01KP4C8AR8JQKXVQF588N0RHCQ,{8DF17BE6-0F48-43AA-8952-1AD82797BDBC},LANDON LN,57,C,10.5,asphalt,2,205.15656611562238,50,20,3 Years and 8 Months,7759.314411301573,paved,,City,Local,,,THUNDER RIDGE WAY,
01KP4C7W4WC2M6H2E1WQ1JX9CX,{6C920C2C-411E-4D89-86EB-1A68013230B1},SUMMERTREES DR,57,C,'-0.12,asphalt,2,382.05246665171137,60,20,3 Years and 8 Months,17339.724093606954,paved,,City,Local,,,BENEDICT PL,STUART CIR
01KP4C8A8YW8N7780CVAD1529B,{69F7A8CB-E332-43E6-BB93-C6D0ED9F0870},HARVARD DR,57,C,21.5,asphalt,2,245.50914437443984,50,20,3 Years and 8 Months,9285.506567590422,paved,,City,Local,,,PRINCETON PL,DREW LN
01KP4C7W7A6YF3J3DNCDW26KXH,{67A65EEF-F9BF-47F2-84E7-C8CB55F4E297},INGLESIDE DR,57,C,1.44,asphalt,2,908.3534453850516,50,20,3 Years and 8 Months,34355.22495224178,paved,,City,Local,,,LAKE HILLS RD,LAKEWOOD PL
01KP4C8A8QNKTA9FWHBVDXNGMB,{83598063-70A0-468E-8ACD-0CECCE108ACA},E LONGLEAF DR,57,C,'-1.25,asphalt,2,583.6861933258581,60,6,1 Years and 1 Months,26491.014802803587,paved,,City,Collector,,,,KENDAL CT
01KP4C82KEE6PG24NFTKXMCNB6,{52B62380-48A7-4D0A-8596-B31766945B26},HEATHER PL,57,C,'-0.62,asphalt,2,247.96310734967633,50,28,5 Years and 2 Months,9378.318952975256,paved,,City,Cul-de-sac,,,WELLINGTON ST,
01KP4C7W6EWEF073QCHJ9V37EH,{1094DFA9-2D84-4162-8838-B7D1B040FC01},WARRENTON ST,57,C,0.13,asphalt,2,187.12787779094012,50,30,5 Years and 7 Months,7077.443663593056,paved,,City,Local,,,ROCK FENCE RD,CLAIRMONT CIR
01KP4C82SQKD1YRVQHKNJJNREA,{7DE2E146-B674-43B6-93CE-7F6E75F7A24D},NORWOOD AV,57,C,10.83,asphalt,2,726.1501042502887,50,20,3 Years and 8 Months,27464.034300037703,paved,,City,Local,,,N COLLEGE ST,SANDERS ST
01KP4C82YYCD76S3ZCXZJFB2Q7,{14A3272B-F689-4F06-B3A2-6814AA2FF99C},COMMERCE DR,57,C,'-11.5,asphalt,2,283.67687830926906,60,22,4 Years and 1 Months,12874.877748407824,paved,,City,Collector,,,OPELIKA RD,WHATLEY RD
01KP4C8DQS0A2F2FMXVFJX8QN1,{A1885BDF-D787-45A1-82F1-EC3BD51026F1},S DONAHUE DR,57,C,5.5,asphalt,2,154.7372661398742,60,30,5 Years and 7 Months,7022.861350376863,paved,,City,Collector,,,,
01KP4C85V3MPZ6CYB6TNH0ZJSK,{BD97FA2D-0471-461B-A0B2-650FF0040565},WATERCREST DR,57,C,3,asphalt,2,88.58498049163657,24,20,3 Years and 8 Months,1608.1970458395965,paved,,City,Residential Collector,,,BIRMINGHAM HWY,US HWY 280 W
01KP4C82FH3XMW2EYVCWJ1AWEQ,{FE3F277B-6481-44B9-A666-87177E9571A7},SHAWNEE ST,57,C,'-24.37,asphalt,2,532.9775759314839,50,20,3 Years and 8 Months,20157.973318265766,paved,,City,Local,,,STAGE RD,
01KP4C82RYDBARGRMTT0HK4CNZ,{1BA86963-B74C-41B4-961A-1C85910885E9},STAGE RD,57,C,'-13,asphalt,2,231.51024326976784,50,20,3 Years and 8 Months,8756.048129381577,paved,,City,Local,,,THORPE ST,SHAWNEE ST
01KP4C7ZD1ZR1CSVVHQ8VT6C06,{A1646F5F-C39D-4C8F-94C2-4FA7E8CBC5E0},SANDERS ST,57,C,2.94,asphalt,2,426.2023946935491,60,8,1 Years and 6 Months,19343.500113448652,paved,,City,Residential Collector,,,BRIAR CREEK CIR,JUNIPER DR
01KP4C82FF29BCGBCHBJVFFFXZ,{16159F61-3CEB-4F0A-AD58-763BF256278B},CRESTWOOD ST,57,C,'-17.12,asphalt,2,567.35475370486,60,20,3 Years and 8 Months,25749.800750290568,paved,,City,Cul-de-sac,,,THORPE ST,
01KP4C7Z9369M90QS6T5J778SB,{0F5CB464-E679-45DE-9FD7-1876944F3C20},NORTHLAKE DR,57,C,'-12,asphalt,2,72.38691824479899,50,20,3 Years and 8 Months,2737.776657901504,paved,,City,Local,,,,NORTHWOOD DR
01KP4C82KZV5GTY949F9TFGV87,{3D2236CA-F0E7-4CBF-8E4E-5EE82A4DCBAB},AMBER LN,57,C,25.63,asphalt,2,925.9029906053033,50,20,3 Years and 8 Months,35018.97382325058,paved,,City,Local,,,GROVE PARK,WEATHERFORD ST
01KP4C82P369B7ZZ100MVPJ91R,{5E078B3C-86A0-44EF-9D6A-F19E9E605831},MILLER AV,57,C,'-7,asphalt,2,567.6632649108228,30,20,3 Years and 8 Months,12881.901375869169,paved,,City,Local,,,S GAY ST,S COLLEGE ST
01KP4C8312355SDGSNGC7ER2Z1,{B7E2F8C3-4C84-4EBE-9881-BF11535760C3},COMMERCE DR,57,C,'-1.94,asphalt,2,539.8937251851113,60,20,3 Years and 8 Months,24503.46235590141,paved,,City,Collector,,,RICK DR,
01KP4C7Z91TNEWFS7QV4WYTZHF,{17EBA09A-EBB5-4C75-A231-1B655C2ABBBD},RIDGEWOOD CT,57,C,'-13.42,asphalt,2,596.2605784196363,50,20,3 Years and 8 Months,22551.426876656962,paved,,City,Local,,,SANDERS ST,
01KP4C8AAB896MJ5VCM70Z8WR9,{E30FDDBC-EB39-449B-9A43-2D7BCCE88EF1},DOWDELL AV,57,C,12,asphalt,2,454.5098129746713,24,20,3 Years and 8 Months,8251.301004688747,paved,,City,Cul-de-sac,,,OPELIKA RD,
01KP4C82S9X7EWRHH6ZSH1CPBZ,{88FE97C0-BDB6-4BF4-A3D9-6A169569A7A7},CLARK AV,57,C,'-7,asphalt,2,399.69124406284067,50,20,3 Years and 8 Months,15116.89383794815,paved,,City,Local,,,FOSTER ST,LYNN ST
01KP4C7W2Z391WJAJ2FSZW41WF,{B5147766-FCFE-4EA8-8E90-5DD5535E009F},SAINT JAMES DR,57,C,'-6.12,asphalt,2,403.1575396487935,60,20,3 Years and 8 Months,18297.592906631668,paved,,City,Local,,,SAINT CHARLES CT,LOCKE CT
01KP4C82PD2SJMA9ET373ZJFE5,{132AE2CD-1848-47E3-BCD4-9E2A6C6C5DA8},DENSON DR,57,C,'-33.5,asphalt,2,147.69335646596403,50,20,3 Years and 8 Months,5585.973732051996,paved,,City,Local,,,CONREY DR,GREEN ST
01KP4C82QG4MKP30JPZQWEVG0V,{59497982-218D-496B-B0D4-C4900D606629},BYRD ST,57,C,'-11,asphalt,2,898.2060612022522,50,20,3 Years and 8 Months,33971.43638618518,paved,,City,Collector,,,W MAGNOLIA AV,W GLENN AV
01KP4C82JB891J5SEQ7FAVRGQR,{F587858A-A5FF-45C1-ACDE-149E3047AC66},ROSIE ST,57,C,1.83,asphalt,2,1313.5636054832644,50,20,3 Years and 8 Months,49680.85207881346,paved,,City,Local,,,HARMON DR,E VETERANS BLVD
01KP4C82V5NCMXEKMYD8YWB5W1,{D1495888-B87C-4C78-8A8E-BECC67D7E38F},PINE HILLS AV,57,C,'-7.67,asphalt,2,297.8157602180043,50,20,3 Years and 8 Months,11263.817502530947,paved,,City,Local,,,JUNIPER DR,SANDERS ST
01KP4C7ZB0ZE91ZE5M2EJCCG20,{47A4B967-2F4C-4A25-B784-72E1CCE51D2B},GROVE HILL RD,57,C,14.92,asphalt,2,622.8277745571306,80,28,5 Years and 2 Months,37689.97790034293,paved,,City,Residential Collector,,,HIGH POINT DR,REDFERN PL
01KP4C7Z3QBG58XBMDXMQ66DJR,{FCA3E1D2-C293-410E-AF40-F38039982A7A},MARTIN LUTHER KING DR,57,C,'-0.87,asphalt,2,75.2331914239604,24,16,3 Years,1365.804852308127,paved,,City,Arterial,,,BYRD ST,BYRD ST
01KP4C7VG9MNSSSMKXGJKFSBHP,{A678EA49-0B6D-4287-B42B-787F36DD5141},CHADWICK LN,57,C,10.25,asphalt,2,51.294610716867695,24,26,4 Years and 10 Months,931.217018557078,paved,,City,Arterial,,,TALHIEM DR,
01KP4C7ZNMZYKR5G7CMAX1V9SM,{50C3FC05-EF9D-41AB-AC8B-F336EC2C516F},N ROSS ST,57,C,23,asphalt,2,508.53702981640146,50,8,1 Years and 6 Months,19233.596949127466,paved,,City,Collector,,,E DRAKE AV,
01KP4C7ZAF9ZJYB0EAWGZA79D7,{6B6319F5-C1D9-4B6D-ACC8-6BDE7B905CB2},HICKORY LN,56,C,'-5.58,asphalt,2,660.7084783749184,60,20,3 Years and 7 Months,28876.106735833335,paved,,City,Local,,,CEDARBROOK DR,N CEDARBROOK DR
01KP4C85FM3R0PDH4YEWZ701J9,{0218D207-8BA3-47B3-9BCE-A529B5CD16F8},CUMBERLAND DR,56,C,4.25,asphalt,2,474.9723521106524,50,20,3 Years and 7 Months,17298.794633617334,paved,,City,Local,,,THORPE ST,SHAWNEE ST
01KP4C7YVNZ9FS4EG9QHP6RQZP,{813ACF0F-4758-4A88-8936-5EE8DD7DF51C},WOODFIELD DR,56,C,17,asphalt,2,1035.3446805757565,24,20,3 Years and 7 Months,18099.79710157008,paved,,City,Local,,,FONTAINE DR,WRIGHTS MILL RD
01KP4C7W67AVNB7ADSARM0X5QW,{F729CA90-F10B-435D-ACE5-8F6D609FAF93},CLAIRMONT CIR,56,C,0.63,asphalt,2,231.00976876523026,50,20,3 Years and 7 Months,8413.522451298742,paved,,City,Cul-de-sac,,,WARRENTON ST,
01KP4C7W6WE2NKZ9014GP6R4CG,{7A09C16A-4DEC-4319-85EA-0A2993CB19FE},CROSSING WAY,56,C,'-16.96,asphalt,2,746.9755329025952,50,20,3 Years and 7 Months,27205.32317849214,paved,,City,Local,,,GROVE HILL RD,DUNBAR CT
01KP4C8E5VC0K7ZQ3E9C7GJZ4D,{B7F432FE-564F-4920-80BD-2B434D9FF6AB},FOSTER ST,56,C,'-29.75,asphalt,2,258.40115551912044,40,20,3 Years and 7 Months,7528.907318585675,paved,,City,Residential Collector,,,SLAUGHTER AV,ROSEGREEN LN
01KP4C7W4ZC7P6QTY9YEEPED6S,{3180BF8E-77C8-4AB5-AA86-622CBBC6487A},TANGLEWOOD AV,56,C,'-22.12,asphalt,2,920.1861240380508,60,20,3 Years and 7 Months,40216.515459148715,paved,,City,Local,,,MILLBRANCH DR,MILLBRANCH DR
01KP4C85KN4N3SSN61SYRH0W4R,{99DB37E5-33E7-4A23-9F3F-89F2FDD3719A},S DONAHUE DR,56,C,12.13,asphalt,2,493.2104410908429,60,6,1 Years and 1 Months,21555.644896817885,paved,,City,Collector,,,,CLOVERBROOK CIR
01KP4C7W6V52CDHX0TST36AQKC,{64C31100-9DEF-4E63-BB87-79ACD5A916B4},LOFTIN DR,56,C,21.25,asphalt,2,357.30197232828306,60,30,5 Years and 4 Months,15615.797628709437,paved,,City,Local,,,E UNIVERSITY DR,PEACHTREE LN
01KP4C85KNZM0KPJHR4JXW7E33,{3B7D2092-B17B-40FB-9BB7-E9DB0A09B244},S DONAHUE DR,56,C,5.5,asphalt,2,255.15902234040644,60,6,1 Years and 1 Months,11151.664319239284,paved,,City,Collector,,,,E LONGLEAF DR
01KP4C85N12BX8VJ5ERGYBB6VQ,{E2ADA3C4-99D4-4E00-8B2C-CD7B63D8FB62},S DONAHUE DR,56,C,6.88,asphalt,2,485.4787685134759,60,14,2 Years and 6 Months,21217.733987698484,paved,,City,Collector,,,E UNIVERSITY DR,CLOVERBROOK CIR
01KP4C8DQVXTRCDG6EGRP0M1YD,{519699CA-608B-4B1E-8E82-1552E4170331},S DONAHUE DR,56,C,8.5,asphalt,2,44.556702703975105,60,30,5 Years and 4 Months,1947.340082938493,paved,,City,Collector,,,CLOVERBROOK CIR,
01KP4C7YT9D25M08777SDVPVG1,{0A4673E8-BFD2-427F-B612-55B74083B1E8},MARSHALL CIR,56,C,11,asphalt,2,45.264953509149116,50,20,3 Years and 7 Months,1648.5783464562326,paved,,City,Local,,,,WILD GINGER LN
01KP4C830ZR99AAX95TDG8589V,{59923B20-C4B7-48CD-8943-129DE2AA0CA9},MCMILLAN ST,56,C,'-4.75,asphalt,2,619.2931852693439,60,20,3 Years and 7 Months,27066.061211438275,paved,,City,Local Commercial,,,WEBSTER RD,
01KP4C85FPHEPH8GS0PB7551BK,{62376CEE-C951-4860-9387-46FD40FFBE06},PICKETT CT,56,C,'-7,asphalt,2,177.60889302974508,50,20,3 Years and 7 Months,6468.628651694447,paved,,City,Cul-de-sac,,,GENTRY DR,
01KP4C85H7EF5RC3PSNTTRP13V,{941F7E8F-A162-4EBB-8BA1-DC639E399611},WARE DR,56,C,'-21.5,asphalt,2,41.78010016679764,60,20,3 Years and 7 Months,1825.989330146994,paved,,City,Local,,,GREENEWOOD DR,
01KP4C8AP6DZZ859KPKZX0YWGN,{B361693C-846A-4547-8699-98A290F30C5C},PEACHTREE LN,56,C,'-20.5,asphalt,2,320.13418050337367,24,20,3 Years and 7 Months,5596.555254590407,paved,,City,Local,,,AZALEA DR,PEACHTREE CIR
01KP4C8AT2P75MHC3251RX177V,{1EAC0773-90AB-441C-9003-98D5A3F4BB12},PROFESSIONAL PKWY,56,C,12,asphalt,2,204.0023285683365,60,20,3 Years and 7 Months,8915.873198096153,paved,,City,Local,,,GATEWOOD DR,
01KP4C8DW1XRYQVBHNB0VEBQDK,{E46A3B9E-DB10-4E89-8CDE-4BE1AEC614F6},SAGE MEADOW CIR,56,C,'-7,asphalt,2,538.2903847968654,50,20,3 Years and 7 Months,19604.877585974722,paved,,City,Cul-de-sac,,,OLD FOREST WAY,
01KP4C8E5EWW609T6PYCKFYYB3,{B0165767-554C-494D-AE07-BF3E2E1DF5AA},EVANS CT,56,C,'-7,asphalt,2,1617.805758690236,100,20,3 Years and 7 Months,117843.02581951575,paved,,City,Local Commercial,,,,
01KP4C82W0HD1B9ZA14V592KNE,{EFF7E8E2-04A6-40AC-83DA-026CC6164370},RANDOLPH ST,56,C,10.75,asphalt,2,267.6687762153762,50,20,3 Years and 7 Months,9748.666778193347,paved,,City,Local,,,HERNDON ST,FRANKLIN ST
01KP4C7Z9SXCZXREDDS6M9BECF,{80AF003B-DCDD-4A10-98D5-074F0887EFDB},SANDERS ST,56,C,2.5,asphalt,2,343.76495020202185,60,6,1 Years and 1 Months,15024.165299781695,paved,,City,Residential Collector,,,JUNIPER DR,S CEDARBROOK DR
01KP4C82JFSFMK9M4M3BMTX2AA,{28DCE394-8370-4F03-AD5A-BBC62607EDF8},SARA ST,56,C,'-14.04,asphalt,2,1585.6457294697022,50,20,3 Years and 7 Months,57750.22422647986,paved,,City,Local,,,HARMON DR,E VETERANS BLVD
01KP4C7Z8BE9KD4Q8PD2A6K6AK,{5C0E91C7-D6B3-4EA1-A34B-4205574CC52D},PETRIE RD,56,C,'-35.5,asphalt,2,578.7108068905923,50,20,3 Years and 7 Months,21077.015022388317,paved,,City,Cul-de-sac,,,HOLLY TREE LN,CARY DR
01KP4C7ZD85RQ1Y76BT7HT240H,{976EE175-738F-4C5B-8686-7626A8160FF7},E UNIVERSITY DR,56,C,21.92,asphalt,2,3382.853946042051,24,14,2 Years and 6 Months,59138.730508140856,paved,,City,Arterial,,,SHELTON MILL RD,
01KP4C82TACAK3KVATM1MPPNVG,{9F7C061F-2F9E-40D5-9486-6728B2A17478},HOLLY TREE LN,56,C,9.75,asphalt,2,481.3820461865717,50,20,3 Years and 7 Months,17532.239761509347,paved,,City,Local,,,CARY DR,PETRIE RD
01KP4C7W2404R6033WH71F0XW9,{952A2128-4046-4997-A6AD-0459B8139E5F},E VETERANS BLVD,56,C,15.75,asphalt,2,404.751432040573,60,28,5 Years,17689.564967944658,paved,,City,Collector,,,ROSIE ST,HARMON DR
01KP4C8DQESNW6DQ6J8W62A0JQ,{A11ACEB6-A8FE-48C0-8B93-65E132DB9BFC},S DONAHUE DR,56,C,11.38,asphalt,2,402.74579936448146,60,6,1 Years and 1 Months,17601.90926936767,paved,,City,Collector,,,CLOVERBROOK CIR,
01KP4C8301ZE7J9Z5RFGHCR0F8,{7DCC0847-1EC0-43B3-8B22-346482C57A10},N GAY ST,56,C,9,asphalt,2,93.38363708185116,24,6,1 Years and 1 Months,1632.5238497852001,paved,,City,Collector,,,,E DRAKE AV
01KP4C7Z0ESQQ7SXKVAMYS0T20,{9663F037-1FC8-4B33-874B-B0BEB8DA7CEF},NIXON AV,56,C,31.75,asphalt,2,414.9739379808198,50,20,3 Years and 7 Months,15113.614296777636,paved,,City,Local,,,SINGLETON ST,DENSON DR
01KP4C7Z26ZZ45NHXYV8TW9H9Z,{DB8919EB-3D5E-480C-8D98-592FB437AD36},W MAGNOLIA AV,56,C,'-23,asphalt,2,392.4674460054945,90,20,3 Years and 7 Months,25729.044424560205,paved,,City,Collector,,,S COLLEGE ST,WRIGHT ST
01KP4C8AB64NG1A4V4DJVD2G9G,{6D52BE36-E372-43CA-BEBC-C9AA1E061A3F},E FARMVILLE RD,56,C,'-12.9,asphalt,2,1157.3333826340463,80,8,1 Years and 5 Months,67441.30657660493,paved,,City,Arterial,,,FARMVILLE LAKES DR,PINK LN
01KP4C7W3EVHN6Z2Y3EVDKN80X,{8A309466-720F-4C5A-B7A8-38E2E87BD73C},SAINT CHARLES CT,56,C,'-11,asphalt,2,308.48992490273776,50,20,3 Years and 7 Months,11235.398931576694,paved,,City,Cul-de-sac,,,SAINT JAMES DR,
01KP4C8APD3J2J7DPMEF91B4ZM,{B9ECB13E-379B-4A1C-BB2B-0A8640AC9F61},S COLLEGE ST,56,C,17.25,asphalt,2,883.0393146563002,100,20,3 Years and 7 Months,64321.70499932954,paved,,City,Arterial,,,N COLLEGE ST,E THACH AV
01KP4C7W5DF0P0ZCT4ZCJWH3BY,{40765B7E-893E-4F7D-A3A4-6603578871B5},FRANKLIN ST,55,C,7.1,asphalt,2,610.0970218545375,50,20,3 Years and 5 Months,21365.500864548783,paved,,City,Local,,,RANDOLPH ST,MADISON ST
01KP4C7R0MPR3B5YHHRY8EPJJ1,{B451CC2F-E25C-4131-84A2-9975BA95619E},AUBIE DR,55,C,'-35,asphalt,2,95.8956685269386,50,20,3 Years and 5 Months,3358.251090278703,paved,,City,Local,,,RICK DR,
01KP4C7QXDV77PW6KA9RJMY42C,{074323EA-C88D-4B92-97BA-99060832FEE8},CORNSTALK LN,55,C,0.17,asphalt,2,533.9741991463732,50,20,3 Years and 5 Months,18699.6916962966,paved,,City,Local,,,DEKALB ST,CHEYENNE AV
01KP4C7ZATT4K8EPBSB3HMY0EM,{F0D443D3-A6AA-47C5-911F-DC2EBAFB7939},MADISON ST,55,C,5.75,asphalt,2,269.4112113000795,50,20,3 Years and 5 Months,9434.73785604445,paved,,City,Local,,,HERNDON ST,FRANKLIN ST
01KP4C7W5PS7MWB917NN7GN6NQ,{6A993033-609F-4051-9267-996558547724},JEFFERSON ST,55,C,2.56,asphalt,2,302.8501160852611,50,20,3 Years and 5 Months,10605.762993858845,paved,,City,Local,,,WARRENTON ST,MADISON ST
01KP4C7W6DTKFY1HXXRWR08V26,{4CEEDA7D-3C50-464B-AA29-90EEF15BA110},WELLINGTON ST,55,C,16.25,asphalt,2,181.2874215846938,50,30,5 Years and 2 Months,6348.656728114773,paved,,City,Local,,,ROCK FENCE RD,HEATHER PL
01KP4C7W5K2Z2418V0ECY16JZ3,{9969DC42-5F13-4368-964B-D885B93A5D6A},JEFFERSON ST,55,C,6.5,asphalt,2,264.8358858709976,50,20,3 Years and 5 Months,9274.510685760133,paved,,City,Local,,,WELLINGTON ST,RANDOLPH ST
01KP4C7Z9BJ5DW3104QFDGSQNZ,{8BB17610-16EB-44B5-854D-0B88D5CD3506},OPELIKA RD,55,C,29.5,asphalt,2,480.26933934347664,100,6,1 Years,33637.91206116017,paved,,City,Arterial,,,MALL PKWY,COUNTRY CLUB DR
01KP4C7YT7QMNPK62D00PEJE31,{EBFEA453-7329-4D81-9B12-63B63D12CE1B},MOORES MILL DR,55,C,'-3.86,asphalt,2,1028.6834027514215,60,20,3 Years and 5 Months,43229.19537752997,paved,,City,Residential Collector,,,MOORES MILL RD,PARK LANE RD
01KP4C8E5F3BZM6S8G21XTVAFR,{8579B673-3E35-43AE-B7BC-CBFD57B3352B},KENAI PASS,55,C,'-8.75,asphalt,2,201.26343876771247,50,20,3 Years and 5 Months,7048.213679067708,paved,,City,Local,,,,TIGER LILY DR
01KP4C8303FT8Z54WTE0GXDPK2,{8E7D9089-EAB9-402A-A837-BDDEB137F249},CUMBERLAND DR,55,C,22.38,asphalt,2,174.94228304417243,50,20,3 Years and 5 Months,6126.450983590563,paved,,City,Local,,,SHAWNEE ST,
01KP4C8307RJNC7XEDF1E3CRNF,{FD5AC403-82E2-48A8-9855-A2A9937BC90F},AUBURN DR,55,C,5.13,asphalt,2,135.88581887927737,50,20,3 Years and 5 Months,4758.699807974693,paved,,City,Local,,,,HILLCREST DR
01KP4C7ZJSRYH33SRE15SRYTFV,{201B5DC2-9A5B-4DF7-AF66-5B3CB1E84563},GROVE HILL RD,55,C,'-11,asphalt,2,197.3163934460389,80,28,4 Years and 10 Months,11055.982045468529,paved,,City,Residential Collector,,,TAYLOR CT,RIDGEVIEW LN
01KP4C7W5NBT9AQY7RGJX5R11D,{3CFAEBF2-8797-44BE-A939-7A9EC834A22A},JEFFERSON ST,55,C,1.88,asphalt,2,348.2125022227053,50,20,3 Years and 5 Months,12194.346556013388,paved,,City,Local,,,MADISON ST,WELLINGTON ST
01KP4C82KJ9HACFJ334S8NFDKN,{9761D894-5600-4B19-830B-D29EBEBBF8EB},CROSSING WAY,55,C,'-6,asphalt,2,493.64074545130455,50,20,3 Years and 5 Months,17287.2205500308,paved,,City,Local,,,DUNBAR CT,BRADFORD LN
01KP4C7YYWT9HY03KGT24NEWKT,{8E8C7618-6E94-48B1-8E8E-955510FC4332},REESE AV,55,C,9.29,asphalt,2,607.0768678186464,50,20,3 Years and 5 Months,21259.735549601406,paved,,City,Local,,,WRIGHTS MILL RD,S GAY ST
01KP4C7ZAD2YXXM5X3J3GGP527,{AE1F0FD6-339B-4BA1-B27E-6FF764FFC64D},GRANITE CT,55,C,'-19.25,asphalt,2,400.6913999436227,60,30,5 Years and 2 Months,16838.57906905938,paved,,City,Cul-de-sac,,,S CEDARBROOK DR,
01KP4C7YXNQFTQHMNM09R2KTEB,{D593EE64-5D59-473C-A646-24891AC40414},BRAGG AV,55,C,'-12.25,asphalt,2,435.7724484156163,62,10,1 Years and 9 Months,18923.24564687337,paved,,City,Collector,,,SANDERS ST,FRAZIER ST
01KP4C85FMR7MBCFYAB413F8R1,{70DE7BCA-B3A6-4CA0-9D9C-B5F0D1202F70},CUMBERLAND DR,55,C,7,asphalt,2,351.9784993712386,50,20,3 Years and 5 Months,12326.231178377702,paved,,City,Local,,,SEMINOLE ST,THORPE ST
01KP4C8AR74BW3Q2F7YT9PV9A4,{0762779E-FC79-4E01-B46A-61F001DFA563},RAINMAKER RUN DR,55,C,9.25,asphalt,2,312.8592340818803,50,20,3 Years and 5 Months,10956.280717351561,paved,,City,Local,,,COOL STONE BEND DR,
01KP4C8ARZQX7151TFHQYZEHGY,{AE9A1E7A-2B49-4A21-9AAE-B88DC563FEDA},BURTS GAP LOOP,55,C,'-7,asphalt,2,147.1082952605796,50,20,3 Years and 5 Months,5151.709149502441,paved,,City,Local,,,WOODWARD OAKS TRL,
01KP4C8DYBY7WKSS204078Q1QW,{EB427CBF-6CC3-4797-BFF3-D30A0BF9D242},OLD SAMFORD BLVD,55,C,'-7,asphalt,2,422.61233041377704,80,20,3 Years and 5 Months,23679.7067676291,paved,,City,Residential Collector,,,BLAKENEY LN,
01KP4C7ZC68AHFPG4JJM9XTRCD,{13A60C13-27D1-4D91-B163-B6CC422D28D0},N COLLEGE ST,55,C,14.25,asphalt,2,752.7176545728216,80,6,1 Years,42176.08445463587,paved,,City,Arterial,,,BRAGG AV,CECIL LN
01KP4C8A8PA6Z62HYM7KQY405E,{9A90E7DD-7C56-4C86-8F61-F80EDF9CE6D5},ROCK FENCE RD,55,C,'-5.5,asphalt,2,488.550525834871,60,30,5 Years and 2 Months,20530.754240441605,paved,,City,Residential Collector,,,MOORES MILL RD,OGLETREE VILLAGE LN
01KP4C833AZRR6M59QEEKSXM0W,{153427CF-6CC9-4427-91D5-45CD90D05C69},WIRE RD,55,C,18.88,asphalt,2,341.4838712425159,80,6,1 Years,19133.937547398105,paved,,City,Arterial,,,KIRKLAND DR,KUDERNA ACRES
01KP4C8A849SMWFESW0AT4NVXA,{B4D33374-5DE1-43D0-B743-DECB9B8BB89C},W FARMVILLE RD,55,C,'-16.89,asphalt,2,2293.6075356238466,80,20,3 Years and 5 Months,128514.83493257423,paved,,City,Arterial,,,REDTAIL LN,BUD BLACK RD
01KP4C82W0S3TRE801EGXQ74FT,{FAC4D17D-7833-4B4C-B2C4-B32D2FD3C077},HERNDON ST,55,C,2.25,asphalt,2,611.5580236459725,50,20,3 Years and 5 Months,21416.66491537979,paved,,City,Local,,,MADISON ST,RANDOLPH ST
01KP4C7W64J8M59CF1AEH1RNPY,{C477BA56-6283-458C-8595-6598F11B64A3},GROVE HILL RD,55,C,'-8,asphalt,2,611.0701166492121,80,30,5 Years and 2 Months,34239.32558367807,paved,,City,Residential Collector,,,MAYFAIR CT,HIGH POINT DR
01KP4C7Z7BA4E0443R1FFJ3CSE,{654C14B2-76DE-4979-B38A-7140223C88E7},LUNSFORD DR,55,C,'-0.5,asphalt,2,288.0774349234173,50,6,1 Years,10088.426044441101,paved,,City,Local,,,BEDELL AV,DAVIS CT
01KP4C8DQZD5D32TCG42R2P86R,{33A813DE-293D-494E-997D-776E86FDF386},W LONGLEAF DR,55,C,9,asphalt,2,315.126125234297,60,20,3 Years and 5 Months,13242.80026282224,paved,,City,Collector,,,,
01KP4C7QPJW8ND5KCH908CSQSG,{353681B3-9985-46F5-8FAA-DCD0227AA824},WHITE ST,55,C,'-2.25,asphalt,2,670.281577388817,50,20,3 Years and 5 Months,23473.1544462552,paved,,City,Local,,,BRAGG AV,CANTON AV
01KP4C82Y4Z17HDHNX708SGM3R,{3875F006-897A-4406-AA90-8BDD77F8CA18},PROFESSIONAL PKWY,55,C,'-2.62,asphalt,2,380.65818001306576,60,20,3 Years and 5 Months,15996.70685054907,paved,,City,Local,,,LAKESIDE CIR,
01KP4C7YZKAKK2KJG99AFGTJ0Z,{3C45E130-2429-4173-A2ED-8AF1F6B2CAF9},ARMSTRONG ST,55,C,12,asphalt,2,273.41688825552177,50,6,1 Years,9575.0160272023,paved,,City,Local,,,MOORE AV,E SAMFORD AV
01KP4C7W5P456D5AX63RDAVFDJ,{3D1A4C91-23E3-4785-B983-45BEDFBBD467},MADISON ST,54,D,9.25,asphalt,2,270.45090358810603,50,20,3 Years and 4 Months,9092.301806342992,paved,,City,Local,,,JEFFERSON ST,HERNDON ST
01KP4C830QG0GZFWTWAXD18GW1,{C305EAA0-B03C-43C7-9AF9-B5EF8ED20249},SANDERS ST,54,D,'-3.37,asphalt,2,340.8621445600686,60,6,1 Years,13751.352803394768,paved,,City,Residential Collector,,,SANDERS CT,BRIAR CREEK CIR
01KP4C7W52FWPF6VJW5RF3KVD3,{089EA0A1-AB00-406A-9CD0-70B89D93308A},GROVE HILL RD,54,D,'-3.5,asphalt,2,470.5983698628586,80,30,5 Years,25313.710409385007,paved,,City,Residential Collector,,,REDFERN PL,TAYLOR CT
01KP4C83104K2X26M427ATG587,{88554AB7-A156-4F2F-84CC-7D5481454815},WARE DR,54,D,17,asphalt,2,605.9293866718756,60,20,3 Years and 4 Months,24444.922685162524,paved,,City,Local,,,SHUG JORDAN PKWY,GREENEWOOD DR
01KP4C7Z65WZF743VW685PE4ZZ,{88FF5981-A211-4B2E-8E73-D833B35BC8E2},CLARK AV,54,D,'-14,asphalt,2,151.45329643180352,50,20,3 Years and 4 Months,5091.715584802537,paved,,City,Local,,,EDGEWOOD DR,
01KP4C82K53EMSC1TGB574X33V,{8C3198D3-740C-48C9-91B8-610C73326738},FRANKLIN ST,54,D,25.5,asphalt,2,548.657921140129,50,20,3 Years and 4 Months,18445.356777377674,paved,,City,Local,,,MADISON ST,NEWMAN DR
01KP4C82YJZKEZH321HYFMRJ3X,{D2C55EF3-E06C-4A3D-913D-FCC64D6058B9},TWIN FORKS AV,54,D,17.63,asphalt,2,1008.7481718416593,50,20,3 Years and 4 Months,33913.15282477197,paved,,City,Local,,,N DEAN RD,CHINOOK ST
01KP4C7ZBK7GCPM84GPMRJMVFH,{DB9896F2-D056-4440-A7B8-11E10DA2094A},RANDOLPH ST,54,D,'-0.75,asphalt,2,269.2992118997413,50,20,3 Years and 4 Months,9053.583028629395,paved,,City,Local,,,JEFFERSON ST,HERNDON ST
01KP4C7ZMMHF00C21SW1CMWG9M,{DDE836EC-85BA-46F7-B45A-01CF4FE53FD3},PROFESSIONAL CIR,54,D,'-7,asphalt,2,343.8564035775967,50,20,3 Years and 4 Months,11560.12480598968,paved,,City,Cul-de-sac,,,PROFESSIONAL PKWY,
01KP4C830Q3N39TG287R348BR5,{1651280B-D4ED-490F-8C48-9E01F9B629D5},SANDERS CT,54,D,'-14,asphalt,2,391.62134358787944,50,20,3 Years and 4 Months,13165.936598716326,paved,,City,Cul-de-sac,,,SANDERS ST,
01KP4C85N69VMSXNS8PV4RRZ08,{D946BE55-4005-4ED8-9535-19BAD6AB39A3},PEBBLE CT,54,D,0.75,asphalt,2,151.38823739667055,50,20,3 Years and 4 Months,5089.528362002354,paved,,City,Cul-de-sac,,,BEDROCK DR,
01KP4C8AGK1N0ESYE9J8HD5GQ2,{2E94712B-93EE-488C-AFB5-EC1E6FC843AF},ROOSTER TRL,54,D,12.75,asphalt,2,1290.869274752917,60,20,3 Years and 4 Months,52077.354741460535,paved,,City,Cul-de-sac,,,,WIMBERLY RD
01KP4C8DYJB9DE8RETP3QMMZ7Z,{55D0A21E-52D8-43FA-8623-D0DFE401E1EA},LEE RD 19,54,D,'-6.94,gravel,2,436.8555790677435,40,20,3 Years and 4 Months,0,paved,,City,Local,,,US HWY 29 S,GOLF CLUB DR
01KP4C8DT3S6D7TBXHNBHWNMW5,{24C31682-E946-4985-965C-000445D41CD5},CLARK AV,54,D,1.5,asphalt,2,127.02771086392971,50,20,3 Years and 4 Months,4270.550660473066,paved,,City,Local,,,,N DONAHUE DR
01KP4C7R4Z31FS4EEJZJ6ZCHW7,{DD6DECD5-351B-42A1-8DC4-5C4891874445},DEER RUN RD,54,D,'-3.19,asphalt,2,359.11345734250415,60,30,5 Years,14487.662907646167,paved,,City,Residential Collector,,,ANTLER RIDGE DR,WATERSTONE CIR
01KP4C831WZABPH8Q310JNBQBT,{AEF2204F-F8A4-44EC-A554-A8341D2493AD},W FARMVILLE RD,54,D,'-4.04,asphalt,2,2591.886192138941,80,6,1 Years,139418.79250667372,paved,,City,Arterial,,,,CONSERVATION DR
01KP4C82RJ6CYWJYMNDD3GN072,{1B87BA22-6C38-4071-A74D-71D93381F6EE},W DRAKE AV,54,D,4.66,asphalt,2,870.987959348577,24,6,1 Years,14055.25712685932,paved,,City,Collector,,,FRAZIER ST,WHITE ST
01KP4C7W4HZ5XWMHQ226YT84AF,{AEDC5055-722A-4FD4-BBDF-154C304B0D63},GROVE HILL RD,54,D,12.67,asphalt,2,713.1906778312041,80,30,5 Years,38362.86617514896,paved,,City,Residential Collector,,,SWEETWOOD CIR,WINDWAY RD
01KP4C7Z8Y2XFAKTSQR1M96NE5,{DDDA12CA-B936-471A-9EC2-345284590259},N DEAN RD,54,D,26.83,asphalt,2,580.7692191073675,70,20,3 Years and 4 Months,27334.871245986764,paved,,City,Collector,,,DREW LN,TWIN FORKS AV
01KP4C7Z9EHW9QK4GAGW0BF1E5,{41E8AC82-01B4-486E-B240-466D43989DBE},NORTHLAKE DR,54,D,'-22.21,asphalt,2,663.799056463625,50,20,3 Years and 4 Months,22316.29208872949,paved,,City,Local,,,NORTHWOOD DR,NORTHPOINTE DR
01KP4C8AS63FPCKQ8FTW6MSZMA,{294B7C57-1559-4169-9A94-608B79A30234},BEEHIVE RD,54,D,10.67,asphalt,2,747.6107706903573,80,26,4 Years and 4 Months,40214.33936056321,paved,,City,Arterial,,,HIVE COMMERCE PKWY,LEE RD 10
01KP4C85QXVQ6T1PEYMPN9XF49,{899CA7D5-19B5-48D3-9633-6450EB4653C7},LINCOLN ST,53,D,'-16.62,asphalt,2,314.17028225396706,40,20,3 Years and 2 Months,8097.614354349076,paved,,City,Local,,,WASHINGTON CT,MARTIN AV
01KP4C85FGFQA70SK4ZSP3YSWB,{84461A33-0851-4679-B47A-C7AFA2C11258},TICHENOR AV,53,D,'-1.17,asphalt,2,576.8689167617305,25,20,3 Years and 2 Months,9292.854633310495,paved,,City,Local,,,N GAY ST,BURTON ST
01KP4C7W4S9TPSSZM8NWYRT0B1,{9638F8FD-67DB-4006-B3E8-AB92BD69F920},TANGLEWOOD AV,53,D,'-21.83,asphalt,2,650.1449724158696,60,20,3 Years and 2 Months,25135.843004973547,paved,,City,Local,,,WRIGHTS MILL RD,MILLBRANCH DR
01KP4C7RCKCN73EH3ZSN8K91P4,{FC078B97-9C35-4346-83D3-0AE51CA71132},FORREST CV,53,D,'-7,asphalt,2,157.60203592823228,50,20,3 Years and 2 Months,5077.662419449674,paved,,City,Local,,,,BEAVER DR
01KP4C7ZJR5CC6AAGD1CHN1ZV3,{6235BAC1-8214-4FE4-9DDB-99D906D228D7},GROVE HILL RD,53,D,19,asphalt,2,191.60314938487215,80,30,4 Years and 9 Months,9876.990284798583,paved,,City,Residential Collector,,,RIDGEVIEW LN,SWEETWOOD CIR
01KP4C7YY3T61MWKS29T5NRA20,{2CD5B60A-B9B1-4095-9BBE-7DC2E42EE36D},HALAL CT,53,D,10.13,asphalt,2,358.2569517407062,50,20,3 Years and 2 Months,11542.41345707458,paved,,City,Cul-de-sac,,,N GAY ST,
01KP4C85ZK2R8ZAH8NM4QCVSFZ,{07EB6C3B-CE6A-4574-BA21-836C8E5F7B0C},BEDROCK DR,53,D,'-10,asphalt,2,128.10166888330338,50,20,3 Years and 2 Months,4127.212101839445,paved,,City,Local,,,BOULDER LN,
01KP4C8AN24HGHV2QT4NGJAJ6A,{296CF0FB-6CC7-4648-BE25-BE9BA55D54BB},BRIAR CREEK CIR,53,D,'-23.67,asphalt,2,530.6522620462498,50,20,3 Years and 2 Months,17096.68934743453,paved,,City,Cul-de-sac,,,SANDERS ST,
01KP4C835F13GYW6JC4SSZVCTQ,{BF07C463-0991-4B19-8CCD-2E3641931832},MILLBRANCH DR,53,D,'-2.65,asphalt,2,1262.2588016291127,50,30,4 Years and 9 Months,40667.774644550664,paved,,City,Local,,,BRIARWOOD AV,BRIARWOOD AV
01KP4C8A8X7MXD3XY80HBAQPRP,{E23C3EE2-30A1-4AD3-9B95-5080A40DD767},HARVARD DR,53,D,'-0.58,asphalt,2,717.5134790165647,50,20,3 Years and 2 Months,23117.031492601145,paved,,City,Local,,,GENTRY DR,CORNELL PL
01KP4C7W4YRBRKXE4EJ9K08C92,{857820EB-17E4-4F90-BA9D-6B46FA8EF12F},BENEDICT PL,53,D,'-7.2,asphalt,2,607.6825534215525,50,20,3 Years and 2 Months,19578.470838212634,paved,,City,Cul-de-sac,,,SUMMERTREES DR,
01KP4C7ZPCFMKC1D48W36A7528,{58CBE344-02C6-4D33-BD83-E6FD87855C63},SUMMER HILL RD,53,D,13.5,asphalt,2,451.10902427100683,50,20,3 Years and 2 Months,14533.94511133454,paved,,City,Local,,,BRYANT AV,OLD STAGE RD
01KP4C836BTJ3GBE55XA5D158H,{2AC8C9DC-4554-4B1A-B493-5599A57531C6},S BROOKWOOD DR,53,D,3,gravel,2,848.5782360187493,40,20,3 Years and 2 Months,0,paved,,City,Local,,,,E SAMFORD AV
01KP4C82K2XEVVP1V7PZ1TC45B,{C57BF0C2-E781-4A5E-BC11-DA7172BCCEAA},W LONGLEAF DR,53,D,'-2.06,asphalt,2,2200.560491301529,60,20,3 Years and 2 Months,85077.86013751007,paved,,City,Collector,,,,DOWNS WAY
01KP4C7YTCSGH1NVBADTC7B2GZ,{10CB30D0-EA44-45DC-BB41-AEF5CF94E1E5},MOORES MILL DR,53,D,1.83,asphalt,2,338.05219632864896,60,20,3 Years and 2 Months,13069.741819010955,paved,,City,Residential Collector,,,PARK LANE RD,LAUREN LN
01KP4C7ZEGDR9J3YRSG7EPH9G1,{1DF8800C-6243-4A9A-8B4E-3441292CF2E6},W FARMVILLE RD,53,D,9,asphalt,2,580.0548555301625,80,8,1 Years and 3 Months,29901.367441583418,paved,,City,Arterial,,,N DONAHUE DR,MRS JAMES RD
01KP4C7Z1HA8GB71X3ZC94TYMW,{039CC483-1527-43E6-AB4A-D80A6B739E74},S DEAN RD,53,D,'-16,asphalt,2,272.7911577744835,90,6,0 Years and 11 Months,15819.938642650224,paved,,City,Arterial,,,MCKINLEY AV,E THACH AV
01KP4C7ZMN8VG6XYFK85GCEBJ2,{003117AC-8317-47FB-9AA2-E464D9AAA3F0},PROFESSIONAL PKWY,53,D,'-7.25,asphalt,2,374.04029335606356,60,20,3 Years and 2 Months,14461.110198847047,paved,,City,Local,,,,LAKESIDE CIR
01KP4C8AT1DD6V174ERYMGZHG5,{A782776C-CEF5-49B3-9C7E-F8F7A21B5406},COMMERCE DR,52,D,29.5,asphalt,2,83.1902959857839,60,28,4 Years and 3 Months,3076.456374407608,paved,,City,Collector,,,WHATLEY RD,
01KP4C82PP5SH33NFAVMCS8YA1,{8E459283-7942-4CA0-8B93-9E0C24A8252A},ARMSTRONG ST,52,D,2.5,asphalt,2,459.90562227220687,50,6,0 Years and 11 Months,14173.123264150627,paved,,City,Local,,,E THACH AV,
01KP4C7Z302V8HCXCKJR4DAF9Z,{EAF07BE2-6998-4720-BFBA-3DAA19BCC4E5},TOOMER ST,52,D,'-6.42,asphalt,2,470.91532894458106,43,20,3 Years and 1 Months,12480.676437864722,paved,,City,Local,,,GENELDA AV,W GLENN AV
01KP4C7ZBZATTVMPKMY9QCEJ3H,{D254F83E-D35D-4ADE-8D15-0B7C71C8DC49},E MAGNOLIA AV,52,D,'-20.5,asphalt,2,192.7121368477338,80,20,3 Years and 1 Months,9502.23780799683,paved,,City,Collector,,,DUPLEX CT,N ROSS ST
01KP4C82N0CNC4Y0X2XCD16G3S,{C88BD594-DA41-418F-986B-6200BB120937},CHEROKEE RD,52,D,12.75,asphalt,2,135.4721786941347,60,20,3 Years and 1 Months,5009.890189231666,paved,,City,Local,,,CAHABA DR,
01KP4C82RYAMH282PD4PPASS8H,{ED035A96-0533-43E9-8390-BE9F8BA2D04C},STAGE RD,52,D,6.75,asphalt,2,339.7166972241894,50,20,3 Years and 1 Months,10469.20583588514,paved,,City,Local,,,SEMINOLE ST,THORPE ST
01KP4C7Z6KNKC344GNMPE818DC,{3CA71C21-246C-4528-94F9-10CD5A6A6852},SANDERS ST,52,D,'-11.47,asphalt,2,1098.096856939611,24,8,1 Years and 3 Months,16243.467030462893,paved,,City,Residential Collector,,,W DRAKE AV,S CARY DR
01KP4C82G3VNFAM870SSN1XPDJ,{79F16B67-9AF2-47C3-80AB-B02C5E32072A},CALDWELL CT,52,D,'-0.5,asphalt,2,609.5908887038348,50,20,3 Years and 1 Months,18786.043022515798,paved,,City,Cul-de-sac,,,W VETERANS BLVD,
01KP4C82K1CAAGJHCQVHFJWJX8,{3582B485-AA7D-4468-967C-AA3BFBDC3BD9},S DONAHUE DR,52,D,'-9.37,asphalt,2,443.42418695918326,60,20,3 Years and 1 Months,16398.248742500084,paved,,City,Local,,,RED OAK CT,OAK RIDGE DR
01KP4C8346G24QPVQ6FK0BXXEG,{C069B9DC-5B5B-4995-B6CF-D051C0D74009},ROSS CIR,52,D,7,asphalt,2,606.8106416160032,24,20,3 Years and 1 Months,8976.17417674263,paved,,City,Driveway,,,S ROSS ST,S ROSS ST
01KP4C85JDBHQYCV49YDBZVTNA,{DC997E6B-C3EC-489F-827D-97F03938D75D},NORTHPOINTE CIR,52,D,'-14,asphalt,2,312.5088310303739,50,20,3 Years and 1 Months,9630.72849913446,paved,,City,Cul-de-sac,,,,
01KP4C8DPY5ZJ6H5FS8GNKTTMH,{A3799CC3-6B4B-444D-A4F4-DA8110C11339},BUTTERNUT DR,52,D,'-25,asphalt,2,306.1000699324687,50,20,3 Years and 1 Months,9433.226758315683,paved,,City,Local,,,,HICKORY WOODS DR
01KP4C8DS5EZ01QWB2HEE88D4E,{2A8E0681-4EE4-45D3-B69E-5EFFBFB5DA3B},ASPEN HEIGHTS LN,52,D,'-7.5,asphalt,2,239.26144440406284,50,20,3 Years and 1 Months,7373.430068420445,paved,,City,Local,,,DEKALB ST,
01KP4C8DSAVN03B20EBJ2GFXH3,{CBA20C68-1EC5-4427-AC0A-8D38FB8F117A},DEKALB ST,52,D,5.5,asphalt,2,198.2408575475587,60,20,3 Years and 1 Months,7331.135712925432,paved,,City,Collector,,,,ASPEN HEIGHTS LN
01KP4C833PKHMZ0QSER644N8MH,{8B64F0C3-C2EC-4157-B9D5-727FA417BD79},ROCK FENCE RD,52,D,'-25.5,asphalt,2,128.47587821204982,60,6,0 Years and 11 Months,4751.160334260851,paved,,City,Residential Collector,,,OVERCUP CIR,OVERCUP CIR
01KP4C7YSCVH3A92ZC902E7TCC,{EE022822-2614-4814-B747-06016D00B464},SAINT JAMES DR,52,D,'-10.12,asphalt,2,370.68767818454467,60,20,3 Years and 1 Months,13708.383375148445,paved,,City,Local,,,WRIGHTS MILL RD,KERIHILL CIR
01KP4C7QSCKANVKDWMXSJDPE4M,{3A2D6361-A207-4A58-A37C-0057154C701E},OPELIKA RD,52,D,22.63,asphalt,2,886.9870100069279,100,20,3 Years and 1 Months,54669.37396598255,paved,,City,Arterial,,,RONALD LN,MALL PKWY
01KP4C8AR7J88WJSHWRNH72HH2,{A6EF3D47-AC7D-405F-B89B-51F80B9942AE},HARVEST GATE LN,52,D,'-8,asphalt,2,229.29239723115694,24,20,3 Years and 1 Months,3391.7804893279326,paved,,City,Local,,,WIRE RD,RAINMAKER RUN DR
01KP4C7W6ZZSY1K00S81Y2JC23,{9A9FEA37-DC36-4B43-94A9-5A7B1AA83A16},INGLESIDE DR,52,D,'-0.94,asphalt,2,502.8844604907459,50,20,3 Years and 1 Months,15497.621905441,paved,,City,Local,,,KINSLEY CT,LAKE HILLS RD
01KP4C7Z8WVK23Y1FJKMSFZWB1,{36B7EFF5-7949-4FB6-9779-EEA19B230F64},NORTHPOINTE DR,52,D,'-22.69,asphalt,2,291.0457459009358,24,8,1 Years and 3 Months,4305.259547936509,paved,,City,Local,,,SHUG JORDAN PKWY,NORTHPOINTE CIR
01KP4C82NDZDVGXZN0GRJ4MB8H,{584ECACD-BFCC-494A-A64D-8D10B77B1AEC},S DEAN RD,52,D,'-11.77,asphalt,2,1509.31241069552,60,6,0 Years and 11 Months,55815.810387911464,paved,,City,Arterial,,,E SAMFORD AV,TERRACE ACRES DR
01KP4C82VJP6Y0CS54GZVAXE70,{ED5BF435-6D1A-4145-A18F-95B2AC0F2454},HICKORY LN,51,D,20.5,asphalt,2,809.8138498514536,24,30,4 Years and 4 Months,11434.571559902524,paved,,City,Local,,,CARY DR,CHARLES AV
01KP4C82FKJAZ055454BH0KR0Q,{9331669C-B89D-4C1F-825F-8BBCBF44828A},SHAWNEE ST,51,D,'-23.96,asphalt,2,645.1417736472372,50,20,2 Years and 11 Months,18977.920508122894,paved,,City,Local,,,,CUMBERLAND DR
01KP4C8ARRCEHJF1VABZZ4PGZF,{D98E9259-AC6F-4CEF-8B5C-E70D620774EB},OPELIKA RD,51,D,26.75,asphalt,2,336.3227858873845,100,18,2 Years and 7 Months,19786.990569707785,paved,,City,Arterial,,,SAUGAHATCHEE RD,STARR CT
01KP4C7ZN8FFD9PN0405DSTBAJ,{F1A332B5-7F84-4755-ABB6-41567726298C},DREW LN,51,D,11.25,asphalt,2,364.69607704097484,50,20,2 Years and 11 Months,10728.142932955341,paved,,City,Local,,,GENTRY DR,HARVARD DR
01KP4C8DS3393FV2WTZNC5CSBK,{EE2AA2B0-D996-4138-A590-AF252AACB77B},STONEGATE DR,51,D,5.5,asphalt,2,71.55005375295877,60,30,4 Years and 4 Months,2525.716897479445,paved,,City,Local,,,,
01KP4C7W7DZR4X41XSS2EV5CW0,{0E276839-4795-48C6-ACF4-FF005ACC888F},INGLESIDE DR,51,D,8.44,asphalt,2,412.8831924234246,50,20,2 Years and 11 Months,12145.647243789075,paved,,City,Local,,,GROVE HILL RD,KINSLEY CT
01KP4C8395MCACYRT9WHYQ83HW,{CDF9A693-5689-437D-B489-8DB561B11208},E FARMVILLE RD,51,D,'-6.25,asphalt,2,1607.64164949122,80,6,0 Years and 10 Months,75666.33363605342,paved,,City,Arterial,,,FARMSTONE RDG,
01KP4C7Z3ZSVT1JV1R91P14ATR,{5BFF1F14-89D6-46EA-B355-60AD0099A520},RAILROAD AV,51,D,4.14,asphalt,2,2647.334354589495,24,20,2 Years and 11 Months,37380.36108680367,paved,,City,Local,,,HEMLOCK DR,N DONAHUE DR
01KP4C7Z28NG08VJ6AHDRH773F,{8122148E-381E-4792-BD3C-2EAB90AE4555},TOOMER ST,51,D,20.83,asphalt,2,441.81410276833356,43,20,2 Years and 11 Months,11177.16044320089,paved,,City,Local,,,W MAGNOLIA AV,GENELDA AV
01KP4C8ABNBQ6VK83BD9KFGQWJ,{DB5ED614-D489-4AD1-B4D4-3B1A6BD10404},GATEWOOD DR,51,D,22.88,asphalt,2,553.4057400897431,100,20,2 Years and 11 Months,32558.70437527988,paved,,City,Collector,,,GATEWOOD PL,PROFESSIONAL PKWY
01KP4C85G86NKZT1NXJGMYPRYR,{203DE67B-19BD-4D33-B596-CB03A3316E46},W DRAKE AV,51,D,'-0.81,asphalt,2,427.46801433053537,24,8,1 Years and 2 Months,6035.8483623471575,paved,,City,Collector,,,SANDERS ST,BRECKENRIDGE CT
01KP4C82KFRAXJ954CMXN49GBY,{9F26D42C-6DCC-4BB7-B03A-CFB303239EE2},WARRENTON ST,51,D,'-13.87,asphalt,2,294.0424599330394,50,10,1 Years and 5 Months,8649.74902969691,paved,,City,Local,,,CLAIRMONT CIR,JEFFERSON ST
01KP4C82K0JNM4CV2TBRZXF970,{681BEA2E-C67B-42C9-92F9-0D8AB93546EA},OAK RIDGE DR,51,D,'-7.94,asphalt,2,413.04848641057015,60,20,2 Years and 11 Months,14580.611570293126,paved,,City,Local,,,S DONAHUE DR,OAK HILL CT
01KP4C7Z2R7B3C0E66QK00BQ8Y,{BA4ADE9A-95C4-4C75-9F30-F10FBFB9865F},OPELIKA RD,51,D,16.06,asphalt,2,2034.2971090612941,100,14,2 Years,119684.47991643946,paved,,City,Arterial,,,N DEAN RD,GENTRY DR
01KP4C8AT2XASX73KBVQTJW6HM,{65F5CCF3-69B2-4577-9508-3D168CFD5859},PROFESSIONAL PKWY,51,D,'-7.5,asphalt,2,270.9881404842467,60,20,2 Years and 11 Months,9565.881359093908,paved,,City,Local,,,PROFESSIONAL CIR,
01KP4C7VMGMAD2MBV395H4A69W,{924C30F1-384C-4297-8992-EC73F09BCB2A},N DEAN RD,50,D,17.75,asphalt,2,150.84366362368743,60,6,0 Years and 10 Months,5071.220310396348,paved,,City,Arterial,,,ANNALUE DR,PATRICIA CIR
01KP4C7Z5HEZY8V1F8GJ1S8SH9,{97FA8B3B-D20A-4A28-A3FA-CFC57CC6CA16},STAGE RD,50,D,19.5,asphalt,2,341.7555827955823,50,20,2 Years and 9 Months,9574.581010066711,paved,,City,Local,,,APACHE ST,SEMINOLE ST
01KP4C7YYNYWJMPNYQA8VD9BKP,{8F33FC5A-4EC5-4DD1-99A6-C4CBB9A8D287},MCMILLAN ST,50,D,5.17,asphalt,2,814.3786835355824,60,20,2 Years and 9 Months,27378.635741720056,paved,,City,Local Commercial,,,INDUSTRY DR,
01KP4C7ZN6CFV966NXBY5A03X0,{44328DE1-6A68-444F-8CC7-0883A44AF373},DREW LN,50,D,9.5,asphalt,2,336.1061540015701,50,20,2 Years and 9 Months,9416.307330361447,paved,,City,Local,,,HARVARD DR,N DEAN RD
01KP4C85JDHSAMEQKEHVZF5KKW,{ED8F0AC9-BEC7-4CF2-8674-B2840D8A10D3},CROSSING WAY,50,D,'-34,asphalt,2,472.01693168988834,50,20,2 Years and 9 Months,13223.966419565917,paved,,City,Local,,,,
01KP4C82MQE7Q8JK5R4KP4RH07,{4C4B2436-ACF2-465D-8184-943FA202FCA3},S DEAN RD,50,D,0.53,asphalt,2,1050.4243169252838,90,6,0 Years and 10 Months,52971.39769637503,paved,,City,Arterial,,,TERRACE ACRES DR,MOORES MILL RD
01KP4C7YRPH3SNA2KPB5YAHY8W,{066D330F-55A5-49EF-A217-2CD9D616677F},W VETERANS BLVD,50,D,0.89,asphalt,2,2491.692468923508,100,6,0 Years and 10 Months,139613.87960793622,paved,,City,Collector,,,,COX RD
01KP4C7Z00RK00ZKQQRYT8CBK6,{B2F7183F-3D20-41AF-9692-4DAB30728CAF},ARMSTRONG ST,50,D,'-25,asphalt,2,312.4446803683478,50,6,0 Years and 10 Months,8753.410489684662,paved,,City,Local,,,CASEY AV,MOORE AV
01KP4C82VPV4P47W6C97T1KQW0,{51DEB97F-EB96-4A4A-8807-A15D2373EE8F},TURN LAKE DR,49,D,3,asphalt,2,96.96413602370903,50,20,2 Years and 8 Months,2580.708175837367,paved,,City,Local,,,,
01KP4C7W87NFV6C9AH5XZ9XD2K,{5FAF6394-F740-44D3-8A23-D7D4273A5A32},GROVE PARK,49,D,6.5,asphalt,2,272.0193636762436,50,20,2 Years and 8 Months,7239.816953081609,paved,,City,Local,,,GRAYTON CT,AMBER LN
01KP4C7R8D9A5SYZVG4GBXJYX8,{D1BE3C8F-7F7A-4393-B2D8-86E867DC822E},LEE RD 83,49,D,0.38,gravel,2,2097.1560318370766,40,28,3 Years and 9 Months,0,paved,,City,Collector,,,BURTS GAP LOOP,MIRACLE RD
01KP4C82YYVZGKZERQDV8WYSN1,{A5A7E746-54D5-4BF7-97F0-49DDBD80D4A2},COMMERCE DR,49,D,26.33,asphalt,2,589.1650161227464,60,28,3 Years and 9 Months,18816.808395882188,paved,,City,Collector,,,,MALL BLVD
01KP4C7ZERWHC6XBVDWRGM6J6Y,{6C63CA21-5676-4E5A-A893-53E82E8C5256},E VETERANS BLVD,49,D,8.17,asphalt,2,719.7541081550833,60,30,4 Years,22987.575254267347,paved,,City,Collector,,,S COLLEGE ST,SPIRIT DR
01KP4C836ZJVG9R9KG42WFJRYT,{7F4C5ECB-7A3B-42A3-85D5-5343CEC22643},N COLLEGE ST,49,D,12.63,asphalt,2,372.5620568123004,105,20,2 Years and 8 Months,20823.114292000828,paved,,City,Arterial,,,E GLENN AV,WARRIOR CT
01KP4C7Z67FMQD53XERE6C0PWB,{50D2A704-D69C-4AA9-AC86-571413AE79E9},OPELIKA RD,49,D,20.2,asphalt,2,1214.4167492086133,100,24,3 Years and 2 Months,64643.59632493785,paved,,City,Arterial,,,TEMPLE ST,DEKALB ST
01KP4C7R5EX9R93E5AS3SJ6Y4R,{206C1E5A-82AE-4DEB-9015-7079E7BF4280},E LONGLEAF DR,49,D,5.25,asphalt,2,1487.914240819825,60,6,0 Years and 10 Months,47521.14672942175,paved,,City,Collector,,,PARKER CREEK TRL,LOIS LN
01KP4C835YVDE41H3KYP78RKZ9,{BAA1072C-3DE0-4404-9F7A-6FA0AAB7D40C},NORTHPOINTE CIR,49,D,'-32.5,asphalt,2,281.6426056163383,50,20,2 Years and 8 Months,7495.940301066592,paved,,City,Cul-de-sac,,,,NORTHPOINTE DR
01KP4C8A833JQPTVEMM4VGXM95,{9DE3C64E-3716-404E-AA47-D879704A152F},OPELIKA RD,49,D,26.25,asphalt,2,434.2594320804903,100,8,1 Years and 1 Months,23115.69849971308,paved,,City,Arterial,,,COUNTRY CLUB DR,DUKE CIR
01KP4C8DNCWF60BFBZ43WG75YB,{3453F74C-D114-49C9-8FC0-3388861C3ADE},W FARMVILLE RD,49,D,6.67,asphalt,2,613.0297727669418,80,6,0 Years and 10 Months,26105.33768855796,paved,,City,Arterial,,,MRS JAMES RD,
01KP4C8DXTNFNCCM4Z520Z56JP,{206C1E5A-82AE-4DEB-9015-7079E7BF4280},E LONGLEAF DR,49,D,1.45,asphalt,2,1236.1968574975035,60,6,0 Years and 10 Months,39481.772967789315,paved,,City,Collector,,,S COLLEGE ST,PARKER CREEK TRL
01KP4C8DS39J59CYVEBHDRARRS,{070BF3EF-15D9-4CA0-AA94-E0FE2633BD9E},STONEGATE DR,48,D,6.75,asphalt,2,230.94525426773862,60,6,0 Years and 9 Months,6987.743550558147,paved,,City,Local,,,,
01KP4C7W7AZZK94NNMF6ZZCRCA,{C1453C50-8B97-49C6-9905-D2B2AB4B0D9F},LAKEWOOD PL,48,D,1.75,asphalt,2,215.29822109237688,50,20,2 Years and 6 Months,5428.590860400645,paved,,City,Local,,,INGLESIDE DR,
01KP4C8AA8728Z7PW5QVMAAJ3J,{BA35B98C-4636-4C10-B7E6-B26E790C60C5},OLD WRIGHTS MILL RD,48,D,27.67,asphalt,2,1096.0648124858344,20,20,2 Years and 6 Months,11054.596537357129,paved,,City,Driveway,,,WRIGHTS MILL RD,
01KP4C7ZHV2EPQTJVS2R13DT44,{61A57B3B-9282-4077-80D2-7F67A8E6C941},N DEAN RD,48,D,17.1,asphalt,2,778.4532605310839,70,6,0 Years and 9 Months,27479.40009674726,paved,,City,Arterial,,,STAGE RD,OPELIKA RD
01KP4C7W7SSTKAHRS986CYZKYD,{8FFCE317-64B1-4FC0-844D-BF2C51D6E02D},GROVE HILL RD,48,D,'-27.25,asphalt,2,438.57528754691384,80,6,0 Years and 9 Months,17693.38017189264,paved,,City,Residential Collector,,,GROVE PARK,ABERDEEN LN
01KP4C82REVQ28D4HK1R5K46J7,{32ED35EE-26D1-412E-9278-629A5FE3BF4A},CATHERINE CT,48,D,'-28.5,asphalt,2,347.4587460159444,50,20,2 Years and 6 Months,8760.924095973456,paved,,City,Cul-de-sac,,,KENT DR,
01KP4C8303RT8JFQ96MR5305CP,{0DED5142-AE96-46E2-8747-521DA8E69C21},CHICKASAW AV,48,D,0.25,asphalt,2,135.25157233392662,50,20,2 Years and 6 Months,3410.271788134006,paved,,City,Local,,,DEKALB ST,
01KP4C7W497N7FNJC7MHZMZ1KA,{7C90BB18-D483-4E91-8A0F-3C36C8CDF8D3},OAK RIDGE DR,48,D,'-16.17,asphalt,2,812.534655490293,60,20,2 Years and 6 Months,24584.97714754915,paved,,City,Local,,,FERNDALE DR,S DONAHUE DR
01KP4C8DYNXEBE79WM1FE3SVRA,{4F5F8924-D1F6-4601-9E28-9C0256C54485},WOODWARD OAKS TRL,48,D,19,gravel,2,1381.1827839680711,24,30,3 Years and 9 Months,0,paved,,City,Local,,,MIRACLE RD,
01KP4C832X498KM3EK79PKW8DS,{F39E4B0A-573D-4B6D-BBBD-45720059CE12},BEEHIVE RD,48,D,5.67,asphalt,2,3410.3521861524177,80,30,3 Years and 9 Months,137583.35105277752,paved,,City,Arterial,,,WEST TECH LN,HIVE COMMERCE PKWY
01KP4C7W50ZGZ6NCT9045QTH53,{FF33A151-7410-4D2E-BFF9-0193E7A15D46},MILLBRANCH DR,48,D,'-14.08,asphalt,2,776.3504084151268,60,20,2 Years and 6 Months,23490.145214617693,paved,,City,Local,,,TANGLEWOOD AV,WOODEN BRIDGE DR
01KP4C82TW7FK2V0P4Q11MW9JQ,{A5DE455D-5955-4152-9FEE-A28564BB7647},NORTHPOINTE DR,48,D,'-24.5,asphalt,2,107.81310457555387,60,20,2 Years and 6 Months,3262.1165070146158,paved,,City,Local,,,NORTHPOINTE CIR,NORTHWOOD DR
01KP4C82JF18A4HABJGPE0ZBP3,{2BE42BF2-6ADF-45B6-9207-FDB8CD9ADCC2},HARMON DR,48,D,8.5,asphalt,2,280.2676118830887,60,20,2 Years and 6 Months,8480.097170976884,paved,,City,Local,,,SARA ST,ROSIE ST
01KP4C8DS32QTZ6YSCHSDQAPQ9,{9C391EE3-039B-4FBD-A10B-D7B83C90137B},STONEGATE DR,47,D,5.75,asphalt,2,101.06848189569148,60,8,0 Years and 11 Months,2888.152189790688,paved,,City,Local,,,WIRE RD,
01KP4C82Y40H8VN04M74Y6AGY1,{C8174BC0-B8D7-4437-A70A-EF2C9281934A},COMMERCE DR,47,D,23.75,asphalt,2,438.60480374250994,60,20,2 Years and 5 Months,12533.654415518107,paved,,City,Collector,,,MALL BLVD,RICK DR
01KP4C85XJGW1W2F9ZW6072W58,{4552B168-6E80-4920-9571-F9C8D0E218E6},N DEAN RD,47,D,30.33,asphalt,2,605.5300087038452,70,20,2 Years and 5 Months,20187.697679065415,paved,,City,Collector,,,OPELIKA RD,ASPEN HEIGHTS LN
01KP4C830KZCQJJSMJTFC9QXR0,{00A13772-0427-406E-9562-19BF680CC7CB},BINFORD DR,47,D,1.5,asphalt,2,663.7186982596294,60,20,2 Years and 5 Months,18966.551944076367,paved,,City,Collector,,,,
01KP4C835DWB9XCJM6E0B3FXMG,{82C68859-357B-4C3F-A347-C6775818E40F},WOODEN BRIDGE DR,47,D,'-29.5,asphalt,2,49.724810414769685,50,20,2 Years and 5 Months,1184.1213781707652,paved,,City,Local,,,WRIGHTS MILL RD,
01KP4C83653BGWEZ1JRR8RDXH5,{07975284-94E7-4409-8C8B-1E794569271A},STONEGATE DR,47,D,3.5,asphalt,2,237.26610463062468,60,6,0 Years and 9 Months,6780.161399468469,paved,,City,Local,,,,
01KP4C82G4T2BXVJCFDJ9JQTVT,{3BDFE01B-0CAF-4324-8EDC-87E361B4FEE7},W VETERANS BLVD,47,D,'-0.77,asphalt,2,5539.364412608141,100,6,0 Years and 9 Months,263823.2209528687,paved,,City,Collector,,,S COLLEGE ST,CALDWELL CT
01KP4C7Z6CN5HB3AQVPS1TNDC9,{BB35BDFD-B74F-48CF-8153-6C568BE49538},OPELIKA RD,47,D,16.33,asphalt,2,621.9789010991337,100,8,0 Years and 11 Months,29622.979249967473,paved,,City,Arterial,,,DEKALB ST,N DEAN RD
01KP4C8AA5EXGYZ0XQAGNDA4H5,{4DB44B5A-29FE-4B48-8445-A66670F48ABF},OLD WRIGHTS MILL RD,47,D,14.31,asphalt,2,1548.9147765029675,80,20,2 Years and 5 Months,59016.1115796464,paved,,City,Local,,,,
01KP4C7YSDT2K9PPT5ZKD520KN,{3C4FC100-7A11-412F-B4A1-A1874ADCC59D},SAINT JAMES DR,47,D,'-15.87,asphalt,2,402.2658921750564,60,20,2 Years and 5 Months,11495.226756869113,paved,,City,Local,,,KERIHILL CIR,SAINT CHARLES CT
01KP4C8ABNH9BAN84V03PHM3R3,{965D0969-4762-4D96-9E61-ACBF5D19E726},GATEWOOD DR,47,D,17.88,asphalt,2,406.779208386924,100,20,2 Years and 5 Months,19373.666901031196,paved,,City,Collector,,,,GATEWOOD PL
01KP4C7YXQ7M36XJ4MCBWENS3D,{EBC617CC-57D6-4D36-84E1-05DC880FF76E},BRAGG AV,47,D,'-5.17,asphalt,2,348.2694043277364,62,6,0 Years and 9 Months,10283.953262935418,paved,,City,Collector,,,N COLLEGE ST,WARRIOR CT
01KP4C8DNFE6H9NB3KWHDV6ERQ,{8D83156E-7C95-4521-8914-96EE39CACACB},KENNESAW LN,46,D,'-7.5,asphalt,2,23.14059914243762,50,20,2 Years and 3 Months,518.6432696686019,paved,,City,Local,,,,
01KP4C82JSA37732Z8Q9PQTKBA,{1AB2A19B-BE76-45BE-8E51-DAB68675D35A},OLD WRIGHTS MILL RD,46,D,'-26,asphalt,2,718.4690651835742,80,30,3 Years and 5 Months,25764.528762900485,paved,,City,Local,,,,WRIGHTS MILL RD
01KP4C85QJT15NQKVM49HMNF2C,{1AD92ACE-72CA-44B8-B300-FE8695BC78F0},WOOD CIR,46,D,'-7,asphalt,2,120.16814345289245,100,20,2 Years and 3 Months,5386.584716047116,paved,,City,Cul-de-sac,,,MRS JAMES RD,
01KP4C7ZA4FWKDDNSJM1NBN577,{26483C1B-1B86-4C1E-9AF3-0170A34C75DE},GATEWOOD DR,46,D,19.25,asphalt,2,488.4550663317294,100,20,2 Years and 3 Months,21895.192179695296,paved,,City,Collector,,,PROFESSIONAL PKWY,
01KP4C7QXF7ZVWCE7P89GXT6SZ,{6E03CDAA-8642-4315-B9BE-6032E89FBEB5},FINANCIAL CIR,46,D,'-12,asphalt,2,319.26725812804796,50,20,2 Years and 3 Months,7155.640769473072,paved,,City,Local,,,MALL BLVD,
01KP4C7ZAE844RQN86H28TKAHB,{86164A4D-A45C-45BD-8650-4701B82BDFDA},GATEWOOD DR,46,D,21.5,asphalt,2,203.49323275255114,100,20,2 Years and 3 Months,9121.664909415944,paved,,City,Collector,,,,
01KP4C82MRKM61S583BARFQR01,{C058F44D-EAD2-4691-A845-690C3F56AF92},GREEN ST,46,D,19,asphalt,2,563.1694773019219,60,20,2 Years and 3 Months,15146.577180005976,paved,,City,Local,,,TERRACE ACRES DR,ELKINS DR
01KP4C85KQEZHKD9Q8CQYH3RNA,{3ADB4D0A-93BB-4FBF-A34D-B81870DB271A},GREEN ST,46,D,17.63,asphalt,2,370.69113226592583,60,6,0 Years and 8 Months,9969.826262085473,paved,,City,Local,,,EAGLE CIR,EAGLE CIR
01KP4C85TFAZNA82A35GPHMNXB,{3F2E8D9C-E402-44B5-A6C5-27AB82FF8A31},E FARMVILLE RD,46,D,'-8.92,asphalt,2,1488.5006002209134,80,6,0 Years and 8 Months,53378.10406379504,paved,,City,Arterial,,,PINK LN,FARMSTONE RDG
01KP4C7QS58F8QG95AENYS5EP7,{36AF99DC-D685-47E3-9C4A-3A14145DA965},BAILEY HARRIS DR,45,D,'-9.5,asphalt,2,522.2490263775934,50,20,2 Years and 2 Months,10973.44680424348,paved,,City,Local,,,E UNIVERSITY DR,
01KP4C8A8BQF1BF6D7S2BF6V21,{4A96991C-8474-4AE7-B745-5B184D455E78},RICHLAND RD,45,D,'-10.62,gravel,2,1332.0998366818797,80,20,2 Years and 2 Months,0,paved,,City,Arterial,,,WEST RICHLAND CIR,
01KP4C7W6RCNMQG2VWKCM62GP6,{81D78A4A-978E-4987-B4E9-7ACB2D124FC2},GROVE HILL RD,45,D,'-12.75,asphalt,2,503.1614112954171,80,30,3 Years and 2 Months,16915.80744640783,paved,,City,Residential Collector,,,CROSSING WAY,MAYFAIR CT
01KP4C82NQ3PMY0FGRREWMJ7KN,{9401A05F-1158-4AF8-BD67-7768CE3B2378},GREEN ST,45,D,10.63,asphalt,2,379.0061573381026,60,30,3 Years and 2 Months,9556.369538596444,paved,,City,Local,,,EAGLE CIR,E SAMFORD AV
01KP4C85KRKQ90PVRV5ZDQQTF1,{1B176600-652B-47E2-857A-6719A0D8833A},GREEN ST,44,D,17.5,asphalt,2,367.8695914999947,60,6,0 Years and 7 Months,8657.197719966543,paved,,City,Local,,,KNOLLWOOD CT,EAGLE CIR
01KP4C8DS3XK2GDATKPMJSEWW5,{6A20C63C-26D6-4B36-82E1-6CDA30CFF7CF},STONEGATE DR,44,D,5.75,asphalt,2,204.86761953407833,60,6,0 Years and 7 Months,4821.217979701976,paved,,City,Local,,,,
01KP4C82TQXJ7SS7N6EGVTTKD1,{C18FF1E6-58AB-486F-A4B9-B61C27D7CCB1},N DEAN RD,44,D,22.95,asphalt,2,2514.440375300281,70,20,2 Years,69035.3574151888,paved,,City,Collector,,,ASPEN HEIGHTS LN,DREW LN
01KP4C7W7JE0QKYGRSJZKPK0BX,{9A6CAC34-6C4F-4F3F-9ED1-BBAF62C2B3B8},GROVE HILL RD,44,D,'-36.25,asphalt,2,282.70860774609594,80,6,0 Years and 7 Months,8870.767869721942,paved,,City,Residential Collector,,,ABERDEEN LN,INGLESIDE DR
01KP4C7RF00DZPMZ1SGH0C1R3V,{30130F3C-C9D6-4860-89DA-F381E8E43D06},CONIFER LN,43,D,'-7,asphalt,2,206.5456485711428,50,20,1 Years and 10 Months,3761.2618305276756,paved,,City,Cul-de-sac,,,LARKHILL LN,
01KP4C82Q3MPCKBQN17W7319ME,{074C0765-6A3D-468C-88A8-819327BBDAAC},W MAGNOLIA AV,43,D,11.75,asphalt,2,89.9641496025705,83,20,1 Years and 10 Months,2719.537702355101,paved,,City,Collector,,,WILMORE DR,TOOMER ST
01KP4C7YXQFKFEZ68KNX86P6N1,{F8A724FA-10C3-4F42-A678-52DF91BE86DA},BRAGG AV,43,D,'-7.37,asphalt,2,516.4016961875133,62,6,0 Years and 7 Months,11660.76014253007,paved,,City,Collector,,,WARRIOR CT,SANDERS ST
01KP4C8AT15RYYNDMJDXXB4RQ1,{88AF04CC-B935-40B7-B48E-6A8FCACAE092},GATEWOOD DR,42,D,19.25,asphalt,2,73.38569450391586,100,20,1 Years and 9 Months,2467.157158084028,paved,,City,Collector,,,,
01KP4C7RGQB67D95A99WZK3VT5,{9AC8987A-4397-46DB-827E-56E4F2D81661},SMITH ST,42,D,,asphalt,2,541.6397659620508,60,,0 Years,10925.647850548796,paved,,City,Driveway,,,PUMPHREY AV,
01KP4C7Z0M4KWMEXW1SW7CJ5VN,{A6E9C169-886F-403D-B0F7-E52984BCB296},TEAGUE CT,42,D,11.42,asphalt,2,780.2623862471589,60,20,1 Years and 9 Months,15739.006991156975,paved,,City,Cul-de-sac,,,PUMPHREY AV,
01KP4C7Z470B7S5007KR1RXK1M,{E1C73CFD-ACDB-4195-946F-A06823599AAE},N GAY ST,42,D,'-23.25,asphalt,2,139.8302252752906,24,6,0 Years and 6 Months,1128.2301605069163,paved,,City,Arterial,,,FORD CT,MITCHAM AV
01KP4C7YY812XFXRKS9E5TVZZX,{5A392450-B63E-4E61-9597-84E230A76AA6},GREEN ST,41,D,16.5,asphalt,2,251.23223695636995,60,20,1 Years and 7 Months,4645.403695721831,paved,,City,Local,,,ELKINS DR,KNOLLWOOD CT
01KP4C8DPMBDWS5CGT99AH03V5,{6F1B4408-E08E-444D-98F7-6C2293893C67},BONNY GLEN RD,40,D,28.5,gravel,2,673.4508970015654,50,20,1 Years and 5 Months,0,paved,,City,Local,,,,
01KP4C8DVKMX9J42H5WR70B0XS,{264C490E-80B3-4598-8894-6CF9873EB293},CLEVELAND RD,40,D,11,asphalt,2,563.1823317612076,50,20,1 Years and 5 Months,7889.0223457026295,paved,,City,Local,,,SHROPSHIRE DR,
01KP4C8DYJPSA23ABPRC9HVVXH,{5B0ACE10-244B-4365-9685-922B5C3DF820},LEE RD 19,40,D,3.55,gravel,2,1705.793460323305,40,20,1 Years and 5 Months,0,paved,,City,Local,,,GOLF CLUB DR,LEE RD 20
01KP4C7W7D6WWDDG9JQDDG6NEH,{BDAEDAB7-344E-4F52-8E1A-F7F0716805DB},GROVE HILL RD,40,D,'-26,asphalt,2,387.1145902549776,80,30,2 Years and 2 Months,8676.282562540133,paved,,City,Residential Collector,,,INGLESIDE DR,CROSSING WAY
01KP4C82G46BDSPQQB2C1T2925,{5DD5AE84-05FA-4AD2-8681-62D7D98D23D7},W VETERANS BLVD,39,F,8.25,asphalt,2,82.59539592235387,100,6,0 Years and 5 Months,2082.5839114707796,paved,,City,Collector,,,CALDWELL CT,
01KP4C8AFFH641D9DV002NGQBM,{DB207C6A-1EC2-469A-9277-C12CF0578D00},MIRACLE RD,38,F,'-0.25,gravel,2,2779.6437611316146,24,30,1 Years and 9 Months,0,paved,,City,Collector,,,SARAH LN,LEE RD 83
01KP4C83118RPV2GFHTV48G3FT,{B422B571-7F2A-49E1-9DAF-8D4C69459BD1},E VETERANS BLVD,38,F,9.25,asphalt,2,326.5330443668155,60,28,1 Years and 8 Months,4391.091987104223,paved,,City,Collector,,,SARA ST,ROSIE ST
01KP4C7VZPV9M54YD3J8Q81Q1K,{CC02D6BD-0D2E-40AA-9DFC-9C44277B4BB3},BROWN CT,37,F,'-7,asphalt,2,352.42495766969444,80,20,1 Years,5529.156002551205,paved,,City,Cul-de-sac,,,ENTERPRISE DR,
01KP4C85Z96NAX0DCPP947P100,{85CD787B-B813-4331-9AC7-B220D9645E80},OUTING CLUB RD,36,F,1.38,gravel,2,540.1800317716152,60,20,0 Years and 11 Months,0,paved,,City,Local,,,SHELL TOOMER PKWY,
01KP4C7Z436MQ4S0H77GFH4G6N,{2C04B3AD-3477-47F0-B0A6-4992ADB3FCCB},N DONAHUE DR,36,F,21.5,asphalt,2,105.52288404222006,24,8,0 Years and 4 Months,425.7094636217562,paved,,City,Arterial,,,RAILROAD AV,
01KP4C8DQ96NN793YZFR91SKDP,{DC41B6CC-2CA1-4AD2-B7ED-EF58D7CB4B85},BRIARWOOD AV,35,F,'-8.5,asphalt,2,201.19807106631214,24,20,0 Years and 9 Months,676.4087532038873,paved,,City,Local,,,MILLBRANCH DR,JACKSON BLVD
01KP4C7Z3QVH1QX3DJSVMJ73BA,{7CDEA2C5-7048-4AAD-AEFF-E80BE6967B2F},BYRD ST,33,F,17.5,asphalt,2,77.16283168205311,50,20,0 Years and 6 Months,324.26761409243744,paved,,City,Collector,,,MARTIN LUTHER KING DR,RAILROAD AV
01KP4C8344T4S2DAAGFHCXNYD0,{D49CBE1A-44C7-4725-9B90-7106DF85DCF2},CONREY CIR,32,F,'-7,asphalt,2,180.54592653050594,50,20,0 Years and 4 Months,505.8151751211793,paved,,City,Cul-de-sac,,,,
01KP4C8AQCK2BWB8G1RH4XB5J9,{93D2870F-D691-4315-9E9D-D98888EF2B1C},TALHIEM DR,27,F,'-6,asphalt,2,599.9597777359357,60,20,0 Years,0,paved,,City,Local,,,,
01KP4C7RFVT87GWV3S8YEFDWSC,{AB058881-C06C-4DA7-8F09-80BEDEFA585C},CITRUS ST,26,F,'-6,asphalt,2,650.1816915089986,80,20,0 Years,0,paved,,City,Local,,,,BOTTLE WAY
01KP4C7RJBX8JS69B48WA8HDBC,{AD0F1645-04ED-4B65-8668-045ADB50A981},LOGAN CT,22,F,'-6,asphalt,2,252.26275028090427,50,20,0 Years,0,paved,,City,Local,,,,
01KP4C8AG94MH37REHZZ7T1438,{DD138A79-2CF2-41CC-BDA7-67AA1D866289},BONNY GLEN RD,18,F,1.5,gravel,2,1451.524394979762,50,20,0 Years,0,paved,,City,Local,,,,HAMILTON RD
01KP4C7RFPP49R8PJJRRWWWD97,{7EF84886-0CC8-4ADB-B2B0-C05C1CA90C34},BOTTLE WAY,,N/A,,asphalt,2,255.35787121860034,50,,0 Years,0,paved,,City,Cul-de-sac,,,ORANGE AV,
01KP4C7RFRRRQF0C03JPW5CAEH,{15CE994B-44E7-4494-85B3-DFFA74CA6690},ORANGE AV,,N/A,,asphalt,2,154.65995490359754,50,,0 Years,0,paved,,City,Local,,,BOTTLE WAY,
01KP4C7RGY1VB4PGJH25YQKF4W,{EEE915DC-397B-4F37-8B10-C1F38C2A61FF},HOMESTEAD LN,,N/A,,asphalt,2,402.10471164680433,50,,0 Years,0,paved,,City,Local,,,ARABLE ST,
01KP4C7YHHB7BRTV8KFCVG8P0G,{AB181FEC-BF67-4E73-9FF4-3928C411A216},,,N/A,,asphalt,2,169.60684657658044,50,,0 Years,0,paved,,City,Local,,,,
01KP4C7R1NYQRW425TXQK7XTKG,{A1B7672D-84D3-4EA0-91D5-2FE655692285},BAGWELL LN,,N/A,,asphalt,2,111.11099824681878,50,,0 Years,0,paved,,City,Local,,,ANDERS CT,
01KP4C7RFSKS4JK6B9Z8EB24K6,{A56F567D-48C5-455B-9AA3-772BCF3D3B38},ORANGE AV,,N/A,,asphalt,2,340.7104756147668,50,,0 Years,0,paved,,City,Cul-de-sac,,,BOTTLE WAY,
01KP4C7RGTBZWH0Z7WSXT43G2N,{D9CA23FB-BAF6-4242-A457-0CA43485F914},ARABLE ST,,N/A,,asphalt,2,243.56447599678424,50,,0 Years,0,paved,,City,Local,,,HOMESTEAD LN,CROFT DR
01KP4C7RGWF4BAV4QHZXAGTV0C,{8AA8BA55-25B8-41E5-B4D2-53AC3EB94123},ARABLE ST,,N/A,,asphalt,2,140.59327873525763,50,,0 Years,0,paved,,City,Local,,,CROFT DR,
01KP4C7RH1VGAYQKBCYDZJFCCF,{E2D5C625-8E65-4326-8107-60F6097E1CC1},HOMESTEAD LN,,N/A,,asphalt,2,244.25850503361013,50,,0 Years,0,paved,,City,Local,,,,CROFT DR
01KP4C7RH280D6RK0VTRWFH9P8,{4B65ACB0-998D-45C7-B3A3-052C42619B51},CROFT DR,,N/A,,asphalt,2,390.7550041381901,50,,0 Years,0,paved,,City,Local,,,ARABLE ST,HOMESTEAD LN
01KP4C7RH4FXYT1EFZRFTDRG36,{7E8388E1-F47F-435D-AA9B-99307A03752F},CROFT DR,,N/A,,asphalt,2,75.60595461134851,50,,0 Years,0,paved,,City,Local,,,HOMESTEAD LN,
01KP4C7RJA9S2T1V79G3D2T1WR,,ANNEX ST,,N/A,,asphalt,2,2200.1128863568915,100,,0 Years,0,paved,,City,Local Commercial,,,,
01KP4C7RJBDG8DV87E2HYR47ZM,{B6D1A7E5-9CCC-44D5-9EB4-F6DAD372486E},LOGAN CT,,N/A,,asphalt,2,346.92162192049017,50,,0 Years,0,paved,,City,Local,,,,
01KP4C7ZEW4WMPQNMXCJXW72AW,{5C44D8EB-DA04-441A-AD54-3CB1D05B8DE6},BECK DR,,N/A,,asphalt,2,272.2543952883389,50,,0 Years,0,paved,,City,Local,,,ROCKDELL LN,
01KP4C85Q7Y15E76K21C1BJVJD,{612BC049-3382-4EA5-A266-7D1C38168362},DRAGONFLY LN,,N/A,,asphalt,2,593.7041060681672,50,,0 Years,0,paved,,City,Local,,,GOLDEN SEDGE PL,
01KP4C839EZJ65NGHB1FW4Q2AN,{9AE62BDB-28F8-42E0-B64A-0EDDA7648D6C},TUSCANY HILLS DR,,N/A,,asphalt,2,55.02649484944774,24,,0 Years,0,paved,,City,Residential Collector,,,,
01KP4C7YZYC3HYX2GEBG7EWZ02,{B841C456-F8F7-4174-AEE6-F4FA1162501B},INDUSTRY DR,,N/A,,asphalt,2,1362.6720470872206,60,,0 Years,0,paved,,City,Local Commercial,,,MCMILLAN ST,
01KP4C7Z0YJG98R3883S2Q16D5,{CD0E66D6-4A6B-4A6A-9031-D8853D77976B},ADAMS ST,,N/A,,asphalt,2,219.69467841163092,60,,0 Years,0,paved,,City,Local,,,PUMPHREY AV,
01KP4C82W0R98TNRQ1BEVVCZ7F,{8B9B30D8-92D2-457F-9B0F-65DC373320CB},ECHOLS CIR,,N/A,,asphalt,2,390.7719767727069,50,,0 Years,0,paved,,City,Cul-de-sac,,,ECHOLS DR,
01KP4C85ZJ1FAXVAY2VV0MPD78,{0290A128-8AE4-4B3E-ADD3-23B71C3CDCB9},ECHOLS DR,,N/A,,asphalt,2,188.5438263555216,60,,0 Years,0,paved,,City,Local,,,ECHOLS CIR,
01KP4C8AARJT6VVDAMYBXHZYX3,{A8725737-4F15-41D9-97DE-FE128956E2B7},AUSTIN DR,,N/A,,asphalt,2,1193.0334921230626,50,,0 Years,0,paved,,City,Cul-de-sac,,,,
01KP4C8ACN4SPRCQ5H1FP6C4ZT,{2F3670A1-2A69-4DC5-823A-E669A3579EDF},SENECA DR,,N/A,,asphalt,2,183.9465609751237,50,,0 Years,0,paved,,City,Local,,,RIVERWOOD DR,
01KP4C8AQB77KGC3RHHGNS12TX,{737AA741-FFE4-4092-9F1B-5A4FDBF8CB0F},,,N/A,,asphalt,2,917.710162508524,50,,0 Years,0,paved,,City,Local,,,,
01KP4C8AQBRMQSAJ9Q4SD06QKE,{49B4C401-CD79-4F9B-810E-427A0B001532},,,N/A,,asphalt,2,79.71930208538318,50,,0 Years,0,paved,,City,Local,,,,
01KP4C8AQB7FRA118PPVKJQB3N,{2877D588-991F-4D6D-A312-D5065F0AD592},CINDY LN,,N/A,,asphalt,2,186.78645180240804,50,,0 Years,0,paved,,City,Local,,,,
01KP4C8AQBZ08ABZWD82KDD1FB,{63B9F9A0-F243-4AD1-9058-9BECD6B28A07},CINDY LN,,N/A,,asphalt,2,190.56105908910135,50,,0 Years,0,paved,,City,Local,,,,
01KP4C8AQDD28VP8929J7EVD8F,{4E9024E9-0D6F-469D-8758-DA4C2547BF7C},TALHIEM DR,,N/A,,asphalt,2,437.8867437462144,60,,0 Years,0,paved,,City,Cul-de-sac,,,,
01KP4C8AQDM9PBX407ZTBS5RKS,{81FCBEA1-4AA0-4D0C-A0F1-AE24E19AACD5},,,N/A,,asphalt,2,525.6158108228711,60,,0 Years,0,paved,,City,Cul-de-sac,,,,
01KP4C8AQMX2ASZ9N4G9E279VJ,{EC7B6CDB-EEE2-42C8-9FA2-F8B261237E98},WATER OAK DR,,N/A,,asphalt,2,947.2892993391849,50,,0 Years,0,paved,,City,Local,,,,LONGHORN CT
01KP4C8AQMJ1J2QP7Z6102QSSQ,{32A2E9C6-A68F-414A-B996-ECAEA4A43104},KEEL CT,,N/A,,asphalt,2,691.6439314938305,50,,0 Years,0,paved,,City,Cul-de-sac,,,,
01KP4C8AQM0HR3CPY9KTXP8VTQ,{A32A2479-AD7A-4968-8764-EEDEC6267A98},LONGHORN CT,,N/A,,asphalt,2,858.9519069420968,50,,0 Years,0,paved,,City,Cul-de-sac,,,WATER OAK DR,
01KP4C8AQM52TPBGVHCVQGZ6D9,{8018F6CB-EA83-401A-86CE-CA18B0A7DE8F},LONGHORN CT,,N/A,,asphalt,2,345.31106504493476,50,,0 Years,0,paved,,City,Cul-de-sac,,,WATER OAK DR,
01KP4C8ARQAEZG1KWRXBTWRX7P,{FED3E5D4-83B3-46FE-BDEB-21DF6A69CB8E},IRON ST,,N/A,,asphalt,2,463.6882630102834,50,,0 Years,0,paved,,City,Local,,,,
01KP4C8AS2626WQ68GQ3N0GVRM,{DA4D3876-1C1C-4E74-99C2-388B020BF3E3},TUNDRA SWANN LN,,N/A,,asphalt,2,263.09919223747767,50,,0 Years,0,paved,,City,Local,,,CYGNET LN,
01KP4C8DNGNBFDK5A999CPF31R,{3106CA9A-3845-45BC-9672-CB212929E90F},WINGFIELD XING,,N/A,,asphalt,2,114.0746766796159,50,,0 Years,0,paved,,City,Local,,,,
01KP4C8DVCX2TCS9CCN6DHJV4V,{1F836D55-6FDE-4AFD-847E-025517812B4D},WOODCREEK CIR,,N/A,,asphalt,2,155.73188248751512,50,,0 Years,0,paved,,City,Local,,,,
01KP4C8DVE36PW92220AD8R7ZR,{23AF4FE8-78DD-4C4E-8E4E-C096A456D2EC},WOODCREEK CIR,,N/A,,asphalt,2,2533.365084163066,50,,0 Years,0,paved,,City,Local,,,,
01KP4C8DVG5JA3PV8TDGN4QNN7,{64691DC8-5FAF-47B0-8955-1C8AEB0C6648},MIMMS TRL,,N/A,,asphalt,2,507.02168635858294,50,,0 Years,0,paved,,City,Local,,,,
01KP4C8DVHSY61352JQ2NDJSV3,{1668145D-066D-4E00-8001-3CAD9F309969},MIMMS TRL,,N/A,,asphalt,2,293.73500311809806,50,,0 Years,0,paved,,City,Cul-de-sac,,,,
01KP4C8DVMV005JZS2HEMDRQ9Q,{AFB565E1-92FA-4B4F-AE10-59F16C9DC2B1},CLEVELAND RD,,N/A,,asphalt,2,302.0377474763728,50,,0 Years,0,paved,,City,Cul-de-sac,,,,
01KP4C8DVVN83H4NYZHDXZ7F88,{9FDCA7CD-4F01-4B96-B1AF-D6ED1AB5E724},ADARE DR,,N/A,,asphalt,2,373.3489991621165,50,,0 Years,0,paved,,City,Local,,,OLD FOREST WAY,
01KP4C8DVYS4K6QBQRC4BFZBGK,{495E2FC3-5F5B-4D3F-87E7-2E61A328AC0F},OLD FOREST WAY,,N/A,,asphalt,2,1181.4116624620683,50,,0 Years,0,paved,,City,Local,,,PINE NEEDLE PL,MOSSY RDG
01KP4C8DW0FM05HY0AC6RR00PW,{020E3595-4E08-43ED-B9E5-1E47CB0597F3},OLD FOREST WAY,,N/A,,asphalt,2,724.2541754027857,50,,0 Years,0,paved,,City,Local,,,MOSSY RDG,ADARE DR
01KP4C8DW11BAGXZNKZBS325W4,{267A2025-05C2-4919-BD0C-D8492518AF9E},PINE NEEDLE PL,,N/A,,asphalt,2,422.8575813559408,50,,0 Years,0,paved,,City,Local,,,OLD FOREST WAY,
01KP4C8DW9QV3XG487KZD8MJNH,{329AB118-4B50-4959-A6B1-BE06FC58CD98},MOSSY RDG,,N/A,,asphalt,2,350.56308207809235,50,,0 Years,0,paved,,City,Local,,,OLD FOREST WAY,
01KP4C8DY25ZCXT4GEZM2TVM40,{6857777D-3316-45BE-AF7F-27F7885C08A4},HANSON FARMS DR,,N/A,,asphalt,2,1199.1774845131845,50,,0 Years,0,paved,,City,Cul-de-sac,,,WILLIS TURK RD,
01KP4C8DY4MY73AANK5S7FP8YF,{C6BA2465-BE4F-464D-BB46-AAC56357854F},CLEMENTS LN,,N/A,,asphalt,2,179.9839385786977,50,,0 Years,0,paved,,City,Local,,,DALBY PL,
01KP4C8DY4YN58EQBDVVQ808VC,{D500E0A0-9C51-4454-980A-0C607ECDB91D},PINE NEEDLE PL,,N/A,,asphalt,2,271.91471496085717,50,,0 Years,0,paved,,City,Cul-de-sac,,,,
01KP4C8DY6XSQPK50VNVRJ38QQ,{A795F9C7-B051-4567-8EDF-85EC9EEFDAF6},HONEYCRISP ST,,N/A,,asphalt,2,427.3623898786387,50,,0 Years,0,paved,,City,Cul-de-sac,,,FUJI ST,
01KP4C8DY6DWPRNJCXCT1CPM6D,{CDCFBC37-59A8-4CF5-B089-AE509FC9C470},PLUMAGE ST,,N/A,,asphalt,2,686.1979162426363,50,,0 Years,0,paved,,City,Local,,,,SWANN DIVE WAY
01KP4C8DY7TH5MCRAY7036D35Z,{58A43A89-F15F-4476-88D4-4D86622CFFF8},TRUMPETER ST,,N/A,,asphalt,2,465.9302537596528,50,,0 Years,0,paved,,City,Local,,,BLACK SWANN RD,SWANN DIVE WAY
01KP4C8DY8SXZV57NRC5Z0RSF1,{8027C848-7902-4BE0-8170-697B73FE1A4B},TRUMPETER ST,,N/A,,asphalt,2,162.48315310650455,50,,0 Years,0,paved,,City,Local,,,SWANN DIVE WAY,
01KP4C8DY93NFA6DWR7CAZWE8H,{1BC78213-0002-4184-904B-AF1BA0AB9ECA},PEN RD,,N/A,,asphalt,2,263.48977777893367,50,,0 Years,0,paved,,City,Local,,,TRUMPETER ST,COB LN
01KP4C8DY9D4269CETG1PTSMZF,{715F32FD-8AE9-40CC-AFDF-66E5114E1A84},PEN RD,,N/A,,asphalt,2,80.32853358706468,50,,0 Years,0,paved,,City,Local,,,COB LN,
01KP4C8DY9YSCCVMJFXW344BR7,{985FE39C-576F-4CDB-8EEE-D14F01445765},COB LN,,N/A,,asphalt,2,279.9395905611899,50,,0 Years,0,paved,,City,Local,,,BLACK SWANN RD,PEN RD
01KP4C8DYJD29N1NF8QS2KGDQ6,{E331AAE3-9823-4C39-98A4-71C135436618},LEE RD 945,,N/A,,gravel,2,300.1344868567425,30,,0 Years,0,paved,,City,Local,,,MILL CREEK RD,
01KP4C8DYJEVDA295N838KDCSF,{EEE34F7F-E4AD-4B0C-8A12-987B73ED7102},LEE RD 945,,N/A,,gravel,2,726.5328285097869,30,,0 Years,0,paved,,City,Local,,,,